rank,host,core,stage,count,sum_us,max_us,start_us,end_us,aux0,aux1,aux2,aux3
0,rank0,0,kernel_total,1,79.049,79.049,24.329,103.37799072265625,0,0,0,0
0,rank0,0,pack_total,1,22.176,22.176,24.424,46.600006103515625,0,0,0,0
0,rank0,0,pack_input_wait,18,0.407,0.023,24.731,44.746002197265625,184320,0,0,0
0,rank0,0,pack_quantize,18,5.586,0.33,24.826,45.160980224609375,92160,198,0,0
0,rank0,0,pack_tx_publish,18,3.284,0.229,26.218,46.295989990234375,0,18,18,1152
0,rank0,0,receive_total,1,56.409,56.409,46.794,103.2030029296875,0,0,0,0
0,rank0,0,rx_flag_poll_wait,3,43.118,41.288,47.159,98.85000610351562,38,98,80,1078
0,rank0,0,rx_unpack_wait,18,3.128,0.361,88.736,101.99398803710938,95040,0,0,0
0,rank0,0,rx_unpack_dequant_clear,21,1.772,0.176,89.169,102.37298583984375,92160,198,0,0
0,rank0,0,rx_output,3,1.042,0.364,92.232,102.80899047851562,30720,2,1,0
0,rank0,0,start_gate,1,22.008,22.008,2.22,24.227996826171875,0,0,0,0
0,rank0,0,pack_tx_data_submit,18,0.371,0.021,25.248,45.311004638671875,101376,0,0,0
0,rank0,0,pack_first_tx_ready,1,2.128,2.128,24.437,26.56500244140625,0,0,0,0
0,rank0,0,pack_mte3_exposed_wait,18,0.034,0.003,26.13,45.813995361328125,101376,0,0,0
0,rank0,1,kernel_total,1,73.465,73.465,24.612,98.07699584960938,0,0,0,0
0,rank0,1,pack_total,1,22.1,22.1,24.707,46.806976318359375,0,0,0,0
0,rank0,1,pack_input_wait,18,0.407,0.023,25.015,44.936004638671875,184320,0,0,0
0,rank0,1,pack_quantize,18,5.53,0.33,25.109,45.332000732421875,92160,198,0,0
0,rank0,1,pack_tx_publish,18,3.208,0.219,26.486,46.458984375,0,18,18,1152
0,rank0,1,receive_total,1,50.89,50.89,47.016,97.906005859375,0,0,0,0
0,rank0,1,rx_flag_poll_wait,3,37.204,35.295,47.408,93.31997680664062,34,82,64,902
0,rank0,1,rx_unpack_wait,18,3.384,0.365,83.0,96.57998657226562,95040,0,0,0
0,rank0,1,rx_unpack_dequant_clear,21,1.769,0.173,83.438,96.96099853515625,92160,198,0,0
0,rank0,1,rx_output,3,1.01,0.339,86.624,97.38400268554688,30720,2,2,0
0,rank0,1,start_gate,1,23.03,23.03,1.481,24.510986328125,0,0,0,0
0,rank0,1,pack_tx_data_submit,18,0.368,0.021,25.531,45.48199462890625,101376,0,0,0
0,rank0,1,pack_first_tx_ready,1,2.101,2.101,24.72,26.82098388671875,18,0,0,0
0,rank0,1,pack_mte3_exposed_wait,18,0.035,0.003,26.398,45.996002197265625,101376,0,0,0
0,rank0,2,kernel_total,1,73.119,73.119,23.506,96.625,0,0,0,0
0,rank0,2,pack_total,1,21.976,21.976,23.6,45.57598876953125,0,0,0,0
0,rank0,2,pack_input_wait,18,0.402,0.023,23.906,43.64300537109375,184320,0,0,0
0,rank0,2,pack_quantize,18,5.512,0.335,24.005,44.058990478515625,92160,198,0,0
0,rank0,2,pack_tx_publish,18,3.091,0.238,25.412,45.217987060546875,0,18,18,1152
0,rank0,2,receive_total,1,50.663,50.663,45.801,96.4639892578125,0,0,0,0
0,rank0,2,rx_flag_poll_wait,3,36.986,31.562,46.201,91.94699096679688,36,82,64,902
0,rank0,2,rx_unpack_wait,18,3.474,0.365,78.058,95.25299072265625,95040,0,0,0
0,rank0,2,rx_unpack_dequant_clear,21,1.777,0.16,78.495,95.63299560546875,92160,198,0,0
0,rank0,2,rx_output,3,1.043,0.355,81.776,96.07199096679688,30720,3,2,0
0,rank0,2,start_gate,1,20.94,20.94,2.465,23.404998779296875,0,0,0,0
0,rank0,2,pack_tx_data_submit,18,0.369,0.021,24.432,44.2139892578125,101376,0,0,0
0,rank0,2,pack_first_tx_ready,1,2.122,2.122,23.613,25.7349853515625,36,0,0,0
0,rank0,2,pack_mte3_exposed_wait,18,0.032,0.003,25.327,44.718994140625,101376,0,0,0
0,rank0,3,kernel_total,1,72.716,72.716,23.583,96.29898071289062,0,0,0,0
0,rank0,3,pack_total,1,23.159,23.159,23.677,46.83599853515625,0,0,0,0
0,rank0,3,pack_input_wait,19,0.433,0.023,23.983,44.983001708984375,194560,0,0,0
0,rank0,3,pack_quantize,19,5.91,0.337,24.078,45.39898681640625,97280,209,0,0
0,rank0,3,pack_tx_publish,19,3.161,0.235,25.486,46.496002197265625,0,19,19,1216
0,rank0,3,receive_total,1,49.081,49.081,47.047,96.12799072265625,0,0,0,0
0,rank0,3,rx_flag_poll_wait,3,35.045,33.467,47.494,91.2239990234375,35,78,60,858
0,rank0,3,rx_unpack_wait,18,3.66,0.448,81.279,94.822998046875,95040,0,0,0
0,rank0,3,rx_unpack_dequant_clear,21,1.758,0.16,81.704,95.2039794921875,92160,198,0,0
0,rank0,3,rx_output,3,1.049,0.358,84.858,95.6300048828125,30720,2,1,0
0,rank0,3,start_gate,1,22.355,22.355,1.126,23.480987548828125,0,0,0,0
0,rank0,3,pack_tx_data_submit,19,0.391,0.021,24.507,45.54498291015625,107008,0,0,0
0,rank0,3,pack_first_tx_ready,1,2.149,2.149,23.69,25.8389892578125,54,0,0,0
0,rank0,3,pack_mte3_exposed_wait,19,0.038,0.003,25.397,46.139984130859375,107008,0,0,0
0,rank0,4,kernel_total,1,72.316,72.316,23.709,96.02499389648438,0,0,0,0
0,rank0,4,pack_total,1,21.923,21.923,23.803,45.725982666015625,0,0,0,0
0,rank0,4,pack_input_wait,18,0.405,0.023,24.11,43.94097900390625,184320,0,0,0
0,rank0,4,pack_quantize,18,5.586,0.333,24.205,44.342987060546875,92160,198,0,0
0,rank0,4,pack_tx_publish,18,3.077,0.225,25.59,45.423980712890625,0,18,18,1152
0,rank0,4,receive_total,1,49.896,49.896,45.949,95.84500122070312,0,0,0,0
0,rank0,4,rx_flag_poll_wait,3,35.836,34.434,46.377,91.093994140625,34,79,61,869
0,rank0,4,rx_unpack_wait,18,3.7,0.387,81.092,94.53598022460938,95040,0,0,0
0,rank0,4,rx_unpack_dequant_clear,21,1.796,0.18,81.525,94.93197631835938,92160,198,0,0
0,rank0,4,rx_output,3,1.038,0.353,84.747,95.35699462890625,30720,2,2,0
0,rank0,4,start_gate,1,21.749,21.749,1.859,23.608001708984375,0,0,0,0
0,rank0,4,pack_tx_data_submit,18,0.367,0.021,24.63,44.49200439453125,101376,0,0,0
0,rank0,4,pack_first_tx_ready,1,2.122,2.122,23.816,25.93798828125,73,0,0,0
0,rank0,4,pack_mte3_exposed_wait,18,0.037,0.004,25.507,45.09698486328125,101376,0,0,0
0,rank0,5,kernel_total,1,77.976,77.976,23.48,101.45599365234375,0,0,0,0
0,rank0,5,pack_total,1,21.667,21.667,23.575,45.24200439453125,0,0,0,0
0,rank0,5,pack_input_wait,18,0.405,0.023,23.881,43.458984375,184320,0,0,0
0,rank0,5,pack_quantize,18,5.557,0.339,23.976,43.85400390625,92160,198,0,0
0,rank0,5,pack_tx_publish,18,2.853,0.213,25.386,44.933990478515625,0,18,18,1152
0,rank0,5,receive_total,1,55.843,55.843,45.441,101.28399658203125,0,0,0,0
0,rank0,5,rx_flag_poll_wait,3,42.115,40.092,45.803,96.73800659179688,33,97,79,1067
0,rank0,5,rx_unpack_wait,18,3.629,0.401,86.175,100.11199951171875,95040,0,0,0
0,rank0,5,rx_unpack_dequant_clear,21,1.781,0.177,86.585,100.49200439453125,92160,198,0,0
0,rank0,5,rx_output,3,1.008,0.343,89.878,100.9119873046875,30720,0,0,0
0,rank0,5,start_gate,1,20.991,20.991,2.388,23.378997802734375,0,0,0,0
0,rank0,5,pack_tx_data_submit,18,0.368,0.021,24.408,44.011993408203125,101376,0,0,0
0,rank0,5,pack_first_tx_ready,1,2.122,2.122,23.588,25.709991455078125,91,0,0,0
0,rank0,5,pack_mte3_exposed_wait,18,0.032,0.003,25.298,44.60400390625,101376,0,0,0
0,rank0,6,kernel_total,1,73.917,73.917,23.426,97.34298706054688,0,0,0,0
0,rank0,6,pack_total,1,23.54,23.54,23.521,47.061004638671875,0,0,0,0
0,rank0,6,pack_input_wait,19,0.427,0.023,23.827,45.209991455078125,194560,0,0,0
0,rank0,6,pack_quantize,19,5.876,0.327,23.926,45.610992431640625,97280,209,0,0
0,rank0,6,pack_tx_publish,19,3.644,0.329,25.308,46.739990234375,0,19,19,1216
0,rank0,6,receive_total,1,49.927,49.927,47.251,97.177978515625,0,0,0,0
0,rank0,6,rx_flag_poll_wait,3,36.305,32.073,47.644,92.66000366210938,21,84,66,924
0,rank0,6,rx_unpack_wait,18,3.464,0.358,80.013,95.99099731445312,95040,0,0,0
0,rank0,6,rx_unpack_dequant_clear,21,1.761,0.164,80.44,96.37197875976562,92160,198,0,0
0,rank0,6,rx_output,3,1.028,0.352,83.621,96.80099487304688,30720,0,0,0
0,rank0,6,start_gate,1,22.481,22.481,0.844,23.324981689453125,0,0,0,0
0,rank0,6,pack_tx_data_submit,19,0.392,0.021,24.345,45.756988525390625,107008,0,0,0
0,rank0,6,pack_first_tx_ready,1,2.126,2.126,23.533,25.65899658203125,109,0,0,0
0,rank0,6,pack_mte3_exposed_wait,19,0.034,0.003,25.22,46.253997802734375,107008,0,0,0
0,rank0,7,kernel_total,1,70.927,70.927,24.636,95.56298828125,0,0,0,0
0,rank0,7,pack_total,1,22.0,22.0,24.73,46.72998046875,0,0,0,0
0,rank0,7,pack_input_wait,18,0.405,0.023,25.038,44.906982421875,184320,0,0,0
0,rank0,7,pack_quantize,18,5.525,0.328,25.136,45.303985595703125,92160,198,0,0
0,rank0,7,pack_tx_publish,18,3.161,0.227,26.523,46.41400146484375,0,18,18,1152
0,rank0,7,receive_total,1,48.458,48.458,46.939,95.39700317382812,0,0,0,0
0,rank0,7,rx_flag_poll_wait,3,34.56,26.268,47.336,90.63699340820312,31,78,60,858
0,rank0,7,rx_unpack_wait,18,3.65,0.362,73.91,94.10598754882812,95040,0,0,0
0,rank0,7,rx_unpack_dequant_clear,21,1.765,0.165,74.344,94.48699951171875,92160,198,0,0
0,rank0,7,rx_output,3,1.027,0.349,77.275,94.906005859375,30720,0,0,0
0,rank0,7,start_gate,1,23.87,23.87,0.665,24.535003662109375,0,0,0,0
0,rank0,7,pack_tx_data_submit,18,0.368,0.021,25.556,45.4530029296875,101376,0,0,0
0,rank0,7,pack_first_tx_ready,1,2.122,2.122,24.743,26.864990234375,128,0,0,0
0,rank0,7,pack_mte3_exposed_wait,18,0.033,0.003,26.432,45.96099853515625,101376,0,0,0
0,rank0,8,kernel_total,1,74.374,74.374,23.679,98.052978515625,0,0,0,0
0,rank0,8,pack_total,1,22.133,22.133,23.774,45.906982421875,0,0,0,0
0,rank0,8,pack_input_wait,18,0.404,0.023,24.081,44.022003173828125,184320,0,0,0
0,rank0,8,pack_quantize,18,5.584,0.335,24.179,44.427001953125,92160,198,0,0
0,rank0,8,pack_tx_publish,18,3.206,0.239,25.569,45.595001220703125,0,18,18,1152
0,rank0,8,receive_total,1,51.751,51.751,46.114,97.864990234375,0,0,0,0
0,rank0,8,rx_flag_poll_wait,3,37.682,27.238,46.466,92.94000244140625,39,85,67,935
0,rank0,8,rx_unpack_wait,18,3.842,0.397,73.968,96.55398559570312,95040,0,0,0
0,rank0,8,rx_unpack_dequant_clear,21,1.788,0.186,74.364,96.93499755859375,92160,198,0,0
0,rank0,8,rx_output,3,1.043,0.352,77.478,97.36300659179688,30720,2,2,0
0,rank0,8,start_gate,1,21.243,21.243,2.335,23.5780029296875,0,0,0,0
0,rank0,8,pack_tx_data_submit,18,0.373,0.021,24.602,44.576995849609375,101376,0,0,0
0,rank0,8,pack_first_tx_ready,1,2.103,2.103,23.787,25.889984130859375,146,0,0,0
0,rank0,8,pack_mte3_exposed_wait,18,0.033,0.003,25.487,45.1099853515625,101376,0,0,0
0,rank0,9,kernel_total,1,75.562,75.562,24.5,100.06198120117188,0,0,0,0
0,rank0,9,pack_total,1,22.548,22.548,24.594,47.141998291015625,0,0,0,0
0,rank0,9,pack_input_wait,18,0.404,0.023,24.9,45.33599853515625,184320,0,0,0
0,rank0,9,pack_quantize,18,5.711,0.364,24.995,45.733001708984375,92160,198,0,0
0,rank0,9,pack_tx_publish,18,3.523,0.239,26.395,46.8389892578125,0,18,18,1152
0,rank0,9,receive_total,1,52.529,52.529,47.349,99.87799072265625,0,0,0,0
0,rank0,9,rx_flag_poll_wait,3,39.035,34.115,47.703,95.44000244140625,25,90,72,990
0,rank0,9,rx_unpack_wait,18,3.394,0.419,82.087,98.70700073242188,95040,0,0,0
0,rank0,9,rx_unpack_dequant_clear,21,1.78,0.187,82.487,99.08798217773438,92160,198,0,0
0,rank0,9,rx_output,3,1.032,0.351,85.608,99.50997924804688,30720,0,0,0
0,rank0,9,start_gate,1,21.969,21.969,2.43,24.39898681640625,0,0,0,0
0,rank0,9,pack_tx_data_submit,18,0.374,0.021,25.425,45.88299560546875,101376,0,0,0
0,rank0,9,pack_first_tx_ready,1,2.142,2.142,24.607,26.748992919921875,164,0,0,0
0,rank0,9,pack_mte3_exposed_wait,18,0.033,0.004,26.304,46.3909912109375,101376,0,0,0
0,rank0,10,kernel_total,1,73.548,73.548,23.422,96.97000122070312,0,0,0,0
0,rank0,10,pack_total,1,23.843,23.843,23.517,47.3599853515625,0,0,0,0
0,rank0,10,pack_input_wait,19,0.421,0.023,23.822,45.503997802734375,194560,0,0,0
0,rank0,10,pack_quantize,19,5.953,0.361,23.921,45.91497802734375,97280,209,0,0
0,rank0,10,pack_tx_publish,19,3.93,0.257,25.32,47.050994873046875,0,19,19,1216
0,rank0,10,receive_total,1,49.235,49.235,47.558,96.79299926757812,0,0,0,0
0,rank0,10,rx_flag_poll_wait,3,35.46,34.088,47.916,92.15899658203125,30,81,63,891
0,rank0,10,rx_unpack_wait,18,3.723,0.514,82.268,95.6099853515625,95040,0,0,0
0,rank0,10,rx_unpack_dequant_clear,21,1.771,0.177,82.702,95.99200439453125,92160,198,0,0
0,rank0,10,rx_output,3,1.016,0.348,85.892,96.42300415039062,30720,0,0,0
0,rank0,10,start_gate,1,21.667,21.667,1.654,23.32098388671875,0,0,0,0
0,rank0,10,pack_tx_data_submit,19,0.394,0.021,24.351,46.061004638671875,107008,0,0,0
0,rank0,10,pack_first_tx_ready,1,2.14,2.14,23.53,25.66998291015625,182,0,0,0
0,rank0,10,pack_mte3_exposed_wait,19,0.037,0.003,25.228,46.694976806640625,107008,0,0,0
0,rank0,11,kernel_total,1,73.042,73.042,23.55,96.59197998046875,0,0,0,0
0,rank0,11,pack_total,1,22.354,22.354,23.644,45.99798583984375,0,0,0,0
0,rank0,11,pack_input_wait,18,0.404,0.023,23.95,44.188995361328125,184320,0,0,0
0,rank0,11,pack_quantize,18,5.649,0.373,24.048,44.584991455078125,92160,198,0,0
0,rank0,11,pack_tx_publish,18,3.37,0.32,25.441,45.686004638671875,0,18,18,1152
0,rank0,11,receive_total,1,50.209,50.209,46.201,96.41000366210938,0,0,0,0
0,rank0,11,rx_flag_poll_wait,3,36.488,34.155,46.594,91.81298828125,25,84,66,924
0,rank0,11,rx_unpack_wait,18,3.516,0.434,81.014,95.11300659179688,95040,0,0,0
0,rank0,11,rx_unpack_dequant_clear,21,1.772,0.177,81.42,95.49398803710938,92160,198,0,0
0,rank0,11,rx_output,3,1.039,0.351,84.514,95.927978515625,30720,2,2,0
0,rank0,11,start_gate,1,22.671,22.671,0.777,23.447998046875,0,0,0,0
0,rank0,11,pack_tx_data_submit,18,0.371,0.021,24.479,44.735992431640625,101376,0,0,0
0,rank0,11,pack_first_tx_ready,1,2.16,2.16,23.657,25.816986083984375,201,0,0,0
0,rank0,11,pack_mte3_exposed_wait,18,0.034,0.003,25.355,45.343994140625,101376,0,0,0
0,rank0,12,kernel_total,1,75.838,75.838,24.345,100.1829833984375,0,0,0,0
0,rank0,12,pack_total,1,22.262,22.262,24.439,46.70098876953125,0,0,0,0
0,rank0,12,pack_input_wait,18,0.407,0.023,24.745,44.822998046875,184320,0,0,0
0,rank0,12,pack_quantize,18,5.538,0.338,24.843,45.220001220703125,92160,198,0,0
0,rank0,12,pack_tx_publish,18,3.41,0.31,26.243,46.394989013671875,0,18,18,1152
0,rank0,12,receive_total,1,53.093,53.093,46.911,100.00399780273438,0,0,0,0
0,rank0,12,rx_flag_poll_wait,3,39.72,38.067,47.312,95.70098876953125,34,91,73,1001
0,rank0,12,rx_unpack_wait,18,3.25,0.412,85.662,98.84500122070312,95040,0,0,0
0,rank0,12,rx_unpack_dequant_clear,21,1.779,0.171,86.146,99.22698974609375,92160,198,0,0
0,rank0,12,rx_output,3,1.009,0.339,89.256,99.64498901367188,30720,1,1,0
0,rank0,12,start_gate,1,22.126,22.126,2.118,24.243988037109375,0,0,0,0
0,rank0,12,pack_tx_data_submit,18,0.375,0.021,25.273,45.368988037109375,101376,0,0,0
0,rank0,12,pack_first_tx_ready,1,2.135,2.135,24.452,26.587005615234375,219,0,0,0
0,rank0,12,pack_mte3_exposed_wait,18,0.035,0.004,26.16,45.98199462890625,101376,0,0,0
0,rank0,13,kernel_total,1,69.715,69.715,24.425,94.13998413085938,0,0,0,0
0,rank0,13,pack_total,1,23.488,23.488,24.519,48.006988525390625,0,0,0,0
0,rank0,13,pack_input_wait,19,0.426,0.023,24.825,46.173004150390625,194560,0,0,0
0,rank0,13,pack_quantize,19,5.86,0.329,24.923,46.5889892578125,97280,209,0,0
0,rank0,13,pack_tx_publish,19,3.653,0.243,26.318,47.694976806640625,0,19,19,1216
0,rank0,13,receive_total,1,45.745,45.745,48.216,93.96099853515625,0,0,0,0
0,rank0,13,rx_flag_poll_wait,3,31.916,29.103,48.606,89.36300659179688,22,74,56,814
0,rank0,13,rx_unpack_wait,18,3.616,0.4,77.994,92.67098999023438,95040,0,0,0
0,rank0,13,rx_unpack_dequant_clear,21,1.767,0.167,78.466,93.05499267578125,92160,198,0,0
0,rank0,13,rx_output,3,1.015,0.351,81.692,93.489990234375,30720,2,2,0
0,rank0,13,start_gate,1,23.426,23.426,0.897,24.322998046875,0,0,0,0
0,rank0,13,pack_tx_data_submit,19,0.39,0.021,25.344,46.733978271484375,107008,0,0,0
0,rank0,13,pack_first_tx_ready,1,2.153,2.153,24.532,26.68499755859375,237,0,0,0
0,rank0,13,pack_mte3_exposed_wait,19,0.037,0.003,26.232,47.24298095703125,107008,0,0,0
0,rank0,14,kernel_total,1,71.399,71.399,24.663,96.06198120117188,0,0,0,0
0,rank0,14,pack_total,1,22.123,22.123,24.758,46.8809814453125,0,0,0,0
0,rank0,14,pack_input_wait,18,0.405,0.023,25.132,44.910003662109375,184320,0,0,0
0,rank0,14,pack_quantize,18,5.608,0.358,25.226,45.324005126953125,92160,198,0,0
0,rank0,14,pack_tx_publish,18,2.943,0.217,26.624,46.532989501953125,0,18,18,1152
0,rank0,14,receive_total,1,48.803,48.803,47.086,95.88897705078125,0,0,0,0
0,rank0,14,rx_flag_poll_wait,3,34.737,32.202,47.527,91.14700317382812,29,78,60,858
0,rank0,14,rx_unpack_wait,18,3.814,0.49,80.052,94.61798095703125,95040,0,0,0
0,rank0,14,rx_unpack_dequant_clear,21,1.764,0.169,80.467,94.99798583984375,92160,198,0,0
0,rank0,14,rx_output,3,1.011,0.338,83.665,95.41900634765625,30720,0,0,0
0,rank0,14,start_gate,1,22.039,22.039,2.524,24.56298828125,0,0,0,0
0,rank0,14,pack_tx_data_submit,18,0.37,0.021,25.649,45.475006103515625,101376,0,0,0
0,rank0,14,pack_first_tx_ready,1,2.18,2.18,24.771,26.95098876953125,256,0,0,0
0,rank0,14,pack_mte3_exposed_wait,18,0.037,0.004,26.536,45.977996826171875,101376,0,0,0
0,rank0,15,kernel_total,1,76.371,76.371,23.529,99.89999389648438,0,0,0,0
0,rank0,15,pack_total,1,21.825,21.825,23.623,45.447998046875,0,0,0,0
0,rank0,15,pack_input_wait,18,0.404,0.023,23.929,43.625,184320,0,0,0
0,rank0,15,pack_quantize,18,5.576,0.338,24.028,44.06298828125,92160,198,0,0
0,rank0,15,pack_tx_publish,18,2.972,0.218,25.42,45.139984130859375,0,18,18,1152
0,rank0,15,receive_total,1,54.083,54.083,45.642,99.72500610351562,0,0,0,0
0,rank0,15,rx_flag_poll_wait,3,40.446,36.356,46.04,95.35699462890625,34,91,73,1001
0,rank0,15,rx_unpack_wait,18,3.55,0.433,82.682,98.552978515625,95040,0,0,0
0,rank0,15,rx_unpack_dequant_clear,21,1.761,0.156,83.123,98.93399047851562,92160,198,0,0
0,rank0,15,rx_output,3,1.037,0.347,86.415,99.36398315429688,30720,1,1,0
0,rank0,15,start_gate,1,21.472,21.472,1.956,23.427978515625,0,0,0,0
0,rank0,15,pack_tx_data_submit,18,0.372,0.021,24.45,44.2239990234375,101376,0,0,0
0,rank0,15,pack_first_tx_ready,1,2.126,2.126,23.636,25.761993408203125,274,0,0,0
0,rank0,15,pack_mte3_exposed_wait,18,0.031,0.004,25.338,44.712005615234375,101376,0,0,0
0,rank0,16,kernel_total,1,75.318,75.318,23.603,98.92098999023438,0,0,0,0
0,rank0,16,pack_total,1,21.863,21.863,23.697,45.55999755859375,0,0,0,0
0,rank0,16,pack_input_wait,18,0.407,0.023,24.004,43.7239990234375,184320,0,0,0
0,rank0,16,pack_quantize,18,5.481,0.33,24.103,44.118988037109375,92160,198,0,0
0,rank0,16,pack_tx_publish,18,3.0,0.218,25.508,45.2139892578125,0,18,18,1152
0,rank0,16,receive_total,1,52.957,52.957,45.785,98.74200439453125,0,0,0,0
0,rank0,16,rx_flag_poll_wait,3,39.658,38.248,46.182,94.36700439453125,48,88,70,968
0,rank0,16,rx_unpack_wait,18,3.189,0.339,84.712,97.58700561523438,95040,0,0,0
0,rank0,16,rx_unpack_dequant_clear,21,1.774,0.171,85.103,97.968994140625,92160,198,0,0
0,rank0,16,rx_output,3,1.022,0.344,88.181,98.3909912109375,30720,0,0,0
0,rank0,16,start_gate,1,21.713,21.713,1.788,23.5009765625,0,0,0,0
0,rank0,16,pack_tx_data_submit,18,0.37,0.021,24.524,44.26898193359375,101376,0,0,0
0,rank0,16,pack_first_tx_ready,1,2.134,2.134,23.709,25.842987060546875,292,0,0,0
0,rank0,16,pack_mte3_exposed_wait,18,0.036,0.004,25.422,44.7550048828125,101376,0,0,0
0,rank0,17,kernel_total,1,72.197,72.197,24.344,96.54098510742188,0,0,0,0
0,rank0,17,pack_total,1,23.264,23.264,24.438,47.701995849609375,0,0,0,0
0,rank0,17,pack_input_wait,19,0.427,0.023,24.743,45.864990234375,194560,0,0,0
0,rank0,17,pack_quantize,19,5.846,0.35,24.837,46.27099609375,97280,209,0,0
0,rank0,17,pack_tx_publish,19,3.426,0.24,26.256,47.391998291015625,0,19,19,1216
0,rank0,17,receive_total,1,48.443,48.443,47.914,96.35699462890625,0,0,0,0
0,rank0,17,rx_flag_poll_wait,3,34.44,32.006,48.301,91.8280029296875,21,80,62,880
0,rank0,17,rx_unpack_wait,18,3.684,0.419,80.594,95.0889892578125,95040,0,0,0
0,rank0,17,rx_unpack_dequant_clear,21,1.779,0.172,81.027,95.468994140625,92160,198,0,0
0,rank0,17,rx_output,3,1.027,0.346,84.298,95.89199829101562,30720,0,0,0
0,rank0,17,start_gate,1,23.653,23.653,0.589,24.24200439453125,0,0,0,0
0,rank0,17,pack_tx_data_submit,19,0.39,0.021,25.279,46.41900634765625,107008,0,0,0
0,rank0,17,pack_first_tx_ready,1,2.143,2.143,24.451,26.593994140625,310,0,0,0
0,rank0,17,pack_mte3_exposed_wait,19,0.033,0.003,26.174,47.037994384765625,107008,0,0,0
0,rank0,18,kernel_total,1,76.071,76.071,23.403,99.4739990234375,0,0,0,0
0,rank0,18,pack_total,1,22.152,22.152,23.498,45.649993896484375,0,0,0,0
0,rank0,18,pack_input_wait,18,0.401,0.023,23.804,43.738983154296875,184320,0,0,0
0,rank0,18,pack_quantize,18,5.527,0.344,23.898,44.178985595703125,92160,198,0,0
0,rank0,18,pack_tx_publish,18,3.28,0.238,25.307,45.2919921875,0,18,18,1152
0,rank0,18,receive_total,1,53.428,53.428,45.873,99.30099487304688,0,0,0,0
0,rank0,18,rx_flag_poll_wait,3,40.016,27.708,46.306,94.71099853515625,32,90,72,990
0,rank0,18,rx_unpack_wait,18,3.127,0.385,74.299,98.031982421875,95040,0,0,0
0,rank0,18,rx_unpack_dequant_clear,21,1.763,0.159,74.851,98.41299438476562,92160,198,0,0
0,rank0,18,rx_output,3,1.002,0.336,77.794,98.83200073242188,30720,0,0,0
0,rank0,18,start_gate,1,20.931,20.931,2.371,23.302001953125,0,0,0,0
0,rank0,18,pack_tx_data_submit,18,0.368,0.021,24.334,44.3280029296875,101376,0,0,0
0,rank0,18,pack_first_tx_ready,1,2.148,2.148,23.51,25.657989501953125,329,0,0,0
0,rank0,18,pack_mte3_exposed_wait,18,0.031,0.003,25.221,44.938995361328125,101376,0,0,0
0,rank0,19,kernel_total,1,76.324,76.324,23.427,99.7509765625,0,0,0,0
0,rank0,19,pack_total,1,22.0,22.0,23.521,45.52099609375,0,0,0,0
0,rank0,19,pack_input_wait,18,0.404,0.023,23.827,43.720001220703125,184320,0,0,0
0,rank0,19,pack_quantize,18,5.703,0.356,23.926,44.121002197265625,92160,198,0,0
0,rank0,19,pack_tx_publish,18,3.079,0.227,25.352,45.2139892578125,0,18,18,1152
0,rank0,19,receive_total,1,53.854,53.854,45.718,99.57199096679688,0,0,0,0
0,rank0,19,rx_flag_poll_wait,3,40.411,36.154,46.113,95.11199951171875,33,92,74,1012
0,rank0,19,rx_unpack_wait,18,3.282,0.335,82.551,98.41799926757812,95040,0,0,0
0,rank0,19,rx_unpack_dequant_clear,21,1.764,0.163,83.054,98.79898071289062,92160,198,0,0
0,rank0,19,rx_output,3,1.022,0.342,86.124,99.2239990234375,30720,2,2,0
0,rank0,19,start_gate,1,20.694,20.694,2.631,23.324981689453125,0,0,0,0
0,rank0,19,pack_tx_data_submit,18,0.367,0.021,24.374,44.27899169921875,101376,0,0,0
0,rank0,19,pack_first_tx_ready,1,2.169,2.169,23.534,25.7030029296875,347,0,0,0
0,rank0,19,pack_mte3_exposed_wait,18,0.036,0.003,25.27,44.873992919921875,101376,0,0,0
0,rank0,20,kernel_total,1,84.711,84.711,24.47,109.18099975585938,0,0,0,0
0,rank0,20,pack_total,1,23.217,23.217,24.565,47.781982421875,0,0,0,0
0,rank0,20,pack_input_wait,19,0.432,0.023,24.871,45.959991455078125,194560,0,0,0
0,rank0,20,pack_quantize,19,5.804,0.33,24.97,46.364990234375,97280,209,0,0
0,rank0,20,pack_tx_publish,19,3.462,0.242,26.36,47.472991943359375,0,19,19,1216
0,rank0,20,receive_total,1,60.998,60.998,47.999,108.99697875976562,0,0,0,0
0,rank0,20,rx_flag_poll_wait,4,43.421,38.562,48.38,104.73800659179688,35,100,76,1100
0,rank0,20,rx_unpack_wait,24,4.095,0.352,87.224,107.79598999023438,126720,0,0,0
0,rank0,20,rx_unpack_dequant_clear,28,2.34,0.177,87.715,108.17599487304688,122880,264,0,0
0,rank0,20,rx_output,4,1.373,0.35,90.832,108.60098266601562,40960,2,2,0
0,rank0,20,start_gate,1,21.693,21.693,2.676,24.368988037109375,0,0,0,0
0,rank0,20,pack_tx_data_submit,19,0.389,0.021,25.392,46.510986328125,107008,0,0,0
0,rank0,20,pack_first_tx_ready,1,2.135,2.135,24.578,26.712982177734375,365,0,0,0
0,rank0,20,pack_mte3_exposed_wait,19,0.034,0.003,26.277,47.02398681640625,107008,0,0,0
0,rank0,21,kernel_total,1,70.192,70.192,24.687,94.87899780273438,0,0,0,0
0,rank0,21,pack_total,1,22.226,22.226,24.782,47.00799560546875,0,0,0,0
0,rank0,21,pack_input_wait,18,0.406,0.023,25.089,45.113006591796875,184320,0,0,0
0,rank0,21,pack_quantize,18,5.515,0.339,25.183,45.51300048828125,92160,198,0,0
0,rank0,21,pack_tx_publish,18,3.419,0.244,26.583,46.675994873046875,0,18,18,1152
0,rank0,21,receive_total,1,47.46,47.46,47.225,94.68499755859375,0,0,0,0
0,rank0,21,rx_flag_poll_wait,3,33.47,29.538,47.618,90.11599731445312,28,72,54,792
0,rank0,21,rx_unpack_wait,18,3.783,0.44,77.439,93.41900634765625,95040,0,0,0
0,rank0,21,rx_unpack_dequant_clear,21,1.767,0.171,77.951,93.79800415039062,92160,198,0,0
0,rank0,21,rx_output,3,1.017,0.345,81.249,94.22000122070312,30720,2,2,0
0,rank0,21,start_gate,1,22.017,22.017,2.569,24.58599853515625,0,0,0,0
0,rank0,21,pack_tx_data_submit,18,0.369,0.021,25.614,45.662994384765625,101376,0,0,0
0,rank0,21,pack_first_tx_ready,1,2.149,2.149,24.795,26.944000244140625,384,0,0,0
0,rank0,21,pack_mte3_exposed_wait,18,0.038,0.004,26.495,46.25799560546875,101376,0,0,0
0,rank0,22,kernel_total,1,78.898,78.898,24.345,103.24298095703125,0,0,0,0
0,rank0,22,pack_total,1,22.024,22.024,24.439,46.462982177734375,0,0,0,0
0,rank0,22,pack_input_wait,18,0.404,0.023,24.813,44.725006103515625,184320,0,0,0
0,rank0,22,pack_quantize,18,5.534,0.329,24.907,45.139984130859375,92160,198,0,0
0,rank0,22,pack_tx_publish,18,3.097,0.226,26.304,46.15399169921875,0,18,18,1152
0,rank0,22,receive_total,1,56.398,56.398,46.666,103.06399536132812,0,0,0,0
0,rank0,22,rx_flag_poll_wait,3,43.0,40.837,47.067,98.75198364257812,41,99,81,1089
0,rank0,22,rx_unpack_wait,18,3.271,0.417,88.184,101.91900634765625,95040,0,0,0
0,rank0,22,rx_unpack_dequant_clear,21,1.753,0.162,88.763,102.29898071289062,92160,198,0,0
0,rank0,22,rx_output,3,0.996,0.334,91.856,102.71298217773438,30720,1,1,0
0,rank0,22,start_gate,1,22.318,22.318,1.925,24.24298095703125,0,0,0,0
0,rank0,22,pack_tx_data_submit,18,0.37,0.021,25.328,45.28997802734375,101376,0,0,0
0,rank0,22,pack_first_tx_ready,1,2.193,2.193,24.451,26.64398193359375,402,0,0,0
0,rank0,22,pack_mte3_exposed_wait,18,0.035,0.003,26.216,45.803985595703125,101376,0,0,0
0,rank0,23,kernel_total,1,73.331,73.331,24.576,97.906982421875,0,0,0,0
0,rank0,23,pack_total,1,22.29,22.29,24.67,46.959991455078125,0,0,0,0
0,rank0,23,pack_input_wait,18,0.402,0.023,24.977,44.962982177734375,184320,0,0,0
0,rank0,23,pack_quantize,18,5.61,0.338,25.073,45.385986328125,92160,198,0,0
0,rank0,23,pack_tx_publish,18,3.369,0.23,26.471,46.652984619140625,0,18,18,1152
0,rank0,23,receive_total,1,50.56,50.56,47.163,97.72299194335938,0,0,0,0
0,rank0,23,rx_flag_poll_wait,3,36.956,33.01,47.572,93.1259765625,26,86,68,946
0,rank0,23,rx_unpack_wait,18,3.407,0.401,80.867,96.44699096679688,95040,0,0,0
0,rank0,23,rx_unpack_dequant_clear,21,1.768,0.163,81.265,96.8289794921875,92160,198,0,0
0,rank0,23,rx_output,3,1.02,0.342,84.377,97.25198364257812,30720,1,1,0
0,rank0,23,start_gate,1,23.289,23.289,1.186,24.475006103515625,0,0,0,0
0,rank0,23,pack_tx_data_submit,18,0.37,0.021,25.499,45.53399658203125,101376,0,0,0
0,rank0,23,pack_first_tx_ready,1,2.123,2.123,24.683,26.805999755859375,420,0,0,0
0,rank0,23,pack_mte3_exposed_wait,18,0.034,0.004,26.388,46.147979736328125,101376,0,0,0
0,rank0,24,kernel_total,1,75.762,75.762,24.553,100.31500244140625,0,0,0,0
0,rank0,24,pack_total,1,23.084,23.084,24.648,47.73199462890625,0,0,0,0
0,rank0,24,pack_input_wait,19,0.429,0.023,24.955,45.906982421875,194560,0,0,0
0,rank0,24,pack_quantize,19,5.839,0.335,25.05,46.324981689453125,97280,209,0,0
0,rank0,24,pack_tx_publish,19,3.2,0.233,26.434,47.4119873046875,0,19,19,1216
0,rank0,24,receive_total,1,52.201,52.201,47.94,100.1409912109375,0,0,0,0
0,rank0,24,rx_flag_poll_wait,3,38.886,37.185,48.419,95.79598999023438,38,91,73,1001
0,rank0,24,rx_unpack_wait,18,3.075,0.367,85.917,98.97900390625,95040,0,0,0
0,rank0,24,rx_unpack_dequant_clear,21,1.78,0.171,86.348,99.3599853515625,92160,198,0,0
0,rank0,24,rx_output,3,1.028,0.352,89.464,99.77899169921875,30720,1,1,0
0,rank0,24,start_gate,1,23.501,23.501,0.951,24.451995849609375,0,0,0,0
0,rank0,24,pack_tx_data_submit,19,0.391,0.021,25.477,46.470977783203125,107008,0,0,0
0,rank0,24,pack_first_tx_ready,1,2.123,2.123,24.661,26.78399658203125,438,0,0,0
0,rank0,24,pack_mte3_exposed_wait,19,0.038,0.003,26.347,47.069976806640625,107008,0,0,0
0,rank0,25,kernel_total,1,67.0,67.0,24.452,91.45199584960938,0,0,0,0
0,rank0,25,pack_total,1,21.676,21.676,24.546,46.22198486328125,0,0,0,0
0,rank0,25,pack_input_wait,18,0.406,0.023,24.853,44.425994873046875,184320,0,0,0
0,rank0,25,pack_quantize,18,5.54,0.338,24.947,44.822998046875,92160,198,0,0
0,rank0,25,pack_tx_publish,18,2.91,0.216,26.335,45.910003662109375,0,18,18,1152
0,rank0,25,receive_total,1,44.843,44.843,46.43,91.27297973632812,0,0,0,0
0,rank0,25,rx_flag_poll_wait,3,30.687,23.934,46.847,86.35699462890625,16,71,53,781
0,rank0,25,rx_unpack_wait,18,3.901,0.468,71.085,89.99398803710938,95040,0,0,0
0,rank0,25,rx_unpack_dequant_clear,21,1.772,0.17,71.625,90.375,92160,198,0,0
0,rank0,25,rx_output,3,1.024,0.349,74.661,90.802001953125,30720,2,2,0
0,rank0,25,start_gate,1,23.471,23.471,0.88,24.350982666015625,0,0,0,0
0,rank0,25,pack_tx_data_submit,18,0.371,0.021,25.377,44.97198486328125,101376,0,0,0
0,rank0,25,pack_first_tx_ready,1,2.108,2.108,24.559,26.6669921875,457,0,0,0
0,rank0,25,pack_mte3_exposed_wait,18,0.035,0.003,26.247,45.569000244140625,101376,0,0,0
0,rank0,26,kernel_total,1,62.452,62.452,24.372,86.82400512695312,0,0,0,0
0,rank0,26,pack_total,1,21.474,21.474,24.467,45.94097900390625,0,0,0,0
0,rank0,26,pack_input_wait,18,0.399,0.023,24.774,44.16497802734375,184320,0,0,0
0,rank0,26,pack_quantize,18,5.55,0.333,24.872,44.566986083984375,92160,198,0,0
0,rank0,26,pack_tx_publish,18,2.694,0.21,26.274,45.61798095703125,0,18,18,1152
0,rank0,26,receive_total,1,40.508,40.508,46.14,86.64797973632812,0,0,0,0
0,rank0,26,rx_flag_poll_wait,3,27.14,22.793,46.555,82.093994140625,18,61,43,671
0,rank0,26,rx_unpack_wait,18,3.14,0.361,69.647,85.37100219726562,95040,0,0,0
0,rank0,26,rx_unpack_dequant_clear,21,1.762,0.166,70.031,85.75198364257812,92160,198,0,0
0,rank0,26,rx_output,3,1.017,0.343,73.027,86.177978515625,30720,2,2,0
0,rank0,26,start_gate,1,22.195,22.195,2.076,24.27099609375,0,0,0,0
0,rank0,26,pack_tx_data_submit,18,0.37,0.021,25.297,44.71697998046875,101376,0,0,0
0,rank0,26,pack_first_tx_ready,1,2.127,2.127,24.48,26.60699462890625,475,0,0,0
0,rank0,26,pack_mte3_exposed_wait,18,0.036,0.003,26.186,45.29998779296875,101376,0,0,0
0,rank0,27,kernel_total,1,67.93,67.93,23.452,91.38198852539062,0,0,0,0
0,rank0,27,pack_total,1,23.231,23.231,23.547,46.777984619140625,0,0,0,0
0,rank0,27,pack_input_wait,19,0.425,0.023,23.853,44.90899658203125,194560,0,0,0
0,rank0,27,pack_quantize,19,5.858,0.327,23.948,45.316986083984375,97280,209,0,0
0,rank0,27,pack_tx_publish,19,3.34,0.233,25.342,46.462982177734375,0,19,19,1216
0,rank0,27,receive_total,1,44.232,44.232,46.978,91.20999145507812,0,0,0,0
0,rank0,27,rx_flag_poll_wait,3,30.251,15.304,47.464,86.47198486328125,24,71,53,781
0,rank0,27,rx_unpack_wait,18,3.754,0.37,61.907,90.0050048828125,95040,0,0,0
0,rank0,27,rx_unpack_dequant_clear,21,1.761,0.166,62.348,90.385986328125,92160,198,0,0
0,rank0,27,rx_output,3,1.035,0.351,65.488,90.81399536132812,30720,2,2,0
0,rank0,27,start_gate,1,21.091,21.091,2.26,23.350982666015625,0,0,0,0
0,rank0,27,pack_tx_data_submit,19,0.391,0.021,24.368,45.462982177734375,107008,0,0,0
0,rank0,27,pack_first_tx_ready,1,2.136,2.136,23.56,25.69598388671875,493,0,0,0
0,rank0,27,pack_mte3_exposed_wait,19,0.036,0.003,25.254,46.066986083984375,107008,0,0,0
0,rank0,28,kernel_total,1,75.278,75.278,24.394,99.6719970703125,0,0,0,0
0,rank0,28,pack_total,1,21.896,21.896,24.488,46.384002685546875,0,0,0,0
0,rank0,28,pack_input_wait,18,0.407,0.023,24.792,44.71697998046875,184320,0,0,0
0,rank0,28,pack_quantize,18,5.594,0.361,24.887,45.128997802734375,92160,198,0,0
0,rank0,28,pack_tx_publish,18,3.06,0.232,26.318,46.079986572265625,0,18,18,1152
0,rank0,28,receive_total,1,52.875,52.875,46.603,99.47799682617188,0,0,0,0
0,rank0,28,rx_flag_poll_wait,3,39.338,36.534,47.038,95.05899047851562,24,93,75,1023
0,rank0,28,rx_unpack_wait,18,3.16,0.325,83.873,98.21697998046875,95040,0,0,0
0,rank0,28,rx_unpack_dequant_clear,21,1.787,0.18,84.258,98.59698486328125,92160,198,0,0
0,rank0,28,rx_output,3,1.034,0.348,87.585,99.02899169921875,30720,0,0,0
0,rank0,28,start_gate,1,22.613,22.613,1.68,24.292999267578125,0,0,0,0
0,rank0,28,pack_tx_data_submit,18,0.374,0.021,25.34,45.27899169921875,101376,0,0,0
0,rank0,28,pack_first_tx_ready,1,2.173,2.173,24.501,26.673980712890625,512,0,0,0
0,rank0,28,pack_mte3_exposed_wait,18,0.032,0.003,26.232,45.769989013671875,101376,0,0,0
0,rank0,29,kernel_total,1,76.153,76.153,23.652,99.80499267578125,0,0,0,0
0,rank0,29,pack_total,1,21.956,21.956,23.747,45.7030029296875,0,0,0,0
0,rank0,29,pack_input_wait,18,0.406,0.023,24.054,43.76397705078125,184320,0,0,0
0,rank0,29,pack_quantize,18,5.505,0.334,24.148,44.160003662109375,92160,198,0,0
0,rank0,29,pack_tx_publish,18,3.095,0.283,25.558,45.308990478515625,0,18,18,1152
0,rank0,29,receive_total,1,53.695,53.695,45.92,99.614990234375,0,0,0,0
0,rank0,29,rx_flag_poll_wait,3,40.388,32.156,46.349,95.333984375,31,94,76,1034
0,rank0,29,rx_unpack_wait,18,3.171,0.49,78.79,98.46499633789062,95040,0,0,0
0,rank0,29,rx_unpack_dequant_clear,21,1.786,0.181,79.353,98.84698486328125,92160,198,0,0
0,rank0,29,rx_output,3,1.026,0.345,82.314,99.27099609375,30720,1,1,0
0,rank0,29,start_gate,1,21.662,21.662,1.888,23.54998779296875,0,0,0,0
0,rank0,29,pack_tx_data_submit,18,0.373,0.021,24.574,44.30999755859375,101376,0,0,0
0,rank0,29,pack_first_tx_ready,1,2.128,2.128,23.76,25.88800048828125,530,0,0,0
0,rank0,29,pack_mte3_exposed_wait,18,0.033,0.003,25.473,44.819000244140625,101376,0,0,0
0,rank0,30,kernel_total,1,79.392,79.392,23.625,103.01699829101562,0,0,0,0
0,rank0,30,pack_total,1,21.902,21.902,23.719,45.621002197265625,0,0,0,0
0,rank0,30,pack_input_wait,18,0.404,0.023,24.025,43.855987548828125,184320,0,0,0
0,rank0,30,pack_quantize,18,5.519,0.333,24.12,44.251983642578125,92160,198,0,0
0,rank0,30,pack_tx_publish,18,3.006,0.23,25.503,45.25299072265625,0,18,18,1152
0,rank0,30,receive_total,1,56.98,56.98,45.849,102.8289794921875,0,0,0,0
0,rank0,30,rx_flag_poll_wait,3,43.79,42.109,46.273,98.50799560546875,30,106,88,1166
0,rank0,30,rx_unpack_wait,18,2.977,0.369,88.693,101.67098999023438,95040,0,0,0
0,rank0,30,rx_unpack_dequant_clear,21,1.787,0.171,89.123,102.052001953125,92160,198,0,0
0,rank0,30,rx_output,3,1.005,0.341,92.233,102.47598266601562,30720,0,0,0
0,rank0,30,start_gate,1,21.197,21.197,2.327,23.52398681640625,0,0,0,0
0,rank0,30,pack_tx_data_submit,18,0.37,0.021,24.539,44.4010009765625,101376,0,0,0
0,rank0,30,pack_first_tx_ready,1,2.105,2.105,23.732,25.837005615234375,548,0,0,0
0,rank0,30,pack_mte3_exposed_wait,18,0.035,0.003,25.416,44.902984619140625,101376,0,0,0
0,rank0,31,kernel_total,1,71.247,71.247,24.521,95.76800537109375,0,0,0,0
0,rank0,31,pack_total,1,23.241,23.241,24.615,47.855987548828125,0,0,0,0
0,rank0,31,pack_input_wait,19,0.425,0.023,24.921,46.032989501953125,194560,0,0,0
0,rank0,31,pack_quantize,19,5.83,0.326,25.019,46.446990966796875,97280,209,0,0
0,rank0,31,pack_tx_publish,19,3.434,0.239,26.393,47.552001953125,0,19,19,1216
0,rank0,31,receive_total,1,47.518,47.518,48.065,95.58297729492188,0,0,0,0
0,rank0,31,rx_flag_poll_wait,3,33.893,32.123,48.477,91.2030029296875,36,76,58,836
0,rank0,31,rx_unpack_wait,18,3.335,0.352,80.928,94.333984375,95040,0,0,0
0,rank0,31,rx_unpack_dequant_clear,21,1.777,0.174,81.347,94.71600341796875,92160,198,0,0
0,rank0,31,rx_output,3,1.01,0.348,84.284,95.12698364257812,30720,3,2,0
0,rank0,31,start_gate,1,22.701,22.701,1.719,24.41998291015625,0,0,0,0
0,rank0,31,pack_tx_data_submit,19,0.391,0.021,25.437,46.592987060546875,107008,0,0,0
0,rank0,31,pack_first_tx_ready,1,2.119,2.119,24.628,26.746978759765625,566,0,0,0
0,rank0,31,pack_mte3_exposed_wait,19,0.033,0.003,26.31,47.214996337890625,107008,0,0,0
0,rank0,32,kernel_total,1,68.38,68.38,23.155,91.53500366210938,0,0,0,0
0,rank0,32,pack_total,1,21.032,21.032,23.25,44.281982421875,0,0,0,0
0,rank0,32,pack_input_wait,18,0.405,0.023,23.556,42.574005126953125,184320,0,0,0
0,rank0,32,pack_quantize,18,5.535,0.323,23.654,42.975982666015625,92160,198,0,0
0,rank0,32,pack_tx_publish,18,2.242,0.129,25.038,43.97998046875,0,18,18,1152
0,rank0,32,receive_total,1,46.847,46.847,44.495,91.34197998046875,0,0,0,0
0,rank0,32,rx_flag_poll_wait,3,33.162,26.155,44.909,86.60299682617188,20,74,56,814
0,rank0,32,rx_unpack_wait,18,3.535,0.406,71.37,90.1929931640625,95040,0,0,0
0,rank0,32,rx_unpack_dequant_clear,21,1.776,0.175,71.848,90.57400512695312,92160,198,0,0
0,rank0,32,rx_output,3,1.005,0.342,74.907,90.99899291992188,30720,1,1,0
0,rank0,32,start_gate,1,21.476,21.476,1.577,23.052978515625,0,0,0,0
0,rank0,32,pack_tx_data_submit,18,0.369,0.021,24.07,43.1259765625,101376,0,0,0
0,rank0,32,pack_first_tx_ready,1,2.032,2.032,23.262,25.29400634765625,585,0,0,0
0,rank0,32,pack_mte3_exposed_wait,18,0.037,0.003,24.956,43.634979248046875,101376,0,0,0
0,rank0,33,kernel_total,1,76.738,76.738,23.874,100.61199951171875,0,0,0,0
0,rank0,33,pack_total,1,21.034,21.034,23.968,45.001983642578125,0,0,0,0
0,rank0,33,pack_input_wait,18,0.402,0.023,24.275,43.295989990234375,184320,0,0,0
0,rank0,33,pack_quantize,18,5.554,0.349,24.373,43.699005126953125,92160,198,0,0
0,rank0,33,pack_tx_publish,18,2.261,0.132,25.788,44.694976806640625,0,18,18,1152
0,rank0,33,receive_total,1,55.209,55.209,45.214,100.42300415039062,0,0,0,0
0,rank0,33,rx_flag_poll_wait,3,41.765,38.883,45.621,96.08798217773438,31,97,79,1067
0,rank0,33,rx_unpack_wait,18,3.241,0.341,84.79,99.260986328125,95040,0,0,0
0,rank0,33,rx_unpack_dequant_clear,21,1.79,0.179,85.203,99.6619873046875,92160,198,0,0
0,rank0,33,rx_output,3,1.036,0.361,88.384,100.083984375,30720,2,2,0
0,rank0,33,start_gate,1,22.257,22.257,1.516,23.772979736328125,0,0,0,0
0,rank0,33,pack_tx_data_submit,18,0.372,0.021,24.814,43.8489990234375,101376,0,0,0
0,rank0,33,pack_first_tx_ready,1,2.052,2.052,23.981,26.032989501953125,603,0,0,0
0,rank0,33,pack_mte3_exposed_wait,18,0.034,0.003,25.702,44.358001708984375,101376,0,0,0
0,rank0,34,kernel_total,1,75.693,75.693,22.721,98.41400146484375,0,0,0,0
0,rank0,34,pack_total,1,22.026,22.026,22.816,44.84197998046875,0,0,0,0
0,rank0,34,pack_input_wait,19,0.424,0.023,23.123,43.1300048828125,194560,0,0,0
0,rank0,34,pack_quantize,19,5.82,0.338,23.217,43.532989501953125,97280,209,0,0
0,rank0,34,pack_tx_publish,19,2.259,0.136,24.619,44.53399658203125,0,19,19,1216
0,rank0,34,receive_total,1,53.154,53.154,45.065,98.218994140625,0,0,0,0
0,rank0,34,rx_flag_poll_wait,3,39.614,37.888,45.463,93.822998046875,25,90,72,990
0,rank0,34,rx_unpack_wait,18,3.419,0.376,83.627,97.07699584960938,95040,0,0,0
0,rank0,34,rx_unpack_dequant_clear,21,1.791,0.19,84.075,97.45797729492188,92160,198,0,0
0,rank0,34,rx_output,3,1.049,0.353,87.171,97.88897705078125,30720,2,2,0
0,rank0,34,start_gate,1,22.078,22.078,0.542,22.6199951171875,0,0,0,0
0,rank0,34,pack_tx_data_submit,19,0.389,0.021,23.648,43.678985595703125,107008,0,0,0
0,rank0,34,pack_first_tx_ready,1,2.025,2.025,22.829,24.85400390625,621,0,0,0
0,rank0,34,pack_mte3_exposed_wait,19,0.036,0.003,24.531,44.197998046875,107008,0,0,0
0,rank0,35,kernel_total,1,69.844,69.844,23.028,92.87197875976562,0,0,0,0
0,rank0,35,pack_total,1,21.122,21.122,23.123,44.2449951171875,0,0,0,0
0,rank0,35,pack_input_wait,18,0.403,0.023,23.429,42.5679931640625,184320,0,0,0
0,rank0,35,pack_quantize,18,5.536,0.331,23.528,42.970001220703125,92160,198,0,0
0,rank0,35,pack_tx_publish,18,2.349,0.137,24.92,43.94000244140625,0,18,18,1152
0,rank0,35,receive_total,1,48.206,48.206,44.469,92.67498779296875,0,0,0,0
0,rank0,35,rx_flag_poll_wait,3,33.904,31.57,44.87,87.89398193359375,20,79,61,869
0,rank0,35,rx_unpack_wait,18,4.203,0.451,76.715,91.54098510742188,95040,0,0,0
0,rank0,35,rx_unpack_dequant_clear,21,1.776,0.187,77.112,91.9219970703125,92160,198,0,0
0,rank0,35,rx_output,3,1.04,0.353,80.43,92.34298706054688,30720,1,1,0
0,rank0,35,start_gate,1,21.716,21.716,1.211,22.927001953125,0,0,0,0
0,rank0,35,pack_tx_data_submit,18,0.368,0.021,23.952,43.1199951171875,101376,0,0,0
0,rank0,35,pack_first_tx_ready,1,2.041,2.041,23.136,25.177001953125,640,0,0,0
0,rank0,35,pack_mte3_exposed_wait,18,0.037,0.004,24.832,43.62298583984375,101376,0,0,0
0,rank0,36,kernel_total,1,74.547,74.547,22.596,97.14300537109375,0,0,0,0
0,rank0,36,pack_total,1,21.1,21.1,22.691,43.790985107421875,0,0,0,0
0,rank0,36,pack_input_wait,18,0.402,0.023,22.997,42.113983154296875,184320,0,0,0
0,rank0,36,pack_quantize,18,5.616,0.356,23.091,42.514984130859375,92160,198,0,0
0,rank0,36,pack_tx_publish,18,2.252,0.135,24.544,43.48699951171875,0,18,18,1152
0,rank0,36,receive_total,1,52.961,52.961,43.999,96.95999145507812,0,0,0,0
0,rank0,36,rx_flag_poll_wait,3,39.147,37.355,44.408,92.38198852539062,31,91,73,1001
0,rank0,36,rx_unpack_wait,18,3.676,0.368,82.06,95.8079833984375,95040,0,0,0
0,rank0,36,rx_unpack_dequant_clear,21,1.768,0.174,82.471,96.18798828125,92160,198,0,0
0,rank0,36,rx_output,3,1.004,0.338,85.603,96.60800170898438,30720,2,2,0
0,rank0,36,start_gate,1,20.428,20.428,2.067,22.4949951171875,0,0,0,0
0,rank0,36,pack_tx_data_submit,18,0.371,0.021,23.539,42.66497802734375,101376,0,0,0
0,rank0,36,pack_first_tx_ready,1,2.097,2.097,22.703,24.79998779296875,658,0,0,0
0,rank0,36,pack_mte3_exposed_wait,18,0.035,0.003,24.452,43.1619873046875,101376,0,0,0
0,rank0,37,kernel_total,1,73.829,73.829,22.571,96.39999389648438,0,0,0,0
0,rank0,37,pack_total,1,20.878,20.878,22.665,43.542999267578125,0,0,0,0
0,rank0,37,pack_input_wait,18,0.401,0.023,22.971,41.85699462890625,184320,0,0,0
0,rank0,37,pack_quantize,18,5.592,0.338,23.066,42.259002685546875,92160,198,0,0
0,rank0,37,pack_tx_publish,18,2.046,0.117,24.492,43.239990234375,0,18,18,1152
0,rank0,37,receive_total,1,52.463,52.463,43.748,96.21099853515625,0,0,0,0
0,rank0,37,rx_flag_poll_wait,3,38.571,24.708,44.158,91.677978515625,36,88,70,968
0,rank0,37,rx_unpack_wait,18,3.559,0.442,69.18,95.05599975585938,95040,0,0,0
0,rank0,37,rx_unpack_dequant_clear,21,1.8,0.171,69.676,95.43698120117188,92160,198,0,0
0,rank0,37,rx_output,3,1.011,0.346,73.012,95.85699462890625,30720,1,1,0
0,rank0,37,start_gate,1,20.338,20.338,2.132,22.470001220703125,0,0,0,0
0,rank0,37,pack_tx_data_submit,18,0.371,0.021,23.497,42.40899658203125,101376,0,0,0
0,rank0,37,pack_first_tx_ready,1,2.044,2.044,22.678,24.72198486328125,676,0,0,0
0,rank0,37,pack_mte3_exposed_wait,18,0.035,0.003,24.4,42.910003662109375,101376,0,0,0
0,rank0,38,kernel_total,1,75.641,75.641,23.6,99.24099731445312,0,0,0,0
0,rank0,38,pack_total,1,21.958,21.958,23.695,45.652984619140625,0,0,0,0
0,rank0,38,pack_input_wait,19,0.425,0.023,24.0,43.9639892578125,194560,0,0,0
0,rank0,38,pack_quantize,19,5.857,0.333,24.095,44.384979248046875,97280,209,0,0
0,rank0,38,pack_tx_publish,19,2.156,0.115,25.503,45.34698486328125,0,19,19,1216
0,rank0,38,receive_total,1,53.18,53.18,45.871,99.05099487304688,0,0,0,0
0,rank0,38,rx_flag_poll_wait,3,39.752,36.974,46.287,94.66799926757812,29,93,75,1023
0,rank0,38,rx_unpack_wait,18,3.285,0.363,83.546,97.9019775390625,95040,0,0,0
0,rank0,38,rx_unpack_dequant_clear,21,1.793,0.182,83.981,98.28399658203125,92160,198,0,0
0,rank0,38,rx_output,3,1.027,0.349,87.121,98.708984375,30720,1,1,0
0,rank0,38,start_gate,1,22.173,22.173,1.326,23.498992919921875,0,0,0,0
0,rank0,38,pack_tx_data_submit,19,0.393,0.021,24.52,44.531005859375,107008,0,0,0
0,rank0,38,pack_first_tx_ready,1,2.03,2.03,23.707,25.73699951171875,694,0,0,0
0,rank0,38,pack_mte3_exposed_wait,19,0.034,0.003,25.415,45.027984619140625,107008,0,0,0
0,rank0,39,kernel_total,1,74.973,74.973,23.259,98.23199462890625,0,0,0,0
0,rank0,39,pack_total,1,20.685,20.685,23.354,44.03900146484375,0,0,0,0
0,rank0,39,pack_input_wait,18,0.406,0.023,23.66,42.36700439453125,184320,0,0,0
0,rank0,39,pack_quantize,18,5.508,0.331,23.758,42.769989013671875,92160,198,0,0
0,rank0,39,pack_tx_publish,18,1.887,0.114,25.153,43.714996337890625,0,18,18,1152
0,rank0,39,receive_total,1,53.782,53.782,44.258,98.03997802734375,0,0,0,0
0,rank0,39,rx_flag_poll_wait,3,40.108,38.877,44.694,93.60400390625,41,92,74,1012
0,rank0,39,rx_unpack_wait,18,3.449,0.375,83.852,96.89999389648438,95040,0,0,0
0,rank0,39,rx_unpack_dequant_clear,21,1.791,0.182,84.257,97.27999877929688,92160,198,0,0
0,rank0,39,rx_output,3,1.024,0.347,87.51,97.69998168945312,30720,2,1,0
0,rank0,39,start_gate,1,21.909,21.909,1.248,23.156982421875,0,0,0,0
0,rank0,39,pack_tx_data_submit,18,0.371,0.021,24.181,42.91998291015625,101376,0,0,0
0,rank0,39,pack_first_tx_ready,1,2.024,2.024,23.367,25.3909912109375,713,0,0,0
0,rank0,39,pack_mte3_exposed_wait,18,0.032,0.003,25.071,43.406005859375,101376,0,0,0
0,rank0,40,kernel_total,1,71.037,71.037,22.957,93.99398803710938,0,0,0,0
0,rank0,40,pack_total,1,20.947,20.947,23.052,43.998992919921875,0,0,0,0
0,rank0,40,pack_input_wait,18,0.402,0.023,23.358,42.30499267578125,184320,0,0,0
0,rank0,40,pack_quantize,18,5.906,0.361,23.452,42.72998046875,92160,198,0,0
0,rank0,40,pack_tx_publish,18,1.802,0.116,24.883,43.683990478515625,0,18,18,1152
0,rank0,40,receive_total,1,49.626,49.626,44.193,93.81900024414062,0,0,0,0
0,rank0,40,rx_flag_poll_wait,3,35.551,33.764,44.61,88.9429931640625,29,80,62,880
0,rank0,40,rx_unpack_wait,18,3.876,0.417,78.703,92.66000366210938,95040,0,0,0
0,rank0,40,rx_unpack_dequant_clear,21,1.767,0.166,79.118,93.04098510742188,92160,198,0,0
0,rank0,40,rx_output,3,1.023,0.344,82.197,93.468994140625,30720,1,1,0
0,rank0,40,start_gate,1,21.712,21.712,1.144,22.855987548828125,0,0,0,0
0,rank0,40,pack_tx_data_submit,18,0.37,0.021,23.905,42.8800048828125,101376,0,0,0
0,rank0,40,pack_first_tx_ready,1,2.058,2.058,23.064,25.121978759765625,731,0,0,0
0,rank0,40,pack_mte3_exposed_wait,18,0.036,0.003,24.802,43.364990234375,101376,0,0,0
0,rank0,41,kernel_total,1,85.512,85.512,22.932,108.44400024414062,0,0,0,0
0,rank0,41,pack_total,1,22.076,22.076,23.026,45.10198974609375,0,0,0,0
0,rank0,41,pack_input_wait,19,0.424,0.023,23.332,43.394989013671875,194560,0,0,0
0,rank0,41,pack_quantize,19,5.891,0.339,23.427,43.82098388671875,97280,209,0,0
0,rank0,41,pack_tx_publish,19,2.207,0.118,24.834,44.79998779296875,0,19,19,1216
0,rank0,41,receive_total,1,62.966,62.966,45.302,108.26800537109375,0,0,0,0
0,rank0,41,rx_flag_poll_wait,4,45.29,40.778,45.722,104.08297729492188,37,102,78,1122
0,rank0,41,rx_unpack_wait,24,4.315,0.365,86.814,107.20700073242188,126720,0,0,0
0,rank0,41,rx_unpack_dequant_clear,28,2.332,0.166,87.251,107.58700561523438,122880,264,0,0
0,rank0,41,rx_output,4,1.354,0.344,90.423,108.0,40960,0,0,0
0,rank0,41,start_gate,1,21.169,21.169,1.661,22.829986572265625,0,0,0,0
0,rank0,41,pack_tx_data_submit,19,0.391,0.021,23.859,43.96697998046875,107008,0,0,0
0,rank0,41,pack_first_tx_ready,1,2.027,2.027,23.039,25.06597900390625,749,0,0,0
0,rank0,41,pack_mte3_exposed_wait,19,0.035,0.003,24.746,44.46099853515625,107008,0,0,0
0,rank0,42,kernel_total,1,96.655,96.655,23.01,119.66497802734375,0,0,0,0
0,rank0,42,send_total,1,80.135,80.135,26.726,106.86099243164062,0,0,0,0
0,rank0,42,tx_meta_scan,35,5.61,0.199,28.462,86.83798217773438,0,7,28,0
0,rank0,42,tx_ready_poll,44,0.094,0.003,28.246,86.51699829101562,9,35,0,0
0,rank0,42,self_copy,7,6.135,0.938,32.026,80.0050048828125,39424,0,0,0
0,rank0,42,udma_post,28,30.236,1.965,28.802,87.95700073242188,157696,28,1,0
0,rank0,42,udma_quiet,7,15.101,3.002,89.876,106.57699584960938,7,0,0,0
0,rank0,42,local_rx_wait,1,5.175,5.175,107.012,112.18698120117188,42,0,0,0
0,rank0,42,round_publish,1,7.207,7.207,112.262,119.468994140625,0,0,0,0
0,rank0,42,global_round_wait,1,3.511,3.511,23.103,26.613983154296875,0,127,0,0
0,rank0,42,start_gate,1,22.563,22.563,0.344,22.906982421875,0,0,0,0
0,rank0,43,kernel_total,1,95.502,95.502,22.829,118.33099365234375,0,0,0,0
0,rank0,43,send_total,1,81.191,81.191,26.987,108.177978515625,0,0,0,0
0,rank0,43,tx_meta_scan,35,5.627,0.216,28.753,88.34698486328125,0,6,29,0
0,rank0,43,tx_ready_poll,45,0.101,0.003,28.508,87.94000244140625,10,35,0,0
0,rank0,43,self_copy,6,5.055,0.942,33.69,87.75698852539062,33792,0,0,0
0,rank0,43,udma_post,29,32.059,1.526,29.104,89.49600219726562,163328,29,1,0
0,rank0,43,udma_quiet,7,14.935,3.19,91.417,107.95199584960938,7,0,0,0
0,rank0,43,local_rx_wait,1,0.27,0.27,108.329,108.5989990234375,0,0,0,0
0,rank0,43,round_publish,1,5.047,5.047,112.998,118.04498291015625,1,64,1,1
0,rank0,43,global_round_wait,1,3.953,3.953,22.923,26.8759765625,1,127,0,0
0,rank0,43,start_gate,1,20.801,20.801,1.93,22.730987548828125,1,64,1,1
0,rank0,44,kernel_total,1,95.104,95.104,22.798,117.9019775390625,0,0,0,0
0,rank0,44,send_total,1,81.679,81.679,26.649,108.3280029296875,0,0,0,0
0,rank0,44,tx_meta_scan,35,5.825,0.442,30.679,89.28598022460938,0,6,29,0
0,rank0,44,tx_ready_poll,53,0.119,0.003,28.172,89.01397705078125,18,35,0,0
0,rank0,44,self_copy,6,5.552,0.996,36.045,90.260986328125,33792,0,0,0
0,rank0,44,udma_post,29,30.226,1.599,31.287,85.5780029296875,163328,29,1,0
0,rank0,44,udma_quiet,7,14.459,3.369,91.9,107.91598510742188,7,0,0,0
0,rank0,44,local_rx_wait,1,0.328,0.328,108.469,108.7969970703125,0,0,0,0
0,rank0,44,round_publish,1,4.822,4.822,112.8,117.62197875976562,1,64,1,1
0,rank0,44,global_round_wait,1,3.645,3.645,22.892,26.5369873046875,1,127,0,0
0,rank0,44,start_gate,1,20.668,20.668,2.032,22.699981689453125,1,64,1,1
0,rank0,45,kernel_total,1,96.315,96.315,22.514,118.8289794921875,0,0,0,0
0,rank0,45,send_total,1,79.631,79.631,26.797,106.427978515625,0,0,0,0
0,rank0,45,tx_meta_scan,35,5.665,0.206,29.85,87.2509765625,0,7,28,0
0,rank0,45,tx_ready_poll,48,0.105,0.003,28.314,86.97698974609375,13,35,0,0
0,rank0,45,self_copy,7,5.81,0.942,53.558,83.54598999023438,39424,0,0,0
0,rank0,45,udma_post,28,29.979,2.24,30.173,88.3389892578125,157696,28,1,0
0,rank0,45,udma_quiet,6,14.634,3.413,90.101,106.04598999023438,6,0,0,0
0,rank0,45,local_rx_wait,1,0.546,0.546,106.572,107.11798095703125,0,0,0,0
0,rank0,45,round_publish,1,5.664,5.664,112.881,118.54498291015625,1,64,1,1
0,rank0,45,global_round_wait,1,4.083,4.083,22.607,26.69000244140625,1,127,0,0
0,rank0,45,start_gate,1,20.332,20.332,2.088,22.41998291015625,1,64,1,1
0,rank0,46,kernel_total,1,96.486,96.486,22.893,119.37899780273438,0,0,0,0
0,rank0,46,send_total,1,80.887,80.887,26.547,107.43399047851562,0,0,0,0
0,rank0,46,tx_meta_scan,35,5.683,0.219,28.751,86.90298461914062,0,5,30,0
0,rank0,46,tx_ready_poll,48,0.109,0.003,28.072,86.5260009765625,13,35,0,0
0,rank0,46,self_copy,5,4.698,1.158,36.22,84.63497924804688,28160,0,0,0
0,rank0,46,udma_post,30,29.88,1.83,29.148,87.97000122070312,168960,30,1,0
0,rank0,46,udma_quiet,7,15.847,3.608,89.75,107.16000366210938,7,0,0,0
0,rank0,46,local_rx_wait,1,0.546,0.546,107.572,108.11798095703125,0,0,0,0
0,rank0,46,round_publish,1,6.255,6.255,112.852,119.10699462890625,1,64,1,1
0,rank0,46,global_round_wait,1,3.449,3.449,22.986,26.43499755859375,1,127,0,0
0,rank0,46,start_gate,1,21.53,21.53,1.269,22.798980712890625,1,64,1,1
0,rank0,47,kernel_total,1,95.928,95.928,23.057,118.9849853515625,0,0,0,0
0,rank0,47,send_total,1,80.508,80.508,27.036,107.54400634765625,0,0,0,0
0,rank0,47,tx_meta_scan,35,5.773,0.234,29.152,86.63299560546875,0,3,32,0
0,rank0,47,tx_ready_poll,45,0.11,0.003,28.563,86.208984375,10,35,0,0
0,rank0,47,self_copy,3,2.771,0.949,54.318,62.766998291015625,16896,0,0,0
0,rank0,47,udma_post,32,31.874,1.606,29.491,87.64599609375,180224,32,1,0
0,rank0,47,udma_quiet,7,16.129,3.604,89.58,107.25799560546875,7,0,0,0
0,rank0,47,local_rx_wait,1,0.542,0.542,107.687,108.22900390625,0,0,0,0
0,rank0,47,round_publish,1,5.775,5.775,112.938,118.71298217773438,1,64,1,1
0,rank0,47,global_round_wait,1,3.775,3.775,23.15,26.92498779296875,1,127,0,0
0,rank0,47,start_gate,1,21.119,21.119,1.835,22.9539794921875,1,64,1,1
0,rank0,48,kernel_total,1,95.457,95.457,22.673,118.1300048828125,0,0,0,0
0,rank0,48,send_total,1,81.615,81.615,27.009,108.62399291992188,0,0,0,0
0,rank0,48,tx_meta_scan,35,5.645,0.213,29.341,87.21600341796875,0,1,34,0
0,rank0,48,tx_ready_poll,48,0.116,0.003,28.531,86.87100219726562,13,35,0,0
0,rank0,48,self_copy,1,0.776,0.776,59.639,60.41497802734375,5632,0,0,0
0,rank0,48,udma_post,34,33.815,1.972,29.701,88.25399780273438,191488,34,1,0
0,rank0,48,udma_quiet,7,16.714,3.068,90.129,108.38699340820312,7,0,0,0
0,rank0,48,local_rx_wait,1,0.296,0.296,108.773,109.06900024414062,0,0,0,0
0,rank0,48,round_publish,1,5.013,5.013,112.828,117.84100341796875,1,64,1,1
0,rank0,48,global_round_wait,1,4.131,4.131,22.767,26.897979736328125,1,127,0,0
0,rank0,48,start_gate,1,21.092,21.092,1.482,22.574005126953125,1,64,1,1
0,rank0,49,kernel_total,1,94.643,94.643,22.872,117.51498413085938,0,0,0,0
0,rank0,49,send_total,1,80.351,80.351,26.897,107.24798583984375,0,0,0,0
0,rank0,49,tx_meta_scan,35,5.845,0.232,29.23,86.75997924804688,0,2,33,0
0,rank0,49,tx_ready_poll,47,0.11,0.003,28.418,86.375,12,35,0,0
0,rank0,49,self_copy,2,1.661,0.85,46.217,51.425994873046875,11264,0,0,0
0,rank0,49,udma_post,33,32.364,1.77,29.565,87.67599487304688,185856,33,1,0
0,rank0,49,udma_quiet,7,15.911,2.897,89.529,106.99899291992188,7,0,0,0
0,rank0,49,local_rx_wait,1,0.566,0.566,107.397,107.96298217773438,0,0,0,0
0,rank0,49,round_publish,1,4.313,4.313,112.911,117.2239990234375,1,64,1,1
0,rank0,49,global_round_wait,1,3.824,3.824,22.966,26.78997802734375,1,127,0,0
0,rank0,49,start_gate,1,20.769,20.769,2.009,22.777984619140625,1,64,1,1
0,rank0,50,kernel_total,1,85.561,85.561,22.77,108.33099365234375,0,0,0,0
0,rank0,50,send_total,1,80.608,80.608,26.78,107.38800048828125,0,0,0,0
0,rank0,50,tx_meta_scan,35,5.74,0.223,29.086,88.08297729492188,0,5,30,0
0,rank0,50,tx_ready_poll,47,0.105,0.003,28.298,87.72998046875,12,35,0,0
0,rank0,50,self_copy,5,4.773,1.499,38.909,85.92498779296875,28160,0,0,0
0,rank0,50,udma_post,30,30.605,1.853,29.433,89.13497924804688,168960,30,1,0
0,rank0,50,udma_quiet,7,14.648,2.868,90.987,107.135986328125,7,0,0,0
0,rank0,50,local_rx_wait,1,0.294,0.294,107.533,107.82699584960938,0,0,0,0
0,rank0,50,global_round_wait,1,3.802,3.802,22.863,26.66497802734375,0,0,0,0
0,rank0,50,start_gate,1,20.912,20.912,1.764,22.675994873046875,0,0,0,0
0,rank0,51,kernel_total,1,85.584,85.584,22.618,108.20199584960938,0,0,0,0
0,rank0,51,send_total,1,79.888,79.888,27.087,106.97500610351562,0,0,0,0
0,rank0,51,tx_meta_scan,35,5.728,0.245,29.471,88.0059814453125,0,4,31,0
0,rank0,51,tx_ready_poll,45,0.097,0.003,28.605,87.59698486328125,10,35,0,0
0,rank0,51,self_copy,4,3.399,0.971,46.424,82.60498046875,22528,0,0,0
0,rank0,51,udma_post,31,32.027,1.79,29.843,88.91799926757812,174592,31,1,0
0,rank0,51,udma_quiet,7,14.403,3.258,90.783,106.71798706054688,7,0,0,0
0,rank0,51,local_rx_wait,1,0.556,0.556,107.139,107.69497680664062,0,0,0,0
0,rank0,51,global_round_wait,1,4.268,4.268,22.712,26.97998046875,0,0,0,0
0,rank0,51,start_gate,1,22.524,22.524,0.0,22.52398681640625,0,0,0,0
0,rank0,52,kernel_total,1,84.833,84.833,22.848,107.68099975585938,0,0,0,0
0,rank0,52,send_total,1,80.134,80.134,26.623,106.75698852539062,0,0,0,0
0,rank0,52,tx_meta_scan,35,5.546,0.187,30.472,88.31597900390625,0,7,28,0
0,rank0,52,tx_ready_poll,51,0.119,0.003,28.137,88.04898071289062,16,35,0,0
0,rank0,52,self_copy,7,5.942,0.936,41.464,86.12698364257812,39424,0,0,0
0,rank0,52,udma_post,28,28.979,1.663,30.769,89.33297729492188,157696,28,1,0
0,rank0,52,udma_quiet,7,13.942,2.922,91.018,106.51699829101562,7,0,0,0
0,rank0,52,local_rx_wait,1,0.282,0.282,106.908,107.19000244140625,0,0,0,0
0,rank0,52,global_round_wait,1,3.571,3.571,22.941,26.511993408203125,0,0,0,0
0,rank0,52,start_gate,1,22.439,22.439,0.315,22.753997802734375,0,0,0,0
0,rank0,53,kernel_total,1,84.697,84.697,22.645,107.34197998046875,0,0,0,0
0,rank0,53,send_total,1,79.525,79.525,26.699,106.2239990234375,0,0,0,0
0,rank0,53,tx_meta_scan,35,5.624,0.186,29.481,86.47698974609375,0,2,33,0
0,rank0,53,tx_ready_poll,46,0.105,0.003,28.212,86.05999755859375,11,35,0,0
0,rank0,53,self_copy,2,1.538,0.795,62.459,81.35598754882812,11264,0,0,0
0,rank0,53,udma_post,33,32.657,2.122,29.804,87.41799926757812,185856,33,1,0
0,rank0,53,udma_quiet,7,15.177,4.045,89.244,105.95599365234375,7,0,0,0
0,rank0,53,local_rx_wait,1,0.468,0.468,106.377,106.84500122070312,0,0,0,0
0,rank0,53,global_round_wait,1,3.853,3.853,22.739,26.59197998046875,0,0,0,0
0,rank0,53,start_gate,1,22.273,22.273,0.279,22.552001953125,0,0,0,0
0,rank0,54,kernel_total,1,81.36,81.36,23.495,104.85498046875,0,0,0,0
0,rank0,54,send_total,1,77.145,77.145,26.598,103.74298095703125,0,0,0,0
0,rank0,54,tx_meta_scan,35,5.862,0.228,28.543,84.9639892578125,0,5,30,0
0,rank0,54,tx_ready_poll,44,0.099,0.003,28.113,84.59197998046875,9,35,0,0
0,rank0,54,self_copy,5,4.092,0.89,31.911,68.00900268554688,28160,0,0,0
0,rank0,54,udma_post,30,30.021,1.695,28.888,86.04098510742188,168960,30,1,0
0,rank0,54,udma_quiet,7,13.967,2.902,87.991,103.489990234375,7,0,0,0
0,rank0,54,local_rx_wait,1,0.423,0.423,103.894,104.31698608398438,0,0,0,0
0,rank0,54,global_round_wait,1,2.901,2.901,23.59,26.490997314453125,0,0,0,0
0,rank0,54,start_gate,1,23.341,23.341,0.06,23.4010009765625,0,0,0,0
0,rank0,55,kernel_total,1,88.471,88.471,22.696,111.1669921875,0,0,0,0
0,rank0,55,send_total,1,83.4,83.4,26.827,110.22698974609375,0,0,0,0
0,rank0,55,tx_meta_scan,35,5.557,0.174,28.71,88.45700073242188,0,4,31,0
0,rank0,55,tx_ready_poll,43,0.109,0.003,28.344,88.13198852539062,8,35,0,0
0,rank0,55,self_copy,4,3.623,1.174,49.947,79.56900024414062,22528,0,0,0
0,rank0,55,udma_post,31,34.521,1.966,29.059,89.49099731445312,174592,31,1,0
0,rank0,55,udma_quiet,7,16.672,3.564,91.461,109.95700073242188,7,0,0,0
0,rank0,55,local_rx_wait,1,0.289,0.289,110.377,110.66598510742188,0,0,0,0
0,rank0,55,global_round_wait,1,3.927,3.927,22.789,26.71600341796875,0,0,0,0
0,rank0,55,start_gate,1,22.231,22.231,0.371,22.60198974609375,0,0,0,0
0,rank0,56,kernel_total,1,89.307,89.307,22.742,112.04898071289062,0,0,0,0
0,rank0,56,send_total,1,83.904,83.904,27.061,110.96499633789062,0,0,0,0
0,rank0,56,tx_meta_scan,35,5.811,0.222,29.031,89.70797729492188,0,3,32,0
0,rank0,56,tx_ready_poll,45,0.105,0.003,28.577,89.38198852539062,10,35,0,0
0,rank0,56,self_copy,3,3.026,1.335,29.369,71.6300048828125,16896,0,0,0
0,rank0,56,udma_post,32,34.723,2.131,31.412,90.77398681640625,180224,32,1,0
0,rank0,56,udma_quiet,7,16.34,3.31,92.677,110.6929931640625,7,0,0,0
0,rank0,56,local_rx_wait,1,0.334,0.334,111.105,111.43899536132812,0,0,0,0
0,rank0,56,global_round_wait,1,4.115,4.115,22.835,26.949981689453125,0,0,0,0
0,rank0,56,start_gate,1,20.706,20.706,1.942,22.647979736328125,0,0,0,0
0,rank0,57,kernel_total,1,84.804,84.804,24.412,109.21600341796875,0,0,0,0
0,rank0,57,send_total,1,81.367,81.367,26.745,108.11199951171875,0,0,0,0
0,rank0,57,tx_meta_scan,35,5.838,0.259,28.642,87.06399536132812,0,3,32,0
0,rank0,57,tx_ready_poll,42,0.086,0.003,28.261,86.65798950195312,7,35,0,0
0,rank0,57,self_copy,3,2.668,0.941,45.902,63.532989501953125,16896,0,0,0
0,rank0,57,udma_post,32,33.636,2.083,29.008,88.13699340820312,180224,32,1,0
0,rank0,57,udma_quiet,7,15.973,4.018,90.206,107.86300659179688,7,0,0,0
0,rank0,57,local_rx_wait,1,0.439,0.439,108.256,108.69497680664062,0,0,0,0
0,rank0,57,global_round_wait,1,2.133,2.133,24.505,26.63800048828125,0,0,0,0
0,rank0,57,start_gate,1,23.127,23.127,1.19,24.316986083984375,0,0,0,0
0,rank0,58,kernel_total,1,85.114,85.114,23.128,108.24200439453125,0,0,0,0
0,rank0,58,send_total,1,80.353,80.353,26.568,106.92098999023438,0,0,0,0
0,rank0,58,tx_meta_scan,35,5.787,0.217,28.563,87.15399169921875,0,4,31,0
0,rank0,58,tx_ready_poll,42,0.087,0.003,28.082,86.708984375,7,35,0,0
0,rank0,58,self_copy,4,3.405,1.008,66.805,88.10897827148438,22528,0,0,0
0,rank0,58,udma_post,31,32.45,1.981,28.923,86.53997802734375,174592,31,1,0
0,rank0,58,udma_quiet,7,14.882,3.205,90.181,106.6619873046875,7,0,0,0
0,rank0,58,local_rx_wait,1,0.42,0.42,107.181,107.60098266601562,0,0,0,0
0,rank0,58,global_round_wait,1,3.238,3.238,23.222,26.459991455078125,0,0,0,0
0,rank0,58,start_gate,1,22.173,22.173,0.862,23.035003662109375,0,0,0,0
0,rank0,59,kernel_total,1,85.451,85.451,24.054,109.5050048828125,0,0,0,0
0,rank0,59,send_total,1,81.592,81.592,26.932,108.52398681640625,0,0,0,0
0,rank0,59,tx_meta_scan,35,5.934,0.254,29.458,88.24697875976562,0,2,33,0
0,rank0,59,tx_ready_poll,44,0.096,0.003,28.45,87.94497680664062,9,35,0,0
0,rank0,59,self_copy,2,1.526,0.804,47.556,51.333984375,11264,0,0,0
0,rank0,59,udma_post,33,34.716,1.846,29.884,89.34799194335938,185856,33,1,0
0,rank0,59,udma_quiet,7,15.508,3.592,91.217,108.27499389648438,7,0,0,0
0,rank0,59,local_rx_wait,1,0.298,0.298,108.672,108.97000122070312,0,0,0,0
0,rank0,59,global_round_wait,1,2.673,2.673,24.148,26.82098388671875,0,0,0,0
0,rank0,59,start_gate,1,22.419,22.419,1.537,23.95599365234375,0,0,0,0
0,rank0,60,kernel_total,1,83.864,83.864,24.136,108.0,0,0,0,0
0,rank0,60,send_total,1,79.937,79.937,26.955,106.89199829101562,0,0,0,0
0,rank0,60,tx_meta_scan,35,6.044,0.246,29.418,86.79800415039062,0,4,31,0
0,rank0,60,tx_ready_poll,44,0.105,0.003,28.494,86.42300415039062,9,35,0,0
0,rank0,60,self_copy,4,3.289,0.952,29.719,76.28298950195312,22528,0,0,0
0,rank0,60,udma_post,31,30.78,1.588,31.581,87.739990234375,174592,31,1,0
0,rank0,60,udma_quiet,7,15.49,2.818,89.607,106.63400268554688,7,0,0,0
0,rank0,60,local_rx_wait,1,0.418,0.418,107.047,107.46499633789062,0,0,0,0
0,rank0,60,global_round_wait,1,2.615,2.615,24.229,26.843994140625,0,0,0,0
0,rank0,60,start_gate,1,24.001,24.001,0.036,24.0369873046875,0,0,0,0
0,rank0,61,kernel_total,1,86.988,86.988,23.111,110.0989990234375,0,0,0,0
0,rank0,61,send_total,1,82.233,82.233,26.879,109.11199951171875,0,0,0,0
0,rank0,61,tx_meta_scan,35,5.832,0.231,29.274,88.7349853515625,0,2,33,0
0,rank0,61,tx_ready_poll,45,0.106,0.003,28.488,88.4169921875,10,35,0,0
0,rank0,61,self_copy,2,1.524,0.764,71.79,82.0579833984375,11264,0,0,0
0,rank0,61,udma_post,33,36.043,1.966,29.601,89.79598999023438,185856,33,1,0
0,rank0,61,udma_quiet,7,15.518,3.285,91.668,108.74298095703125,7,0,0,0
0,rank0,61,local_rx_wait,1,0.304,0.304,109.271,109.57498168945312,0,0,0,0
0,rank0,61,global_round_wait,1,3.564,3.564,23.204,26.76800537109375,0,0,0,0
0,rank0,61,start_gate,1,21.29,21.29,1.722,23.011993408203125,0,0,0,0
0,rank0,62,kernel_total,1,87.294,87.294,22.55,109.843994140625,0,0,0,0
0,rank0,62,send_total,1,81.134,81.134,26.677,107.81100463867188,0,0,0,0
0,rank0,62,tx_meta_scan,34,5.559,0.211,29.114,86.02398681640625,0,2,32,0
0,rank0,62,tx_ready_poll,45,0.112,0.003,28.212,85.63400268554688,11,34,0,0
0,rank0,62,self_copy,2,1.545,0.819,55.895,61.014984130859375,11264,0,0,0
0,rank0,62,udma_post,32,33.252,2.032,29.535,87.10598754882812,180224,32,1,0
0,rank0,62,udma_quiet,7,17.025,4.051,88.978,107.55599975585938,7,0,0,0
0,rank0,62,local_rx_wait,1,1.338,1.338,107.966,109.30398559570312,0,0,0,0
0,rank0,62,global_round_wait,1,3.921,3.921,22.644,26.56500244140625,0,0,0,0
0,rank0,62,start_gate,1,22.289,22.289,0.162,22.45098876953125,0,0,0,0
0,rank0,63,kernel_total,1,85.46,85.46,22.499,107.958984375,0,0,0,0
0,rank0,63,send_total,1,80.086,80.086,26.855,106.94097900390625,0,0,0,0
0,rank0,63,tx_meta_scan,34,5.575,0.206,29.317,87.87100219726562,0,6,28,0
0,rank0,63,tx_ready_poll,47,0.104,0.003,28.4,87.54400634765625,13,34,0,0
0,rank0,63,self_copy,6,5.362,1.073,51.114,74.43099975585938,33792,0,0,0
0,rank0,63,udma_post,28,30.783,1.902,29.635,88.94097900390625,157696,28,1,0
0,rank0,63,udma_quiet,7,14.334,4.054,90.745,106.68499755859375,7,0,0,0
0,rank0,63,local_rx_wait,1,0.333,0.333,107.096,107.42898559570312,0,0,0,0
0,rank0,63,global_round_wait,1,4.155,4.155,22.593,26.74798583984375,0,0,0,0
0,rank0,63,start_gate,1,22.315,22.315,0.085,22.399993896484375,0,0,0,0
1,rank1,0,kernel_total,1,79.388,79.388,48.244,127.63198852539062,0,0,0,0
1,rank1,0,pack_total,1,21.882,21.882,48.339,70.22100830078125,0,0,0,0
1,rank1,0,pack_input_wait,18,0.401,0.023,48.647,68.41900634765625,184320,0,0,0
1,rank1,0,pack_quantize,18,5.521,0.334,48.742,68.81698608398438,92160,198,0,0
1,rank1,0,pack_tx_publish,18,3.046,0.228,50.141,69.89199829101562,0,18,18,1152
1,rank1,0,receive_total,1,57.001,57.001,70.444,127.44500732421875,0,0,0,0
1,rank1,0,rx_flag_poll_wait,3,43.194,41.955,70.83,123.00799560546875,32,97,79,1067
1,rank1,0,rx_unpack_wait,18,3.687,0.394,113.062,126.28399658203125,95040,0,0,0
1,rank1,0,rx_unpack_dequant_clear,21,1.778,0.166,113.529,126.66500854492188,92160,198,0,0
1,rank1,0,rx_output,3,1.055,0.354,116.881,127.10299682617188,30720,2,1,0
1,rank1,0,start_gate,1,46.485,46.485,1.658,48.14300537109375,0,0,0,0
1,rank1,0,pack_tx_data_submit,18,0.373,0.021,49.168,68.96701049804688,101376,0,0,0
1,rank1,0,pack_first_tx_ready,1,2.132,2.132,48.352,50.4840087890625,0,0,0,0
1,rank1,0,pack_mte3_exposed_wait,18,0.032,0.003,50.053,69.45498657226562,101376,0,0,0
1,rank1,1,kernel_total,1,69.388,69.388,48.624,118.01199340820312,0,0,0,0
1,rank1,1,pack_total,1,22.418,22.418,48.719,71.13699340820312,0,0,0,0
1,rank1,1,pack_input_wait,18,0.407,0.023,49.165,69.10800170898438,184320,0,0,0
1,rank1,1,pack_quantize,18,5.534,0.331,49.268,69.50601196289062,92160,198,0,0
1,rank1,1,pack_tx_publish,18,3.238,0.311,50.676,70.75900268554688,0,18,18,1152
1,rank1,1,receive_total,1,46.468,46.468,71.361,117.82901000976562,0,0,0,0
1,rank1,1,rx_flag_poll_wait,3,32.252,28.663,71.79,112.96701049804688,25,72,54,792
1,rank1,1,rx_unpack_wait,18,3.922,0.354,100.735,116.55801391601562,95040,0,0,0
1,rank1,1,rx_unpack_dequant_clear,21,1.772,0.168,101.12,116.94000244140625,92160,198,0,0
1,rank1,1,rx_output,3,1.047,0.353,104.302,117.37600708007812,30720,2,1,0
1,rank1,1,start_gate,1,48.453,48.453,0.069,48.522003173828125,0,0,0,0
1,rank1,1,pack_tx_data_submit,18,0.37,0.021,49.691,69.65499877929688,101376,0,0,0
1,rank1,1,pack_first_tx_ready,1,2.269,2.269,48.732,51.001007080078125,18,0,0,0
1,rank1,1,pack_mte3_exposed_wait,18,0.033,0.003,50.585,70.16500854492188,101376,0,0,0
1,rank1,2,kernel_total,1,74.001,74.001,48.387,122.38800048828125,0,0,0,0
1,rank1,2,pack_total,1,22.508,22.508,48.481,70.989013671875,0,0,0,0
1,rank1,2,pack_input_wait,18,0.404,0.023,48.789,69.02899169921875,184320,0,0,0
1,rank1,2,pack_quantize,18,5.752,0.378,48.883,69.44900512695312,92160,198,0,0
1,rank1,2,pack_tx_publish,18,3.345,0.237,50.308,70.67401123046875,0,18,18,1152
1,rank1,2,receive_total,1,50.995,50.995,71.204,122.19900512695312,0,0,0,0
1,rank1,2,rx_flag_poll_wait,3,37.02,34.574,71.598,117.56399536132812,32,84,66,924
1,rank1,2,rx_unpack_wait,18,3.717,0.376,106.462,120.95199584960938,95040,0,0,0
1,rank1,2,rx_unpack_dequant_clear,21,1.769,0.176,106.897,121.3330078125,92160,198,0,0
1,rank1,2,rx_output,3,1.03,0.345,110.003,121.75698852539062,30720,2,1,0
1,rank1,2,start_gate,1,46.725,46.725,1.561,48.2860107421875,0,0,0,0
1,rank1,2,pack_tx_data_submit,18,0.373,0.021,49.329,69.5989990234375,101376,0,0,0
1,rank1,2,pack_first_tx_ready,1,2.172,2.172,48.494,50.666015625,36,0,0,0
1,rank1,2,pack_mte3_exposed_wait,18,0.038,0.004,50.217,70.10101318359375,101376,0,0,0
1,rank1,3,kernel_total,1,77.473,77.473,48.341,125.81399536132812,0,0,0,0
1,rank1,3,pack_total,1,23.566,23.566,48.435,72.00100708007812,0,0,0,0
1,rank1,3,pack_input_wait,19,0.428,0.023,48.742,70.11700439453125,194560,0,0,0
1,rank1,3,pack_quantize,19,5.881,0.329,48.837,70.53201293945312,97280,209,0,0
1,rank1,3,pack_tx_publish,19,3.679,0.247,50.24,71.66299438476562,0,19,19,1216
1,rank1,3,receive_total,1,53.399,53.399,72.23,125.62899780273438,0,0,0,0
1,rank1,3,rx_flag_poll_wait,3,39.353,38.132,72.637,121.05999755859375,32,88,70,968
1,rank1,3,rx_unpack_wait,18,3.815,0.455,111.055,124.50698852539062,95040,0,0,0
1,rank1,3,rx_unpack_dequant_clear,21,1.787,0.176,111.499,124.88800048828125,92160,198,0,0
1,rank1,3,rx_output,3,1.024,0.345,114.859,125.31100463867188,30720,2,1,0
1,rank1,3,start_gate,1,46.653,46.653,1.586,48.239013671875,0,0,0,0
1,rank1,3,pack_tx_data_submit,19,0.391,0.021,49.258,70.67800903320312,107008,0,0,0
1,rank1,3,pack_first_tx_ready,1,2.145,2.145,48.448,50.592987060546875,54,0,0,0
1,rank1,3,pack_mte3_exposed_wait,19,0.037,0.003,50.149,71.30899047851562,107008,0,0,0
1,rank1,4,kernel_total,1,75.628,75.628,48.801,124.42901611328125,0,0,0,0
1,rank1,4,pack_total,1,22.311,22.311,48.895,71.20599365234375,0,0,0,0
1,rank1,4,pack_input_wait,18,0.407,0.023,49.202,69.35299682617188,184320,0,0,0
1,rank1,4,pack_quantize,18,5.548,0.347,49.296,69.7449951171875,92160,198,0,0
1,rank1,4,pack_tx_publish,18,3.472,0.238,50.717,70.875,0,18,18,1152
1,rank1,4,receive_total,1,52.829,52.829,71.422,124.25100708007812,0,0,0,0
1,rank1,4,rx_flag_poll_wait,3,38.974,35.064,71.862,119.5989990234375,24,90,72,990
1,rank1,4,rx_unpack_wait,18,3.553,0.521,107.201,122.97698974609375,95040,0,0,0
1,rank1,4,rx_unpack_dequant_clear,21,1.74,0.153,107.675,123.3590087890625,92160,198,0,0
1,rank1,4,rx_output,3,1.044,0.353,110.793,123.791015625,30720,3,2,0
1,rank1,4,start_gate,1,47.934,47.934,0.766,48.70001220703125,0,0,0,0
1,rank1,4,pack_tx_data_submit,18,0.376,0.021,49.735,69.90301513671875,101376,0,0,0
1,rank1,4,pack_first_tx_ready,1,2.165,2.165,48.908,51.072998046875,73,0,0,0
1,rank1,4,pack_mte3_exposed_wait,18,0.036,0.003,50.629,70.50900268554688,101376,0,0,0
1,rank1,5,kernel_total,1,76.123,76.123,48.555,124.67800903320312,0,0,0,0
1,rank1,5,pack_total,1,22.094,22.094,48.649,70.74301147460938,0,0,0,0
1,rank1,5,pack_input_wait,18,0.403,0.023,48.953,68.91500854492188,184320,0,0,0
1,rank1,5,pack_quantize,18,5.522,0.338,49.048,69.31698608398438,92160,198,0,0
1,rank1,5,pack_tx_publish,18,3.28,0.309,50.475,70.4110107421875,0,18,18,1152
1,rank1,5,receive_total,1,53.558,53.558,70.942,124.5,0,0,0,0
1,rank1,5,rx_flag_poll_wait,3,39.926,38.199,71.37,120.156005859375,29,91,73,1001
1,rank1,5,rx_unpack_wait,18,3.531,0.384,109.845,123.34298706054688,95040,0,0,0
1,rank1,5,rx_unpack_dequant_clear,21,1.763,0.163,110.301,123.72299194335938,92160,198,0,0
1,rank1,5,rx_output,3,1.029,0.346,113.583,124.15200805664062,30720,1,1,0
1,rank1,5,start_gate,1,48.234,48.234,0.219,48.4530029296875,0,0,0,0
1,rank1,5,pack_tx_data_submit,18,0.369,0.021,49.478,69.46600341796875,101376,0,0,0
1,rank1,5,pack_first_tx_ready,1,2.16,2.16,48.662,50.821990966796875,91,0,0,0
1,rank1,5,pack_mte3_exposed_wait,18,0.036,0.004,50.386,70.06399536132812,101376,0,0,0
1,rank1,6,kernel_total,1,81.149,81.149,48.579,129.72799682617188,0,0,0,0
1,rank1,6,pack_total,1,23.249,23.249,48.673,71.9219970703125,0,0,0,0
1,rank1,6,pack_input_wait,19,0.422,0.023,48.98,70.05099487304688,194560,0,0,0
1,rank1,6,pack_quantize,19,5.835,0.341,49.075,70.4530029296875,97280,209,0,0
1,rank1,6,pack_tx_publish,19,3.34,0.243,50.48,71.60400390625,0,19,19,1216
1,rank1,6,receive_total,1,57.41,57.41,72.133,129.54299926757812,0,0,0,0
1,rank1,6,rx_flag_poll_wait,3,43.939,42.644,72.515,125.2659912109375,40,98,80,1078
1,rank1,6,rx_unpack_wait,18,3.35,0.347,115.435,128.40798950195312,95040,0,0,0
1,rank1,6,rx_unpack_dequant_clear,21,1.785,0.175,115.818,128.78900146484375,92160,198,0,0
1,rank1,6,rx_output,3,1.027,0.346,119.204,129.21499633789062,30720,2,2,0
1,rank1,6,start_gate,1,46.786,46.786,1.692,48.477996826171875,0,0,0,0
1,rank1,6,pack_tx_data_submit,19,0.39,0.021,49.509,70.59799194335938,107008,0,0,0
1,rank1,6,pack_first_tx_ready,1,2.14,2.14,48.686,50.82598876953125,109,0,0,0
1,rank1,6,pack_mte3_exposed_wait,19,0.034,0.003,50.392,71.10699462890625,107008,0,0,0
1,rank1,7,kernel_total,1,74.293,74.293,48.366,122.65899658203125,0,0,0,0
1,rank1,7,pack_total,1,22.462,22.462,48.461,70.92300415039062,0,0,0,0
1,rank1,7,pack_input_wait,18,0.403,0.023,48.767,69.06399536132812,184320,0,0,0
1,rank1,7,pack_quantize,18,5.565,0.33,48.862,69.46099853515625,92160,198,0,0
1,rank1,7,pack_tx_publish,18,3.557,0.244,50.274,70.60400390625,0,18,18,1152
1,rank1,7,receive_total,1,51.344,51.344,71.134,122.47799682617188,0,0,0,0
1,rank1,7,rx_flag_poll_wait,3,37.669,29.655,71.517,118.0050048828125,35,85,67,935
1,rank1,7,rx_unpack_wait,18,3.42,0.369,101.458,121.20401000976562,95040,0,0,0
1,rank1,7,rx_unpack_dequant_clear,21,1.776,0.172,101.899,121.60800170898438,92160,198,0,0
1,rank1,7,rx_output,3,1.008,0.338,105.111,122.02999877929688,30720,2,1,0
1,rank1,7,start_gate,1,46.486,46.486,1.779,48.2650146484375,0,0,0,0
1,rank1,7,pack_tx_data_submit,18,0.369,0.021,49.285,69.61099243164062,101376,0,0,0
1,rank1,7,pack_first_tx_ready,1,2.162,2.162,48.473,50.635009765625,128,0,0,0
1,rank1,7,pack_mte3_exposed_wait,18,0.037,0.004,50.186,70.11099243164062,101376,0,0,0
1,rank1,8,kernel_total,1,80.082,80.082,48.749,128.83099365234375,0,0,0,0
1,rank1,8,pack_total,1,22.096,22.096,48.844,70.94000244140625,0,0,0,0
1,rank1,8,pack_input_wait,18,0.404,0.023,49.151,69.10699462890625,184320,0,0,0
1,rank1,8,pack_quantize,18,5.551,0.333,49.245,69.51199340820312,92160,198,0,0
1,rank1,8,pack_tx_publish,18,3.197,0.239,50.66,70.62600708007812,0,18,18,1152
1,rank1,8,receive_total,1,57.501,57.501,71.161,128.6619873046875,0,0,0,0
1,rank1,8,rx_flag_poll_wait,3,44.057,42.136,71.549,124.32901000976562,31,102,84,1122
1,rank1,8,rx_unpack_wait,18,3.358,0.421,113.961,127.5,95040,0,0,0
1,rank1,8,rx_unpack_dequant_clear,21,1.763,0.159,114.454,127.8800048828125,92160,198,0,0
1,rank1,8,rx_output,3,1.038,0.348,117.679,128.30999755859375,30720,2,2,0
1,rank1,8,start_gate,1,47.024,47.024,1.624,48.64801025390625,0,0,0,0
1,rank1,8,pack_tx_data_submit,18,0.365,0.021,49.67,69.6610107421875,101376,0,0,0
1,rank1,8,pack_first_tx_ready,1,2.162,2.162,48.857,51.019012451171875,146,0,0,0
1,rank1,8,pack_mte3_exposed_wait,18,0.034,0.003,50.569,70.14300537109375,101376,0,0,0
1,rank1,9,kernel_total,1,69.038,69.038,48.416,117.45401000976562,0,0,0,0
1,rank1,9,pack_total,1,21.945,21.945,48.511,70.45599365234375,0,0,0,0
1,rank1,9,pack_input_wait,18,0.404,0.023,48.817,68.58200073242188,184320,0,0,0
1,rank1,9,pack_quantize,18,5.556,0.344,48.912,68.98098754882812,92160,198,0,0
1,rank1,9,pack_tx_publish,18,3.035,0.236,50.298,70.1409912109375,0,18,18,1152
1,rank1,9,receive_total,1,46.615,46.615,70.669,117.28399658203125,0,0,0,0
1,rank1,9,rx_flag_poll_wait,3,32.518,31.265,71.078,112.48599243164062,36,73,55,803
1,rank1,9,rx_unpack_wait,18,3.841,0.44,102.626,115.99899291992188,95040,0,0,0
1,rank1,9,rx_unpack_dequant_clear,21,1.773,0.159,103.138,116.3800048828125,92160,198,0,0
1,rank1,9,rx_output,3,1.046,0.355,106.412,116.80999755859375,30720,0,0,0
1,rank1,9,start_gate,1,48.197,48.197,0.118,48.31500244140625,0,0,0,0
1,rank1,9,pack_tx_data_submit,18,0.37,0.021,49.348,69.13101196289062,101376,0,0,0
1,rank1,9,pack_first_tx_ready,1,2.094,2.094,48.523,50.61700439453125,164,0,0,0
1,rank1,9,pack_mte3_exposed_wait,18,0.036,0.003,50.21,69.63299560546875,101376,0,0,0
1,rank1,10,kernel_total,1,75.161,75.161,48.442,123.60299682617188,0,0,0,0
1,rank1,10,pack_total,1,23.165,23.165,48.536,71.70098876953125,0,0,0,0
1,rank1,10,pack_input_wait,19,0.427,0.023,48.844,69.84701538085938,194560,0,0,0
1,rank1,10,pack_quantize,19,5.841,0.327,48.939,70.260986328125,97280,209,0,0
1,rank1,10,pack_tx_publish,19,3.349,0.231,50.327,71.37100219726562,0,19,19,1216
1,rank1,10,receive_total,1,51.532,51.532,71.899,123.43099975585938,0,0,0,0
1,rank1,10,rx_flag_poll_wait,3,37.814,35.507,72.28,118.8699951171875,27,85,67,935
1,rank1,10,rx_unpack_wait,18,3.599,0.53,108.074,122.2760009765625,95040,0,0,0
1,rank1,10,rx_unpack_dequant_clear,21,1.753,0.16,108.556,122.65701293945312,92160,198,0,0
1,rank1,10,rx_output,3,1.05,0.37,111.529,123.0830078125,30720,0,0,0
1,rank1,10,start_gate,1,46.628,46.628,1.713,48.34100341796875,0,0,0,0
1,rank1,10,pack_tx_data_submit,19,0.39,0.021,49.358,70.40701293945312,107008,0,0,0
1,rank1,10,pack_first_tx_ready,1,2.13,2.13,48.549,50.67901611328125,182,0,0,0
1,rank1,10,pack_mte3_exposed_wait,19,0.038,0.003,50.241,71.02999877929688,107008,0,0,0
1,rank1,11,kernel_total,1,70.805,70.805,48.609,119.41400146484375,0,0,0,0
1,rank1,11,pack_total,1,22.148,22.148,48.704,70.85198974609375,0,0,0,0
1,rank1,11,pack_input_wait,18,0.405,0.023,49.012,68.94400024414062,184320,0,0,0
1,rank1,11,pack_quantize,18,5.565,0.343,49.106,69.34298706054688,92160,198,0,0
1,rank1,11,pack_tx_publish,18,3.248,0.23,50.502,70.4840087890625,0,18,18,1152
1,rank1,11,receive_total,1,48.163,48.163,71.078,119.24099731445312,0,0,0,0
1,rank1,11,rx_flag_poll_wait,3,34.05,28.129,71.474,114.63699340820312,41,73,55,803
1,rank1,11,rx_unpack_wait,18,3.874,0.407,99.885,117.97299194335938,95040,0,0,0
1,rank1,11,rx_unpack_dequant_clear,21,1.767,0.16,100.288,118.35501098632812,92160,198,0,0
1,rank1,11,rx_output,3,1.022,0.345,103.673,118.7760009765625,30720,1,1,0
1,rank1,11,start_gate,1,47.436,47.436,1.072,48.50799560546875,0,0,0,0
1,rank1,11,pack_tx_data_submit,18,0.375,0.021,49.541,69.49200439453125,101376,0,0,0
1,rank1,11,pack_first_tx_ready,1,2.126,2.126,48.717,50.842987060546875,201,0,0,0
1,rank1,11,pack_mte3_exposed_wait,18,0.033,0.003,50.415,70.09600830078125,101376,0,0,0
1,rank1,12,kernel_total,1,72.155,72.155,48.863,121.01800537109375,0,0,0,0
1,rank1,12,pack_total,1,22.15,22.15,48.957,71.10699462890625,0,0,0,0
1,rank1,12,pack_input_wait,18,0.401,0.023,49.262,69.1719970703125,184320,0,0,0
1,rank1,12,pack_quantize,18,5.539,0.337,49.36,69.56900024414062,92160,198,0,0
1,rank1,12,pack_tx_publish,18,3.196,0.219,50.746,70.7139892578125,0,18,18,1152
1,rank1,12,receive_total,1,49.524,49.524,71.325,120.8489990234375,0,0,0,0
1,rank1,12,rx_flag_poll_wait,3,35.806,34.576,71.754,116.33499145507812,29,82,64,902
1,rank1,12,rx_unpack_wait,18,3.602,0.503,106.61,119.69900512695312,95040,0,0,0
1,rank1,12,rx_unpack_dequant_clear,21,1.766,0.172,107.031,120.07998657226562,92160,198,0,0
1,rank1,12,rx_output,3,1.003,0.341,110.121,120.50100708007812,30720,2,1,0
1,rank1,12,start_gate,1,48.611,48.611,0.15,48.760986328125,0,0,0,0
1,rank1,12,pack_tx_data_submit,18,0.377,0.021,49.78,69.71798706054688,101376,0,0,0
1,rank1,12,pack_first_tx_ready,1,2.113,2.113,48.97,51.0830078125,219,0,0,0
1,rank1,12,pack_mte3_exposed_wait,18,0.033,0.003,50.664,70.32000732421875,101376,0,0,0
1,rank1,13,kernel_total,1,70.397,70.397,48.652,119.04901123046875,0,0,0,0
1,rank1,13,pack_total,1,23.66,23.66,48.747,72.40701293945312,0,0,0,0
1,rank1,13,pack_input_wait,19,0.427,0.023,49.131,70.52301025390625,194560,0,0,0
1,rank1,13,pack_quantize,19,5.863,0.346,49.226,70.93301391601562,97280,209,0,0
1,rank1,13,pack_tx_publish,19,3.679,0.247,50.647,72.08700561523438,0,19,19,1216
1,rank1,13,receive_total,1,46.266,46.266,72.613,118.87899780273438,0,0,0,0
1,rank1,13,rx_flag_poll_wait,3,32.489,31.125,73.006,114.25,21,73,55,803
1,rank1,13,rx_unpack_wait,18,3.566,0.415,104.413,117.61300659179688,95040,0,0,0
1,rank1,13,rx_unpack_dequant_clear,21,1.774,0.17,104.9,117.9949951171875,92160,198,0,0
1,rank1,13,rx_output,3,1.018,0.34,108.056,118.41799926757812,30720,0,0,0
1,rank1,13,start_gate,1,48.374,48.374,0.177,48.550994873046875,0,0,0,0
1,rank1,13,pack_tx_data_submit,19,0.39,0.021,49.662,71.07901000976562,107008,0,0,0
1,rank1,13,pack_first_tx_ready,1,2.246,2.246,48.76,51.006011962890625,237,0,0,0
1,rank1,13,pack_mte3_exposed_wait,19,0.037,0.003,50.564,71.59799194335938,107008,0,0,0
1,rank1,14,kernel_total,1,72.597,72.597,48.32,120.9169921875,0,0,0,0
1,rank1,14,pack_total,1,22.61,22.61,48.414,71.02398681640625,0,0,0,0
1,rank1,14,pack_input_wait,18,0.402,0.023,48.721,69.06100463867188,184320,0,0,0
1,rank1,14,pack_quantize,18,5.542,0.343,48.819,69.45599365234375,92160,198,0,0
1,rank1,14,pack_tx_publish,18,3.575,0.253,50.207,70.68301391601562,0,18,18,1152
1,rank1,14,receive_total,1,49.492,49.492,71.246,120.73800659179688,0,0,0,0
1,rank1,14,rx_flag_poll_wait,3,35.397,17.769,71.645,115.98098754882812,22,80,62,880
1,rank1,14,rx_unpack_wait,18,3.849,0.455,88.338,119.4639892578125,95040,0,0,0
1,rank1,14,rx_unpack_dequant_clear,21,1.78,0.189,88.749,119.84500122070312,92160,198,0,0
1,rank1,14,rx_output,3,1.038,0.347,91.841,120.27499389648438,30720,2,2,0
1,rank1,14,start_gate,1,46.807,46.807,1.411,48.217987060546875,0,0,0,0
1,rank1,14,pack_tx_data_submit,18,0.373,0.021,49.253,69.60501098632812,101376,0,0,0
1,rank1,14,pack_first_tx_ready,1,2.148,2.148,48.427,50.57501220703125,256,0,0,0
1,rank1,14,pack_mte3_exposed_wait,18,0.035,0.003,50.124,70.1090087890625,101376,0,0,0
1,rank1,15,kernel_total,1,75.488,75.488,48.723,124.21099853515625,0,0,0,0
1,rank1,15,pack_total,1,22.01,22.01,48.818,70.8280029296875,0,0,0,0
1,rank1,15,pack_input_wait,18,0.406,0.023,49.124,68.92999267578125,184320,0,0,0
1,rank1,15,pack_quantize,18,5.538,0.323,49.223,69.3389892578125,92160,198,0,0
1,rank1,15,pack_tx_publish,18,3.129,0.235,50.606,70.4739990234375,0,18,18,1152
1,rank1,15,receive_total,1,52.977,52.977,71.051,124.02801513671875,0,0,0,0
1,rank1,15,rx_flag_poll_wait,3,39.266,36.377,71.451,119.61099243164062,28,93,75,1023
1,rank1,15,rx_unpack_wait,18,3.619,0.457,108.087,122.87799072265625,95040,0,0,0
1,rank1,15,rx_unpack_dequant_clear,21,1.817,0.212,108.551,123.25799560546875,92160,198,0,0
1,rank1,15,rx_output,3,1.019,0.341,111.827,123.67999267578125,30720,1,1,0
1,rank1,15,start_gate,1,47.948,47.948,0.674,48.62200927734375,0,0,0,0
1,rank1,15,pack_tx_data_submit,18,0.367,0.021,49.638,69.48800659179688,101376,0,0,0
1,rank1,15,pack_first_tx_ready,1,2.115,2.115,48.831,50.946014404296875,274,0,0,0
1,rank1,15,pack_mte3_exposed_wait,18,0.034,0.003,50.524,69.99899291992188,101376,0,0,0
1,rank1,16,kernel_total,1,77.43,77.43,48.18,125.61001586914062,0,0,0,0
1,rank1,16,pack_total,1,22.263,22.263,48.275,70.53799438476562,0,0,0,0
1,rank1,16,pack_input_wait,18,0.403,0.023,48.582,68.67999267578125,184320,0,0,0
1,rank1,16,pack_quantize,18,5.489,0.329,48.676,69.07501220703125,92160,198,0,0
1,rank1,16,pack_tx_publish,18,3.468,0.392,50.074,70.20498657226562,0,18,18,1152
1,rank1,16,receive_total,1,54.681,54.681,70.763,125.44400024414062,0,0,0,0
1,rank1,16,rx_flag_poll_wait,3,41.278,40.013,71.201,121.0260009765625,37,94,76,1034
1,rank1,16,rx_unpack_wait,18,3.14,0.357,111.491,124.1619873046875,95040,0,0,0
1,rank1,16,rx_unpack_dequant_clear,21,1.763,0.167,111.91,124.5419921875,92160,198,0,0
1,rank1,16,rx_output,3,1.003,0.337,114.923,124.95901489257812,30720,2,2,0
1,rank1,16,start_gate,1,47.679,47.679,0.4,48.079010009765625,0,0,0,0
1,rank1,16,pack_tx_data_submit,18,0.371,0.021,49.097,69.22601318359375,101376,0,0,0
1,rank1,16,pack_first_tx_ready,1,2.123,2.123,48.288,50.4110107421875,292,0,0,0
1,rank1,16,pack_mte3_exposed_wait,18,0.032,0.003,49.98,69.73300170898438,101376,0,0,0
1,rank1,17,kernel_total,1,77.255,77.255,48.275,125.52999877929688,0,0,0,0
1,rank1,17,pack_total,1,23.466,23.466,48.37,71.83599853515625,0,0,0,0
1,rank1,17,pack_input_wait,19,0.427,0.023,48.677,69.91299438476562,194560,0,0,0
1,rank1,17,pack_quantize,19,5.825,0.331,48.772,70.32598876953125,97280,209,0,0
1,rank1,17,pack_tx_publish,19,3.545,0.241,50.176,71.51901245117188,0,19,19,1216
1,rank1,17,receive_total,1,53.314,53.314,72.051,125.364990234375,0,0,0,0
1,rank1,17,rx_flag_poll_wait,3,39.591,38.375,72.448,120.98199462890625,28,90,72,990
1,rank1,17,rx_unpack_wait,18,3.401,0.349,111.099,124.10299682617188,95040,0,0,0
1,rank1,17,rx_unpack_dequant_clear,21,1.762,0.167,111.598,124.48300170898438,92160,198,0,0
1,rank1,17,rx_output,3,1.044,0.358,114.851,124.90798950195312,30720,2,2,0
1,rank1,17,start_gate,1,48.174,48.174,0.0,48.17401123046875,0,0,0,0
1,rank1,17,pack_tx_data_submit,19,0.39,0.021,49.195,70.47299194335938,107008,0,0,0
1,rank1,17,pack_first_tx_ready,1,2.154,2.154,48.383,50.5369873046875,310,0,0,0
1,rank1,17,pack_mte3_exposed_wait,19,0.04,0.004,50.089,71.0889892578125,107008,0,0,0
1,rank1,18,kernel_total,1,75.022,75.022,48.298,123.32000732421875,0,0,0,0
1,rank1,18,pack_total,1,21.804,21.804,48.392,70.19601440429688,0,0,0,0
1,rank1,18,pack_input_wait,18,0.4,0.023,48.697,68.39401245117188,184320,0,0,0
1,rank1,18,pack_quantize,18,5.512,0.332,48.792,68.80300903320312,92160,198,0,0
1,rank1,18,pack_tx_publish,18,3.005,0.237,50.179,69.88101196289062,0,18,18,1152
1,rank1,18,receive_total,1,52.727,52.727,70.413,123.1400146484375,0,0,0,0
1,rank1,18,rx_flag_poll_wait,3,38.528,36.6,70.803,118.56900024414062,35,83,65,913
1,rank1,18,rx_unpack_wait,18,4.104,0.447,107.671,121.97900390625,95040,0,0,0
1,rank1,18,rx_unpack_dequant_clear,21,1.785,0.184,108.19,122.36001586914062,92160,198,0,0
1,rank1,18,rx_output,3,1.027,0.344,111.518,122.7869873046875,30720,2,1,0
1,rank1,18,start_gate,1,46.784,46.784,1.413,48.196990966796875,0,0,0,0
1,rank1,18,pack_tx_data_submit,18,0.369,0.021,49.216,68.9530029296875,101376,0,0,0
1,rank1,18,pack_first_tx_ready,1,2.128,2.128,48.405,50.532989501953125,329,0,0,0
1,rank1,18,pack_mte3_exposed_wait,18,0.035,0.003,50.093,69.54998779296875,101376,0,0,0
1,rank1,19,kernel_total,1,73.313,73.313,48.511,121.82400512695312,0,0,0,0
1,rank1,19,pack_total,1,21.823,21.823,48.606,70.42901611328125,0,0,0,0
1,rank1,19,pack_input_wait,18,0.401,0.023,48.913,68.60000610351562,184320,0,0,0
1,rank1,19,pack_quantize,18,5.486,0.328,49.008,68.99801635742188,92160,198,0,0
1,rank1,19,pack_tx_publish,18,3.019,0.214,50.379,70.10000610351562,0,18,18,1152
1,rank1,19,receive_total,1,50.998,50.998,70.646,121.64401245117188,0,0,0,0
1,rank1,19,rx_flag_poll_wait,3,37.106,32.712,71.05,117.04299926757812,24,84,66,924
1,rank1,19,rx_unpack_wait,18,3.704,0.446,104.031,120.36898803710938,95040,0,0,0
1,rank1,19,rx_unpack_dequant_clear,21,1.792,0.184,104.549,120.74801635742188,92160,198,0,0
1,rank1,19,rx_output,3,1.016,0.342,107.716,121.17401123046875,30720,1,1,0
1,rank1,19,start_gate,1,47.423,47.423,0.987,48.410003662109375,0,0,0,0
1,rank1,19,pack_tx_data_submit,18,0.373,0.021,49.428,69.14801025390625,101376,0,0,0
1,rank1,19,pack_first_tx_ready,1,2.093,2.093,48.618,50.71099853515625,347,0,0,0
1,rank1,19,pack_mte3_exposed_wait,18,0.036,0.003,50.291,69.74600219726562,101376,0,0,0
1,rank1,20,kernel_total,1,80.376,80.376,48.49,128.86599731445312,0,0,0,0
1,rank1,20,pack_total,1,23.289,23.289,48.584,71.87301635742188,0,0,0,0
1,rank1,20,pack_input_wait,19,0.428,0.023,48.891,69.96200561523438,194560,0,0,0
1,rank1,20,pack_quantize,19,5.818,0.324,48.985,70.37301635742188,97280,209,0,0
1,rank1,20,pack_tx_publish,19,3.381,0.246,50.385,71.531005859375,0,19,19,1216
1,rank1,20,receive_total,1,56.597,56.597,72.083,128.67999267578125,0,0,0,0
1,rank1,20,rx_flag_poll_wait,4,38.901,33.415,72.484,124.44699096679688,27,90,66,990
1,rank1,20,rx_unpack_wait,24,4.41,0.508,106.198,127.61801147460938,126720,0,0,0
1,rank1,20,rx_unpack_dequant_clear,28,2.323,0.159,106.667,128.0,122880,264,0,0
1,rank1,20,rx_output,4,1.348,0.339,109.799,128.42300415039062,40960,2,1,0
1,rank1,20,start_gate,1,47.166,47.166,1.223,48.389007568359375,0,0,0,0
1,rank1,20,pack_tx_data_submit,19,0.392,0.021,49.401,70.51901245117188,107008,0,0,0
1,rank1,20,pack_first_tx_ready,1,2.135,2.135,48.597,50.73199462890625,365,0,0,0
1,rank1,20,pack_mte3_exposed_wait,19,0.036,0.003,50.294,71.02899169921875,107008,0,0,0
1,rank1,21,kernel_total,1,71.037,71.037,48.538,119.57501220703125,0,0,0,0
1,rank1,21,pack_total,1,22.536,22.536,48.632,71.16799926757812,0,0,0,0
1,rank1,21,pack_input_wait,18,0.406,0.023,49.007,69.07501220703125,184320,0,0,0
1,rank1,21,pack_quantize,18,5.525,0.34,49.102,69.48199462890625,92160,198,0,0
1,rank1,21,pack_tx_publish,18,3.329,0.235,50.49,70.74301147460938,0,18,18,1152
1,rank1,21,receive_total,1,48.025,48.025,71.385,119.41000366210938,0,0,0,0
1,rank1,21,rx_flag_poll_wait,3,34.39,22.803,71.818,114.6719970703125,37,74,56,814
1,rank1,21,rx_unpack_wait,18,3.348,0.393,94.924,118.135986328125,95040,0,0,0
1,rank1,21,rx_unpack_dequant_clear,21,1.761,0.161,95.326,118.5159912109375,92160,198,0,0
1,rank1,21,rx_output,3,1.039,0.35,98.295,118.95001220703125,30720,2,1,0
1,rank1,21,start_gate,1,47.26,47.26,1.176,48.436004638671875,0,0,0,0
1,rank1,21,pack_tx_data_submit,18,0.372,0.021,49.519,69.63198852539062,101376,0,0,0
1,rank1,21,pack_first_tx_ready,1,2.193,2.193,48.645,50.8380126953125,384,0,0,0
1,rank1,21,pack_mte3_exposed_wait,18,0.037,0.003,50.399,70.14498901367188,101376,0,0,0
1,rank1,22,kernel_total,1,68.279,68.279,48.782,117.06100463867188,0,0,0,0
1,rank1,22,pack_total,1,21.909,21.909,48.877,70.7860107421875,0,0,0,0
1,rank1,22,pack_input_wait,18,0.407,0.023,49.182,69.04299926757812,184320,0,0,0
1,rank1,22,pack_quantize,18,5.511,0.325,49.277,69.43701171875,92160,198,0,0
1,rank1,22,pack_tx_publish,18,3.022,0.226,50.669,70.44900512695312,0,18,18,1152
1,rank1,22,receive_total,1,45.887,45.887,70.999,116.885986328125,0,0,0,0
1,rank1,22,rx_flag_poll_wait,3,31.966,30.151,71.407,112.26901245117188,27,73,55,803
1,rank1,22,rx_unpack_wait,18,3.701,0.382,101.835,115.62399291992188,95040,0,0,0
1,rank1,22,rx_unpack_dequant_clear,21,1.775,0.176,102.248,116.0050048828125,92160,198,0,0
1,rank1,22,rx_output,3,1.02,0.342,105.529,116.42800903320312,30720,0,0,0
1,rank1,22,start_gate,1,48.131,48.131,0.549,48.67999267578125,0,0,0,0
1,rank1,22,pack_tx_data_submit,18,0.371,0.021,49.694,69.58599853515625,101376,0,0,0
1,rank1,22,pack_first_tx_ready,1,2.119,2.119,48.89,51.009002685546875,402,0,0,0
1,rank1,22,pack_mte3_exposed_wait,18,0.035,0.003,50.583,70.09100341796875,101376,0,0,0
1,rank1,23,kernel_total,1,75.325,75.325,48.466,123.791015625,0,0,0,0
1,rank1,23,pack_total,1,22.097,22.097,48.561,70.65798950195312,0,0,0,0
1,rank1,23,pack_input_wait,18,0.405,0.023,48.867,68.92800903320312,184320,0,0,0
1,rank1,23,pack_quantize,18,5.525,0.332,48.962,69.32598876953125,92160,198,0,0
1,rank1,23,pack_tx_publish,18,3.253,0.237,50.353,70.3389892578125,0,18,18,1152
1,rank1,23,receive_total,1,52.747,52.747,70.872,123.61898803710938,0,0,0,0
1,rank1,23,rx_flag_poll_wait,3,39.247,36.98,71.294,119.22698974609375,28,93,75,1023
1,rank1,23,rx_unpack_wait,18,3.367,0.375,108.546,122.45700073242188,95040,0,0,0
1,rank1,23,rx_unpack_dequant_clear,21,1.781,0.179,108.993,122.8380126953125,92160,198,0,0
1,rank1,23,rx_output,3,1.003,0.339,112.185,123.260009765625,30720,2,2,0
1,rank1,23,start_gate,1,47.904,47.904,0.461,48.364990234375,0,0,0,0
1,rank1,23,pack_tx_data_submit,18,0.373,0.021,49.386,69.47500610351562,101376,0,0,0
1,rank1,23,pack_first_tx_ready,1,2.126,2.126,48.573,50.699005126953125,420,0,0,0
1,rank1,23,pack_mte3_exposed_wait,18,0.036,0.003,50.27,69.97698974609375,101376,0,0,0
1,rank1,24,kernel_total,1,78.063,78.063,48.201,126.26400756835938,0,0,0,0
1,rank1,24,pack_total,1,23.472,23.472,48.296,71.76800537109375,0,0,0,0
1,rank1,24,pack_input_wait,19,0.425,0.023,48.602,69.90399169921875,194560,0,0,0
1,rank1,24,pack_quantize,19,5.881,0.338,48.7,70.31201171875,97280,209,0,0
1,rank1,24,pack_tx_publish,19,3.461,0.242,50.173,71.45199584960938,0,19,19,1216
1,rank1,24,receive_total,1,54.085,54.085,71.988,126.072998046875,0,0,0,0
1,rank1,24,rx_flag_poll_wait,3,40.658,29.351,72.389,121.75201416015625,41,91,73,1001
1,rank1,24,rx_unpack_wait,18,3.234,0.352,102.015,124.90499877929688,95040,0,0,0
1,rank1,24,rx_unpack_dequant_clear,21,1.791,0.182,102.439,125.2860107421875,92160,198,0,0
1,rank1,24,rx_output,3,1.03,0.354,105.679,125.71701049804688,30720,1,1,0
1,rank1,24,start_gate,1,47.428,47.428,0.672,48.100006103515625,0,0,0,0
1,rank1,24,pack_tx_data_submit,19,0.393,0.021,49.208,70.45901489257812,107008,0,0,0
1,rank1,24,pack_first_tx_ready,1,2.219,2.219,48.308,50.527008056640625,438,0,0,0
1,rank1,24,pack_mte3_exposed_wait,19,0.037,0.003,50.091,71.0830078125,107008,0,0,0
1,rank1,25,kernel_total,1,70.883,70.883,48.226,119.1090087890625,0,0,0,0
1,rank1,25,pack_total,1,22.309,22.309,48.32,70.62899780273438,0,0,0,0
1,rank1,25,pack_input_wait,18,0.489,0.109,48.709,68.77099609375,184320,0,0,0
1,rank1,25,pack_quantize,18,5.638,0.344,48.894,69.21600341796875,92160,198,0,0
1,rank1,25,pack_tx_publish,18,3.014,0.24,50.402,70.2919921875,0,18,18,1152
1,rank1,25,receive_total,1,48.072,48.072,70.849,118.92098999023438,0,0,0,0
1,rank1,25,rx_flag_poll_wait,3,33.94,30.55,71.322,114.13800048828125,24,79,61,869
1,rank1,25,rx_unpack_wait,18,3.632,0.342,102.308,117.6409912109375,95040,0,0,0
1,rank1,25,rx_unpack_dequant_clear,21,1.807,0.214,102.668,118.02200317382812,92160,198,0,0
1,rank1,25,rx_output,3,1.05,0.362,106.022,118.46798706054688,30720,0,0,0
1,rank1,25,start_gate,1,47.881,47.881,0.244,48.125,0,0,0,0
1,rank1,25,pack_tx_data_submit,18,0.374,0.021,49.317,69.36599731445312,101376,0,0,0
1,rank1,25,pack_first_tx_ready,1,2.428,2.428,48.333,50.760986328125,457,0,0,0
1,rank1,25,pack_mte3_exposed_wait,18,0.032,0.003,50.311,69.9630126953125,101376,0,0,0
1,rank1,26,kernel_total,1,73.222,73.222,48.178,121.39999389648438,0,0,0,0
1,rank1,26,pack_total,1,22.247,22.247,48.272,70.51901245117188,0,0,0,0
1,rank1,26,pack_input_wait,18,0.399,0.023,48.577,68.57501220703125,184320,0,0,0
1,rank1,26,pack_quantize,18,5.543,0.334,48.672,68.9840087890625,92160,198,0,0
1,rank1,26,pack_tx_publish,18,3.363,0.242,50.084,70.17800903320312,0,18,18,1152
1,rank1,26,receive_total,1,50.468,50.468,70.746,121.2139892578125,0,0,0,0
1,rank1,26,rx_flag_poll_wait,3,36.24,32.13,71.245,116.51800537109375,23,84,66,924
1,rank1,26,rx_unpack_wait,18,3.86,0.491,103.643,119.93899536132812,95040,0,0,0
1,rank1,26,rx_unpack_dequant_clear,21,1.788,0.194,104.073,120.31900024414062,92160,198,0,0
1,rank1,26,rx_output,3,1.052,0.359,107.324,120.76199340820312,30720,3,2,0
1,rank1,26,start_gate,1,46.334,46.334,1.742,48.07598876953125,0,0,0,0
1,rank1,26,pack_tx_data_submit,18,0.373,0.021,49.098,69.13400268554688,101376,0,0,0
1,rank1,26,pack_first_tx_ready,1,2.127,2.127,48.285,50.4119873046875,475,0,0,0
1,rank1,26,pack_mte3_exposed_wait,18,0.031,0.003,49.998,69.77099609375,101376,0,0,0
1,rank1,27,kernel_total,1,73.172,73.172,48.702,121.87399291992188,0,0,0,0
1,rank1,27,pack_total,1,23.173,23.173,48.797,71.97000122070312,0,0,0,0
1,rank1,27,pack_input_wait,19,0.427,0.023,49.104,70.2239990234375,194560,0,0,0
1,rank1,27,pack_quantize,19,5.819,0.329,49.204,70.62600708007812,97280,209,0,0
1,rank1,27,pack_tx_publish,19,3.372,0.254,50.6,71.62600708007812,0,19,19,1216
1,rank1,27,receive_total,1,49.484,49.484,72.199,121.68301391601562,0,0,0,0
1,rank1,27,rx_flag_poll_wait,3,35.83,29.708,72.605,117.23800659179688,38,80,62,880
1,rank1,27,rx_unpack_wait,18,3.476,0.532,102.589,120.52499389648438,95040,0,0,0
1,rank1,27,rx_unpack_dequant_clear,21,1.788,0.192,103.041,120.90499877929688,92160,198,0,0
1,rank1,27,rx_output,3,1.044,0.35,106.193,121.33499145507812,30720,3,2,0
1,rank1,27,start_gate,1,46.997,46.997,1.604,48.60101318359375,0,0,0,0
1,rank1,27,pack_tx_data_submit,19,0.398,0.021,49.625,70.77200317382812,107008,0,0,0
1,rank1,27,pack_first_tx_ready,1,2.141,2.141,48.81,50.95098876953125,493,0,0,0
1,rank1,27,pack_mte3_exposed_wait,19,0.032,0.003,50.512,71.28799438476562,107008,0,0,0
1,rank1,28,kernel_total,1,83.004,83.004,48.681,131.68499755859375,0,0,0,0
1,rank1,28,pack_total,1,22.282,22.282,48.776,71.05801391601562,0,0,0,0
1,rank1,28,pack_input_wait,18,0.404,0.023,49.081,69.09600830078125,184320,0,0,0
1,rank1,28,pack_quantize,18,5.483,0.324,49.181,69.49600219726562,92160,198,0,0
1,rank1,28,pack_tx_publish,18,3.272,0.243,50.576,70.69198608398438,0,18,18,1152
1,rank1,28,receive_total,1,60.23,60.23,71.276,131.50601196289062,0,0,0,0
1,rank1,28,rx_flag_poll_wait,3,46.728,45.031,71.717,127.20599365234375,39,109,91,1199
1,rank1,28,rx_unpack_wait,18,3.281,0.491,117.051,130.30401611328125,95040,0,0,0
1,rank1,28,rx_unpack_dequant_clear,21,1.779,0.17,117.544,130.70700073242188,92160,198,0,0
1,rank1,28,rx_output,3,1.015,0.34,120.686,131.12799072265625,30720,0,0,0
1,rank1,28,start_gate,1,47.324,47.324,1.255,48.579010009765625,0,0,0,0
1,rank1,28,pack_tx_data_submit,18,0.369,0.021,49.598,69.64599609375,101376,0,0,0
1,rank1,28,pack_first_tx_ready,1,2.148,2.148,48.788,50.936004638671875,512,0,0,0
1,rank1,28,pack_mte3_exposed_wait,18,0.035,0.004,50.489,70.1610107421875,101376,0,0,0
1,rank1,29,kernel_total,1,75.785,75.785,48.184,123.968994140625,0,0,0,0
1,rank1,29,pack_total,1,22.003,22.003,48.279,70.28201293945312,0,0,0,0
1,rank1,29,pack_input_wait,18,0.406,0.023,48.662,68.60101318359375,184320,0,0,0
1,rank1,29,pack_quantize,18,5.571,0.338,48.757,69.0,92160,198,0,0
1,rank1,29,pack_tx_publish,18,3.088,0.237,50.16,69.96200561523438,0,18,18,1152
1,rank1,29,receive_total,1,53.307,53.307,70.486,123.79299926757812,0,0,0,0
1,rank1,29,rx_flag_poll_wait,3,39.287,35.602,70.901,119.31698608398438,26,93,75,1023
1,rank1,29,rx_unpack_wait,18,3.615,0.359,106.795,122.49899291992188,95040,0,0,0
1,rank1,29,rx_unpack_dequant_clear,21,1.786,0.174,107.324,122.88299560546875,92160,198,0,0
1,rank1,29,rx_output,3,1.028,0.35,110.698,123.31600952148438,30720,0,0,0
1,rank1,29,start_gate,1,48.054,48.054,0.029,48.0830078125,0,0,0,0
1,rank1,29,pack_tx_data_submit,18,0.373,0.021,49.188,69.14999389648438,101376,0,0,0
1,rank1,29,pack_first_tx_ready,1,2.218,2.218,48.292,50.510009765625,530,0,0,0
1,rank1,29,pack_mte3_exposed_wait,18,0.037,0.003,50.077,69.635009765625,101376,0,0,0
1,rank1,30,kernel_total,1,78.688,78.688,48.161,126.8489990234375,0,0,0,0
1,rank1,30,pack_total,1,21.784,21.784,48.255,70.03900146484375,0,0,0,0
1,rank1,30,pack_input_wait,18,0.402,0.023,48.56,68.36801147460938,184320,0,0,0
1,rank1,30,pack_quantize,18,5.589,0.349,48.654,68.76800537109375,92160,198,0,0
1,rank1,30,pack_tx_publish,18,2.889,0.224,50.092,69.72500610351562,0,18,18,1152
1,rank1,30,receive_total,1,56.407,56.407,70.259,126.666015625,0,0,0,0
1,rank1,30,rx_flag_poll_wait,3,42.849,41.043,70.67,122.22900390625,28,101,83,1111
1,rank1,30,rx_unpack_wait,18,3.388,0.472,111.993,125.50201416015625,95040,0,0,0
1,rank1,30,rx_unpack_dequant_clear,21,1.785,0.181,112.438,125.88198852539062,92160,198,0,0
1,rank1,30,rx_output,3,1.034,0.35,115.567,126.3070068359375,30720,2,2,0
1,rank1,30,start_gate,1,46.557,46.557,1.503,48.05999755859375,0,0,0,0
1,rank1,30,pack_tx_data_submit,18,0.369,0.021,49.079,68.91799926757812,101376,0,0,0
1,rank1,30,pack_first_tx_ready,1,2.154,2.154,48.268,50.4219970703125,548,0,0,0
1,rank1,30,pack_mte3_exposed_wait,18,0.034,0.003,50.005,69.40701293945312,101376,0,0,0
1,rank1,31,kernel_total,1,77.552,77.552,48.841,126.39300537109375,0,0,0,0
1,rank1,31,pack_total,1,23.107,23.107,48.936,72.04299926757812,0,0,0,0
1,rank1,31,pack_input_wait,19,0.426,0.023,49.242,70.20700073242188,194560,0,0,0
1,rank1,31,pack_quantize,19,5.895,0.343,49.34,70.62100219726562,97280,209,0,0
1,rank1,31,pack_tx_publish,19,3.245,0.229,50.737,71.70498657226562,0,19,19,1216
1,rank1,31,receive_total,1,53.95,53.95,72.264,126.2139892578125,0,0,0,0
1,rank1,31,rx_flag_poll_wait,3,40.686,31.024,72.679,121.75698852539062,55,95,77,1045
1,rank1,31,rx_unpack_wait,18,3.005,0.39,103.982,124.92098999023438,95040,0,0,0
1,rank1,31,rx_unpack_dequant_clear,21,1.779,0.183,104.382,125.302001953125,92160,198,0,0
1,rank1,31,rx_output,3,1.033,0.352,107.449,125.73699951171875,30720,2,1,0
1,rank1,31,start_gate,1,48.16,48.16,0.579,48.739013671875,0,0,0,0
1,rank1,31,pack_tx_data_submit,19,0.393,0.021,49.775,70.76699829101562,107008,0,0,0
1,rank1,31,pack_first_tx_ready,1,2.136,2.136,48.948,51.084014892578125,566,0,0,0
1,rank1,31,pack_mte3_exposed_wait,19,0.038,0.003,50.655,71.37600708007812,107008,0,0,0
1,rank1,32,kernel_total,1,80.696,80.696,47.745,128.44100952148438,0,0,0,0
1,rank1,32,pack_total,1,20.848,20.848,47.84,68.68798828125,0,0,0,0
1,rank1,32,pack_input_wait,18,0.405,0.023,48.146,66.99099731445312,184320,0,0,0
1,rank1,32,pack_quantize,18,5.526,0.348,48.24,67.38900756835938,92160,198,0,0
1,rank1,32,pack_tx_publish,18,2.06,0.118,49.647,68.37200927734375,0,18,18,1152
1,rank1,32,receive_total,1,59.346,59.346,68.921,128.26699829101562,0,0,0,0
1,rank1,32,rx_flag_poll_wait,3,45.261,43.902,69.339,123.68798828125,43,102,84,1122
1,rank1,32,rx_unpack_wait,18,3.913,0.438,113.508,127.0830078125,95040,0,0,0
1,rank1,32,rx_unpack_dequant_clear,21,1.789,0.183,114.018,127.4630126953125,92160,198,0,0
1,rank1,32,rx_output,3,1.036,0.353,117.431,127.90200805664062,30720,2,2,0
1,rank1,32,start_gate,1,45.349,45.349,2.295,47.644012451171875,0,0,0,0
1,rank1,32,pack_tx_data_submit,18,0.37,0.021,48.68,67.53799438476562,101376,0,0,0
1,rank1,32,pack_first_tx_ready,1,2.026,2.026,47.852,49.87799072265625,585,0,0,0
1,rank1,32,pack_mte3_exposed_wait,18,0.036,0.004,49.556,68.03900146484375,101376,0,0,0
1,rank1,33,kernel_total,1,77.386,77.386,47.934,125.32000732421875,0,0,0,0
1,rank1,33,pack_total,1,20.836,20.836,48.029,68.864990234375,0,0,0,0
1,rank1,33,pack_input_wait,18,0.406,0.023,48.335,67.15200805664062,184320,0,0,0
1,rank1,33,pack_quantize,18,5.485,0.322,48.434,67.56100463867188,92160,198,0,0
1,rank1,33,pack_tx_publish,18,2.1,0.118,49.815,68.54800415039062,0,18,18,1152
1,rank1,33,receive_total,1,56.057,56.057,69.083,125.1400146484375,0,0,0,0
1,rank1,33,rx_flag_poll_wait,3,42.093,40.292,69.501,120.56698608398438,41,96,78,1056
1,rank1,33,rx_unpack_wait,18,3.847,0.371,110.062,123.96200561523438,95040,0,0,0
1,rank1,33,rx_unpack_dequant_clear,21,1.778,0.179,110.505,124.34201049804688,92160,198,0,0
1,rank1,33,rx_output,3,1.041,0.353,113.769,124.76800537109375,30720,1,1,0
1,rank1,33,start_gate,1,46.844,46.844,0.989,47.8330078125,0,0,0,0
1,rank1,33,pack_tx_data_submit,18,0.369,0.021,48.848,67.71099853515625,101376,0,0,0
1,rank1,33,pack_first_tx_ready,1,2.011,2.011,48.041,50.052001953125,603,0,0,0
1,rank1,33,pack_mte3_exposed_wait,18,0.035,0.003,49.727,68.21200561523438,101376,0,0,0
1,rank1,34,kernel_total,1,70.739,70.739,47.839,118.5780029296875,0,0,0,0
1,rank1,34,pack_total,1,22.105,22.105,47.933,70.03799438476562,0,0,0,0
1,rank1,34,pack_input_wait,19,0.43,0.023,48.24,68.36001586914062,194560,0,0,0
1,rank1,34,pack_quantize,19,5.858,0.341,48.334,68.77398681640625,97280,209,0,0
1,rank1,34,pack_tx_publish,19,2.247,0.124,49.739,69.72500610351562,0,19,19,1216
1,rank1,34,receive_total,1,48.165,48.165,70.241,118.406005859375,0,0,0,0
1,rank1,34,rx_flag_poll_wait,3,34.162,27.331,70.659,113.96600341796875,29,74,56,814
1,rank1,34,rx_unpack_wait,18,3.81,0.447,98.264,117.19000244140625,95040,0,0,0
1,rank1,34,rx_unpack_dequant_clear,21,1.776,0.166,98.656,117.57199096679688,92160,198,0,0
1,rank1,34,rx_output,3,1.033,0.349,101.984,117.99200439453125,30720,2,2,0
1,rank1,34,start_gate,1,45.423,45.423,2.314,47.73699951171875,0,0,0,0
1,rank1,34,pack_tx_data_submit,19,0.39,0.021,48.768,68.92001342773438,107008,0,0,0
1,rank1,34,pack_first_tx_ready,1,2.034,2.034,47.946,49.980010986328125,621,0,0,0
1,rank1,34,pack_mte3_exposed_wait,19,0.035,0.003,49.651,69.39898681640625,107008,0,0,0
1,rank1,35,kernel_total,1,69.617,69.617,48.852,118.468994140625,0,0,0,0
1,rank1,35,pack_total,1,20.634,20.634,48.947,69.58099365234375,0,0,0,0
1,rank1,35,pack_input_wait,18,0.404,0.023,49.252,67.87100219726562,184320,0,0,0
1,rank1,35,pack_quantize,18,5.505,0.337,49.35,68.2650146484375,92160,198,0,0
1,rank1,35,pack_tx_publish,18,1.832,0.116,50.734,69.26400756835938,0,18,18,1152
1,rank1,35,receive_total,1,48.513,48.513,69.785,118.29800415039062,0,0,0,0
1,rank1,35,rx_flag_poll_wait,3,34.439,31.256,70.205,113.74700927734375,23,80,62,880
1,rank1,35,rx_unpack_wait,18,3.814,0.36,101.755,117.09201049804688,95040,0,0,0
1,rank1,35,rx_unpack_dequant_clear,21,1.79,0.17,102.147,117.49200439453125,92160,198,0,0
1,rank1,35,rx_output,3,1.031,0.35,105.389,117.9119873046875,30720,2,2,0
1,rank1,35,start_gate,1,47.703,47.703,1.048,48.751007080078125,0,0,0,0
1,rank1,35,pack_tx_data_submit,18,0.369,0.021,49.779,68.42300415039062,101376,0,0,0
1,rank1,35,pack_first_tx_ready,1,1.994,1.994,48.96,50.954010009765625,640,0,0,0
1,rank1,35,pack_mte3_exposed_wait,18,0.034,0.003,50.651,68.91900634765625,101376,0,0,0
1,rank1,36,kernel_total,1,74.39,74.39,47.696,122.08599853515625,0,0,0,0
1,rank1,36,pack_total,1,20.976,20.976,47.79,68.7659912109375,0,0,0,0
1,rank1,36,pack_input_wait,18,0.401,0.023,48.096,67.04000854492188,184320,0,0,0
1,rank1,36,pack_quantize,18,5.643,0.353,48.195,67.43701171875,92160,198,0,0
1,rank1,36,pack_tx_publish,18,2.062,0.129,49.584,68.44100952148438,0,18,18,1152
1,rank1,36,receive_total,1,52.92,52.92,68.987,121.90701293945312,0,0,0,0
1,rank1,36,rx_flag_poll_wait,3,39.31,35.824,69.4,117.29998779296875,25,90,72,990
1,rank1,36,rx_unpack_wait,18,3.463,0.394,105.505,120.73001098632812,95040,0,0,0
1,rank1,36,rx_unpack_dequant_clear,21,1.78,0.182,105.972,121.11001586914062,92160,198,0,0
1,rank1,36,rx_output,3,1.035,0.349,109.054,121.54299926757812,30720,2,1,0
1,rank1,36,start_gate,1,45.05,45.05,2.544,47.593994140625,0,0,0,0
1,rank1,36,pack_tx_data_submit,18,0.371,0.021,48.615,67.58700561523438,101376,0,0,0
1,rank1,36,pack_first_tx_ready,1,2.009,2.009,47.803,49.81201171875,658,0,0,0
1,rank1,36,pack_mte3_exposed_wait,18,0.034,0.003,49.498,68.10000610351562,101376,0,0,0
1,rank1,37,kernel_total,1,76.854,76.854,48.566,125.42001342773438,0,0,0,0
1,rank1,37,pack_total,1,21.146,21.146,48.661,69.8070068359375,0,0,0,0
1,rank1,37,pack_input_wait,18,0.406,0.023,48.967,68.0830078125,184320,0,0,0
1,rank1,37,pack_quantize,18,5.564,0.335,49.062,68.47799682617188,92160,198,0,0
1,rank1,37,pack_tx_publish,18,2.283,0.129,50.46,69.47799682617188,0,18,18,1152
1,rank1,37,receive_total,1,55.209,55.209,70.028,125.23699951171875,0,0,0,0
1,rank1,37,rx_flag_poll_wait,3,41.669,33.954,70.442,120.7340087890625,30,97,79,1067
1,rank1,37,rx_unpack_wait,18,3.415,0.34,104.672,124.06100463867188,95040,0,0,0
1,rank1,37,rx_unpack_dequant_clear,21,1.776,0.178,105.084,124.4429931640625,92160,198,0,0
1,rank1,37,rx_output,3,1.034,0.349,108.201,124.86801147460938,30720,0,0,0
1,rank1,37,start_gate,1,45.588,45.588,2.877,48.464996337890625,0,0,0,0
1,rank1,37,pack_tx_data_submit,18,0.371,0.021,49.489,68.62799072265625,101376,0,0,0
1,rank1,37,pack_first_tx_ready,1,2.04,2.04,48.673,50.7130126953125,676,0,0,0
1,rank1,37,pack_mte3_exposed_wait,18,0.035,0.003,50.374,69.13900756835938,101376,0,0,0
1,rank1,38,kernel_total,1,76.963,76.963,47.955,124.91799926757812,0,0,0,0
1,rank1,38,pack_total,1,22.082,22.082,48.049,70.13101196289062,0,0,0,0
1,rank1,38,pack_input_wait,19,0.426,0.023,48.356,68.416015625,194560,0,0,0
1,rank1,38,pack_quantize,19,5.868,0.334,48.45,68.8280029296875,97280,209,0,0
1,rank1,38,pack_tx_publish,19,2.265,0.127,49.839,69.81201171875,0,19,19,1216
1,rank1,38,receive_total,1,54.4,54.4,70.339,124.739013671875,0,0,0,0
1,rank1,38,rx_flag_poll_wait,3,40.762,38.03,70.753,120.29901123046875,29,96,78,1056
1,rank1,38,rx_unpack_wait,18,3.403,0.352,109.073,123.55801391601562,95040,0,0,0
1,rank1,38,rx_unpack_dequant_clear,21,1.766,0.169,109.581,123.93899536132812,92160,198,0,0
1,rank1,38,rx_output,3,1.023,0.343,112.722,124.364990234375,30720,1,1,0
1,rank1,38,start_gate,1,45.129,45.129,2.724,47.852996826171875,0,0,0,0
1,rank1,38,pack_tx_data_submit,19,0.392,0.021,48.869,68.9739990234375,107008,0,0,0
1,rank1,38,pack_first_tx_ready,1,2.03,2.03,48.062,50.092010498046875,694,0,0,0
1,rank1,38,pack_mte3_exposed_wait,19,0.033,0.003,49.757,69.47201538085938,107008,0,0,0
1,rank1,39,kernel_total,1,77.671,77.671,47.79,125.46099853515625,0,0,0,0
1,rank1,39,pack_total,1,21.066,21.066,47.885,68.95098876953125,0,0,0,0
1,rank1,39,pack_input_wait,18,0.405,0.023,48.191,67.2139892578125,184320,0,0,0
1,rank1,39,pack_quantize,18,5.539,0.336,48.29,67.61599731445312,92160,198,0,0
1,rank1,39,pack_tx_publish,18,2.228,0.127,49.7,68.6300048828125,0,18,18,1152
1,rank1,39,receive_total,1,56.122,56.122,69.16,125.28201293945312,0,0,0,0
1,rank1,39,rx_flag_poll_wait,3,42.72,40.485,69.574,120.99700927734375,26,99,81,1089
1,rank1,39,rx_unpack_wait,18,3.22,0.462,110.349,124.08499145507812,95040,0,0,0
1,rank1,39,rx_unpack_dequant_clear,21,1.774,0.171,110.716,124.46600341796875,92160,198,0,0
1,rank1,39,rx_output,3,1.009,0.341,113.947,124.88101196289062,30720,2,1,0
1,rank1,39,start_gate,1,45.109,45.109,2.58,47.688995361328125,0,0,0,0
1,rank1,39,pack_tx_data_submit,18,0.368,0.021,48.718,67.7659912109375,101376,0,0,0
1,rank1,39,pack_first_tx_ready,1,2.045,2.045,47.898,49.9429931640625,713,0,0,0
1,rank1,39,pack_mte3_exposed_wait,18,0.035,0.004,49.615,68.27700805664062,101376,0,0,0
1,rank1,40,kernel_total,1,70.674,70.674,48.512,119.18600463867188,0,0,0,0
1,rank1,40,pack_total,1,21.306,21.306,48.607,69.91299438476562,0,0,0,0
1,rank1,40,pack_input_wait,18,0.405,0.023,48.912,68.15399169921875,184320,0,0,0
1,rank1,40,pack_quantize,18,5.562,0.342,49.007,68.57101440429688,92160,198,0,0
1,rank1,40,pack_tx_publish,18,2.494,0.144,50.414,69.59600830078125,0,18,18,1152
1,rank1,40,receive_total,1,48.857,48.857,70.143,119.0,0,0,0,0
1,rank1,40,rx_flag_poll_wait,3,35.206,22.549,70.546,114.50299072265625,32,77,59,847
1,rank1,40,rx_unpack_wait,18,3.448,0.388,93.376,117.7969970703125,95040,0,0,0
1,rank1,40,rx_unpack_dequant_clear,21,1.788,0.194,93.833,118.17999267578125,92160,198,0,0
1,rank1,40,rx_output,3,1.049,0.353,97.011,118.614990234375,30720,3,2,0
1,rank1,40,start_gate,1,46.182,46.182,2.229,48.4110107421875,0,0,0,0
1,rank1,40,pack_tx_data_submit,18,0.371,0.021,49.441,68.72100830078125,101376,0,0,0
1,rank1,40,pack_first_tx_ready,1,2.024,2.024,48.62,50.644012451171875,731,0,0,0
1,rank1,40,pack_mte3_exposed_wait,18,0.035,0.004,50.326,69.24899291992188,101376,0,0,0
1,rank1,41,kernel_total,1,85.406,85.406,48.07,133.47601318359375,0,0,0,0
1,rank1,41,pack_total,1,22.108,22.108,48.165,70.27301025390625,0,0,0,0
1,rank1,41,pack_input_wait,19,0.427,0.023,48.47,68.55099487304688,194560,0,0,0
1,rank1,41,pack_quantize,19,5.798,0.328,48.565,68.9530029296875,97280,209,0,0
1,rank1,41,pack_tx_publish,19,2.38,0.136,49.972,69.95700073242188,0,19,19,1216
1,rank1,41,receive_total,1,62.786,62.786,70.502,133.28799438476562,0,0,0,0
1,rank1,41,rx_flag_poll_wait,4,44.616,39.699,70.908,129.08099365234375,29,98,74,1078
1,rank1,41,rx_unpack_wait,24,4.794,0.431,110.889,132.17999267578125,126720,0,0,0
1,rank1,41,rx_unpack_dequant_clear,28,2.35,0.194,111.31,132.55999755859375,122880,264,0,0
1,rank1,41,rx_output,4,1.392,0.353,114.694,132.98501586914062,40960,2,2,0
1,rank1,41,start_gate,1,45.157,45.157,2.812,47.968994140625,0,0,0,0
1,rank1,41,pack_tx_data_submit,19,0.391,0.021,48.985,69.0989990234375,107008,0,0,0
1,rank1,41,pack_first_tx_ready,1,2.034,2.034,48.177,50.21099853515625,749,0,0,0
1,rank1,41,pack_mte3_exposed_wait,19,0.036,0.003,49.881,69.61801147460938,107008,0,0,0
1,rank1,42,kernel_total,1,96.093,96.093,48.527,144.6199951171875,0,0,0,0
1,rank1,42,send_total,1,80.783,80.783,51.905,132.68798828125,0,0,0,0
1,rank1,42,tx_meta_scan,35,5.673,0.182,53.705,111.85000610351562,0,3,32,0
1,rank1,42,tx_ready_poll,44,0.098,0.003,53.423,111.50799560546875,9,35,0,0
1,rank1,42,self_copy,3,2.503,0.871,75.878,107.95700073242188,16896,0,0,0
1,rank1,42,udma_post,32,33.304,1.82,54.07,112.97601318359375,180224,32,1,0
1,rank1,42,udma_quiet,7,15.926,3.462,114.854,132.42901611328125,7,0,0,0
1,rank1,42,local_rx_wait,1,4.212,4.212,132.753,136.96499633789062,42,0,0,0
1,rank1,42,round_publish,1,7.309,7.309,137.134,144.4429931640625,1,64,1,1
1,rank1,42,global_round_wait,1,3.173,3.173,48.621,51.79400634765625,1,127,0,0
1,rank1,42,start_gate,1,46.454,46.454,1.975,48.42901611328125,1,64,1,1
1,rank1,43,kernel_total,1,90.28,90.28,48.391,138.67098999023438,0,0,0,0
1,rank1,43,send_total,1,79.552,79.552,51.755,131.3070068359375,0,0,0,0
1,rank1,43,tx_meta_scan,35,5.736,0.188,53.551,112.5679931640625,0,5,30,0
1,rank1,43,tx_ready_poll,43,0.096,0.003,53.281,112.18301391601562,8,35,0,0
1,rank1,43,self_copy,5,4.152,0.901,88.313,113.5360107421875,28160,0,0,0
1,rank1,43,udma_post,30,32.214,2.202,53.927,110.54000854492188,168960,30,1,0
1,rank1,43,udma_quiet,7,13.995,3.186,115.403,131.04299926757812,7,0,0,0
1,rank1,43,local_rx_wait,1,0.563,0.563,131.432,131.9949951171875,0,0,0,0
1,rank1,43,round_publish,1,0.605,0.605,137.8,138.40499877929688,0,0,0,0
1,rank1,43,global_round_wait,1,3.16,3.16,48.484,51.644012451171875,0,127,0,0
1,rank1,43,start_gate,1,46.196,46.196,2.096,48.2919921875,0,0,0,0
1,rank1,44,kernel_total,1,95.163,95.163,47.709,142.87200927734375,0,0,0,0
1,rank1,44,send_total,1,78.387,78.387,51.518,129.90499877929688,0,0,0,0
1,rank1,44,tx_meta_scan,35,5.572,0.178,53.276,110.71200561523438,0,4,31,0
1,rank1,44,tx_ready_poll,42,0.082,0.003,53.046,110.42401123046875,7,35,0,0
1,rank1,44,self_copy,4,3.57,1.016,81.633,110.12200927734375,22528,0,0,0
1,rank1,44,udma_post,31,31.344,1.801,53.64,111.84600830078125,174592,31,1,0
1,rank1,44,udma_quiet,7,14.306,3.151,113.73,129.65200805664062,7,0,0,0
1,rank1,44,local_rx_wait,1,0.288,0.288,130.05,130.3380126953125,0,0,0,0
1,rank1,44,round_publish,1,4.846,4.846,137.755,142.60101318359375,1,64,1,1
1,rank1,44,global_round_wait,1,3.603,3.603,47.803,51.406005859375,1,127,0,0
1,rank1,44,start_gate,1,44.968,44.968,2.647,47.614990234375,1,64,1,1
1,rank1,45,kernel_total,1,94.332,94.332,48.365,142.69699096679688,0,0,0,0
1,rank1,45,send_total,1,77.902,77.902,51.617,129.51901245117188,0,0,0,0
1,rank1,45,tx_meta_scan,35,5.702,0.189,54.701,112.45498657226562,0,10,25,0
1,rank1,45,tx_ready_poll,49,0.104,0.003,53.137,112.114013671875,14,35,0,0
1,rank1,45,self_copy,10,8.272,1.111,57.229,101.30599975585938,56320,0,0,0
1,rank1,45,udma_post,25,26.468,1.516,55.033,113.50799560546875,140800,25,1,0
1,rank1,45,udma_quiet,7,12.457,2.608,115.248,129.260986328125,7,0,0,0
1,rank1,45,local_rx_wait,1,0.554,0.554,129.665,130.218994140625,0,0,0,0
1,rank1,45,round_publish,1,4.574,4.574,137.851,142.42498779296875,1,64,1,1
1,rank1,45,global_round_wait,1,3.048,3.048,48.458,51.506011962890625,1,127,0,0
1,rank1,45,start_gate,1,46.803,46.803,1.468,48.27099609375,1,64,1,1
1,rank1,46,kernel_total,1,94.181,94.181,48.017,142.197998046875,0,0,0,0
1,rank1,46,send_total,1,82.491,82.491,51.859,134.35000610351562,0,0,0,0
1,rank1,46,tx_meta_scan,35,5.581,0.195,54.329,113.52899169921875,0,0,35,0
1,rank1,46,tx_ready_poll,44,0.098,0.003,53.388,113.13400268554688,9,35,0,0
1,rank1,46,udma_post,35,36.362,1.759,54.66,114.60699462890625,197120,35,1,0
1,rank1,46,udma_quiet,7,15.989,4.132,116.489,134.08099365234375,7,0,0,0
1,rank1,46,local_rx_wait,1,0.547,0.547,134.499,135.04598999023438,0,0,0,0
1,rank1,46,round_publish,1,4.177,4.177,137.732,141.90899658203125,1,64,1,1
1,rank1,46,global_round_wait,1,3.637,3.637,48.111,51.748016357421875,1,127,0,0
1,rank1,46,start_gate,1,45.48,45.48,2.443,47.923004150390625,1,64,1,1
1,rank1,47,kernel_total,1,95.683,95.683,47.852,143.53500366210938,0,0,0,0
1,rank1,47,send_total,1,82.689,82.689,51.881,134.57000732421875,0,0,0,0
1,rank1,47,tx_meta_scan,35,5.612,0.184,54.303,114.98501586914062,0,3,32,0
1,rank1,47,tx_ready_poll,45,0.111,0.003,53.409,114.62200927734375,10,35,0,0
1,rank1,47,self_copy,3,3.025,1.285,72.804,111.15701293945312,16896,0,0,0
1,rank1,47,udma_post,32,35.022,1.894,54.616,116.06698608398438,180224,32,1,0
1,rank1,47,udma_quiet,7,14.89,2.868,117.945,134.33401489257812,7,0,0,0
1,rank1,47,local_rx_wait,1,0.526,0.526,134.635,135.1610107421875,0,0,0,0
1,rank1,47,round_publish,1,5.417,5.417,137.828,143.2449951171875,1,64,1,1
1,rank1,47,global_round_wait,1,3.823,3.823,47.946,51.769012451171875,1,127,0,0
1,rank1,47,start_gate,1,46.499,46.499,1.259,47.75799560546875,1,64,1,1
1,rank1,48,kernel_total,1,94.336,94.336,48.248,142.58401489257812,0,0,0,0
1,rank1,48,send_total,1,80.563,80.563,51.539,132.10198974609375,0,0,0,0
1,rank1,48,tx_meta_scan,35,5.669,0.213,53.795,111.64498901367188,0,1,34,0
1,rank1,48,tx_ready_poll,48,0.107,0.003,53.059,111.23501586914062,13,35,0,0
1,rank1,48,self_copy,1,1.122,1.122,86.24,87.36199951171875,5632,0,0,0
1,rank1,48,udma_post,34,32.695,1.676,54.136,112.61001586914062,191488,34,1,0
1,rank1,48,udma_quiet,7,15.799,3.528,114.422,131.83499145507812,7,0,0,0
1,rank1,48,local_rx_wait,1,0.545,0.545,132.243,132.78799438476562,0,0,0,0
1,rank1,48,round_publish,1,4.539,4.539,137.777,142.31600952148438,1,64,1,1
1,rank1,48,global_round_wait,1,3.086,3.086,48.342,51.428009033203125,1,127,0,0
1,rank1,48,start_gate,1,46.374,46.374,1.776,48.149993896484375,1,64,1,1
1,rank1,49,kernel_total,1,94.61,94.61,48.221,142.83099365234375,0,0,0,0
1,rank1,49,send_total,1,83.381,83.381,51.678,135.05899047851562,0,0,0,0
1,rank1,49,tx_meta_scan,35,5.673,0.208,53.934,114.156005859375,0,0,35,0
1,rank1,49,tx_ready_poll,47,0.106,0.003,53.199,113.79000854492188,12,35,0,0
1,rank1,49,udma_post,35,36.913,1.849,54.351,115.09298706054688,197120,35,1,0
1,rank1,49,udma_quiet,7,16.284,4.719,116.913,134.79501342773438,7,0,0,0
1,rank1,49,local_rx_wait,1,0.289,0.289,135.2,135.489013671875,0,0,0,0
1,rank1,49,round_publish,1,4.857,4.857,137.706,142.56298828125,1,64,1,1
1,rank1,49,global_round_wait,1,3.257,3.257,48.314,51.571014404296875,1,127,0,0
1,rank1,49,start_gate,1,45.357,45.357,2.77,48.12701416015625,1,64,1,1
1,rank1,50,kernel_total,1,85.205,85.205,48.481,133.68600463867188,0,0,0,0
1,rank1,50,send_total,1,81.325,81.325,51.584,132.90899658203125,0,0,0,0
1,rank1,50,tx_meta_scan,35,5.603,0.182,53.894,112.31600952148438,0,2,33,0
1,rank1,50,tx_ready_poll,47,0.111,0.003,53.103,111.92999267578125,12,35,0,0
1,rank1,50,self_copy,2,1.85,1.048,65.263,71.50900268554688,11264,0,0,0
1,rank1,50,udma_post,33,32.829,1.749,54.219,113.33599853515625,185856,33,1,0
1,rank1,50,udma_quiet,7,15.975,3.682,115.151,132.66900634765625,7,0,0,0
1,rank1,50,local_rx_wait,1,0.289,0.289,132.973,133.26199340820312,0,0,0,0
1,rank1,50,global_round_wait,1,2.902,2.902,48.575,51.47698974609375,0,0,0,0
1,rank1,50,start_gate,1,45.994,45.994,2.393,48.386993408203125,0,0,0,0
1,rank1,51,kernel_total,1,83.795,83.795,49.196,132.99099731445312,0,0,0,0
1,rank1,51,send_total,1,80.035,80.035,51.932,131.96701049804688,0,0,0,0
1,rank1,51,tx_meta_scan,35,5.862,0.238,54.109,111.55899047851562,0,3,32,0
1,rank1,51,tx_ready_poll,45,0.102,0.003,53.455,111.1619873046875,10,35,0,0
1,rank1,51,self_copy,3,2.431,0.831,57.315,101.60800170898438,16896,0,0,0
1,rank1,51,udma_post,32,31.687,1.856,54.444,112.68798828125,180224,32,1,0
1,rank1,51,udma_quiet,7,15.591,3.141,114.506,131.72299194335938,7,0,0,0
1,rank1,51,local_rx_wait,1,0.538,0.538,132.031,132.56900024414062,0,0,0,0
1,rank1,51,global_round_wait,1,2.536,2.536,49.289,51.82501220703125,0,0,0,0
1,rank1,51,start_gate,1,47.907,47.907,1.195,49.10198974609375,0,0,0,0
1,rank1,52,kernel_total,1,85.492,85.492,48.407,133.89898681640625,0,0,0,0
1,rank1,52,send_total,1,81.225,81.225,51.778,133.00299072265625,0,0,0,0
1,rank1,52,tx_meta_scan,35,5.675,0.195,54.641,112.92800903320312,0,2,33,0
1,rank1,52,tx_ready_poll,46,0.115,0.003,53.301,112.541015625,11,35,0,0
1,rank1,52,self_copy,2,1.679,0.85,60.064,99.90701293945312,11264,0,0,0
1,rank1,52,udma_post,33,33.463,1.784,54.974,114.00299072265625,185856,33,1,0
1,rank1,52,udma_quiet,7,15.339,3.205,115.806,132.73599243164062,7,0,0,0
1,rank1,52,local_rx_wait,1,0.428,0.428,133.067,133.4949951171875,0,0,0,0
1,rank1,52,global_round_wait,1,3.171,3.171,48.5,51.670989990234375,0,0,0,0
1,rank1,52,start_gate,1,45.454,45.454,2.859,48.31298828125,0,0,0,0
1,rank1,53,kernel_total,1,86.327,86.327,48.46,134.7869873046875,0,0,0,0
1,rank1,53,send_total,1,82.309,82.309,51.708,134.01699829101562,0,0,0,0
1,rank1,53,tx_meta_scan,35,5.605,0.182,53.925,113.11599731445312,0,2,33,0
1,rank1,53,tx_ready_poll,42,0.098,0.003,53.235,112.739990234375,7,35,0,0
1,rank1,53,self_copy,2,1.735,0.903,66.814,101.34298706054688,11264,0,0,0
1,rank1,53,udma_post,33,35.324,2.135,54.323,114.15200805664062,185856,33,1,0
1,rank1,53,udma_quiet,7,16.14,4.064,116.076,133.75201416015625,7,0,0,0
1,rank1,53,local_rx_wait,1,0.301,0.301,134.081,134.38198852539062,0,0,0,0
1,rank1,53,global_round_wait,1,3.044,3.044,48.553,51.597015380859375,0,0,0,0
1,rank1,53,start_gate,1,46.409,46.409,1.952,48.360992431640625,0,0,0,0
1,rank1,54,kernel_total,1,81.699,81.699,48.036,129.73501586914062,0,0,0,0
1,rank1,54,send_total,1,77.377,77.377,51.464,128.84100341796875,0,0,0,0
1,rank1,54,tx_meta_scan,35,5.738,0.246,53.404,109.552001953125,0,6,29,0
1,rank1,54,tx_ready_poll,43,0.106,0.003,52.985,109.07000732421875,8,35,0,0
1,rank1,54,self_copy,6,5.046,0.986,80.945,104.17401123046875,33792,0,0,0
1,rank1,54,udma_post,29,28.218,1.781,53.725,110.49700927734375,163328,29,1,0
1,rank1,54,udma_quiet,7,14.646,3.373,112.413,128.59100341796875,7,0,0,0
1,rank1,54,local_rx_wait,1,0.409,0.409,128.906,129.31500244140625,0,0,0,0
1,rank1,54,global_round_wait,1,3.227,3.227,48.129,51.355987548828125,0,0,0,0
1,rank1,54,start_gate,1,45.373,45.373,2.569,47.941986083984375,0,0,0,0
1,rank1,55,kernel_total,1,85.062,85.062,47.965,133.02700805664062,0,0,0,0
1,rank1,55,send_total,1,80.511,80.511,51.638,132.14898681640625,0,0,0,0
1,rank1,55,tx_meta_scan,35,5.685,0.207,53.538,112.61300659179688,0,7,28,0
1,rank1,55,tx_ready_poll,47,0.107,0.003,53.155,112.30099487304688,12,35,0,0
1,rank1,55,self_copy,7,5.69,0.966,53.872,110.552001953125,39424,0,0,0
1,rank1,55,udma_post,28,29.837,1.662,55.983,113.53799438476562,157696,28,1,0
1,rank1,55,udma_quiet,7,14.811,2.862,115.311,131.89801025390625,7,0,0,0
1,rank1,55,local_rx_wait,1,0.292,0.292,132.292,132.58401489257812,0,0,0,0
1,rank1,55,global_round_wait,1,3.468,3.468,48.058,51.5260009765625,0,0,0,0
1,rank1,55,start_gate,1,46.714,46.714,1.157,47.871002197265625,0,0,0,0
1,rank1,56,kernel_total,1,84.686,84.686,47.898,132.58401489257812,0,0,0,0
1,rank1,56,send_total,1,80.344,80.344,51.42,131.76400756835938,0,0,0,0
1,rank1,56,tx_meta_scan,35,5.783,0.239,53.267,112.86300659179688,0,6,29,0
1,rank1,56,tx_ready_poll,45,0.101,0.003,52.945,112.5260009765625,10,35,0,0
1,rank1,56,self_copy,6,5.254,1.151,53.599,99.48699951171875,33792,0,0,0
1,rank1,56,udma_post,29,32.111,1.719,55.831,113.92401123046875,163328,29,1,0
1,rank1,56,udma_quiet,7,14.203,2.853,115.763,131.50900268554688,7,0,0,0
1,rank1,56,local_rx_wait,1,0.3,0.3,131.828,132.12799072265625,0,0,0,0
1,rank1,56,global_round_wait,1,3.321,3.321,47.992,51.31298828125,0,0,0,0
1,rank1,56,start_gate,1,44.978,44.978,2.826,47.80401611328125,0,0,0,0
1,rank1,57,kernel_total,1,81.932,81.932,48.436,130.36801147460938,0,0,0,0
1,rank1,57,send_total,1,77.774,77.774,51.665,129.43899536132812,0,0,0,0
1,rank1,57,tx_meta_scan,35,5.776,0.214,53.713,111.97100830078125,0,8,27,0
1,rank1,57,tx_ready_poll,45,0.1,0.003,53.195,111.63699340820312,10,35,0,0
1,rank1,57,self_copy,8,7.283,1.324,57.52,105.27301025390625,45056,0,0,0
1,rank1,57,udma_post,27,27.644,1.979,54.03,112.95498657226562,152064,27,1,0
1,rank1,57,udma_quiet,7,12.836,2.701,114.807,129.1719970703125,7,0,0,0
1,rank1,57,local_rx_wait,1,0.425,0.425,129.5,129.92498779296875,0,0,0,0
1,rank1,57,global_round_wait,1,3.025,3.025,48.529,51.55401611328125,0,0,0,0
1,rank1,57,start_gate,1,45.648,45.648,2.694,48.342010498046875,0,0,0,0
1,rank1,58,kernel_total,1,84.611,84.611,47.754,132.364990234375,0,0,0,0
1,rank1,58,send_total,1,79.591,79.591,51.832,131.42300415039062,0,0,0,0
1,rank1,58,tx_meta_scan,35,5.62,0.198,53.947,112.43399047851562,0,6,29,0
1,rank1,58,tx_ready_poll,42,0.091,0.003,53.359,112.05801391601562,7,35,0,0
1,rank1,58,self_copy,6,4.976,0.934,71.016,103.92098999023438,33792,0,0,0
1,rank1,58,udma_post,29,31.452,1.96,54.266,113.49398803710938,163328,29,1,0
1,rank1,58,udma_quiet,7,14.149,3.414,115.493,131.16400146484375,7,0,0,0
1,rank1,58,local_rx_wait,1,0.426,0.426,131.488,131.91400146484375,0,0,0,0
1,rank1,58,global_round_wait,1,3.873,3.873,47.847,51.720001220703125,0,0,0,0
1,rank1,58,start_gate,1,45.839,45.839,1.821,47.660003662109375,0,0,0,0
1,rank1,59,kernel_total,1,85.354,85.354,47.807,133.1610107421875,0,0,0,0
1,rank1,59,send_total,1,80.599,80.599,51.733,132.33200073242188,0,0,0,0
1,rank1,59,tx_meta_scan,35,5.642,0.196,55.155,112.99200439453125,0,5,30,0
1,rank1,59,tx_ready_poll,49,0.112,0.003,53.26,112.71099853515625,14,35,0,0
1,rank1,59,self_copy,5,4.127,0.87,64.722,113.9429931640625,28160,0,0,0
1,rank1,59,udma_post,30,30.868,1.718,55.502,112.4429931640625,168960,30,1,0
1,rank1,59,udma_quiet,7,14.89,3.122,115.649,132.07998657226562,7,0,0,0
1,rank1,59,local_rx_wait,1,0.3,0.3,132.397,132.69699096679688,0,0,0,0
1,rank1,59,global_round_wait,1,3.722,3.722,47.9,51.62200927734375,0,0,0,0
1,rank1,59,start_gate,1,45.333,45.333,2.375,47.7080078125,0,0,0,0
1,rank1,60,kernel_total,1,82.253,82.253,47.987,130.239990234375,0,0,0,0
1,rank1,60,send_total,1,77.869,77.869,51.445,129.31399536132812,0,0,0,0
1,rank1,60,tx_meta_scan,35,5.84,0.284,54.007,109.23800659179688,0,2,33,0
1,rank1,60,tx_ready_poll,45,0.104,0.003,52.985,108.85101318359375,10,35,0,0
1,rank1,60,self_copy,2,1.703,0.922,85.584,93.69100952148438,11264,0,0,0
1,rank1,60,udma_post,33,30.934,1.856,54.491,110.135009765625,185856,33,1,0
1,rank1,60,udma_quiet,7,15.597,3.12,111.959,129.05899047851562,7,0,0,0
1,rank1,60,local_rx_wait,1,0.425,0.425,129.379,129.80401611328125,0,0,0,0
1,rank1,60,global_round_wait,1,3.254,3.254,48.08,51.334014892578125,0,0,0,0
1,rank1,60,start_gate,1,46.228,46.228,1.665,47.89300537109375,0,0,0,0
1,rank1,61,kernel_total,1,85.669,85.669,48.292,133.96099853515625,0,0,0,0
1,rank1,61,send_total,1,79.853,79.853,51.557,131.41000366210938,0,0,0,0
1,rank1,61,tx_meta_scan,35,5.811,0.236,53.993,112.7130126953125,0,5,30,0
1,rank1,61,tx_ready_poll,46,0.105,0.003,53.096,112.38800048828125,11,35,0,0
1,rank1,61,self_copy,5,4.325,0.959,57.695,102.64801025390625,28160,0,0,0
1,rank1,61,udma_post,30,31.81,2.056,54.419,113.7139892578125,168960,30,1,0
1,rank1,61,udma_quiet,7,14.088,2.876,115.535,131.16799926757812,7,0,0,0
1,rank1,61,local_rx_wait,1,2.028,2.028,131.474,133.50201416015625,0,0,0,0
1,rank1,61,global_round_wait,1,3.064,3.064,48.385,51.449005126953125,0,0,0,0
1,rank1,61,start_gate,1,46.469,46.469,1.725,48.194000244140625,0,0,0,0
1,rank1,62,kernel_total,1,82.64,82.64,47.873,130.51300048828125,0,0,0,0
1,rank1,62,send_total,1,78.314,78.314,51.493,129.8070068359375,0,0,0,0
1,rank1,62,tx_meta_scan,34,5.508,0.183,53.963,110.74700927734375,0,4,30,0
1,rank1,62,tx_ready_poll,45,0.104,0.003,53.03,110.37399291992188,11,34,0,0
1,rank1,62,self_copy,4,3.294,0.908,54.381,82.88299560546875,22528,0,0,0
1,rank1,62,udma_post,30,31.293,1.936,56.613,111.86700439453125,168960,30,1,0
1,rank1,62,udma_quiet,7,14.256,3.145,113.693,129.48800659179688,7,0,0,0
1,rank1,62,local_rx_wait,1,0.203,0.203,129.871,130.07400512695312,0,0,0,0
1,rank1,62,global_round_wait,1,3.415,3.415,47.966,51.381011962890625,0,0,0,0
1,rank1,62,start_gate,1,45.866,45.866,1.908,47.77398681640625,0,0,0,0
1,rank1,63,kernel_total,1,81.673,81.673,48.268,129.94100952148438,0,0,0,0
1,rank1,63,send_total,1,77.233,77.233,51.796,129.02899169921875,0,0,0,0
1,rank1,63,tx_meta_scan,34,5.53,0.228,54.32,110.5360107421875,0,6,28,0
1,rank1,63,tx_ready_poll,46,0.11,0.003,53.333,110.23300170898438,12,34,0,0
1,rank1,63,self_copy,6,4.867,0.859,54.644,108.36898803710938,33792,0,0,0
1,rank1,63,udma_post,28,28.435,1.67,56.973,111.51199340820312,157696,28,1,0
1,rank1,63,udma_quiet,6,14.094,3.271,113.353,128.78201293945312,6,0,0,0
1,rank1,63,local_rx_wait,1,0.323,0.323,129.178,129.50100708007812,0,0,0,0
1,rank1,63,global_round_wait,1,3.328,3.328,48.361,51.688995361328125,0,0,0,0
1,rank1,63,start_gate,1,46.796,46.796,1.374,48.170013427734375,0,0,0,0
2,rank2,0,kernel_total,1,78.368,78.368,81.131,159.49899291992188,0,0,0,0
2,rank2,0,pack_total,1,22.566,22.566,81.226,103.7919921875,0,0,0,0
2,rank2,0,pack_input_wait,18,0.404,0.023,81.533,101.90301513671875,184320,0,0,0
2,rank2,0,pack_quantize,18,5.723,0.352,81.632,102.302001953125,92160,198,0,0
2,rank2,0,pack_tx_publish,18,3.499,0.249,83.089,103.45098876953125,0,18,18,1152
2,rank2,0,receive_total,1,55.318,55.318,103.995,159.31298828125,0,0,0,0
2,rank2,0,rx_flag_poll_wait,3,41.77,38.898,104.361,154.9110107421875,32,94,76,1034
2,rank2,0,rx_unpack_wait,18,3.458,0.42,143.534,158.15200805664062,95040,0,0,0
2,rank2,0,rx_unpack_dequant_clear,21,1.769,0.167,144.026,158.53399658203125,92160,198,0,0
2,rank2,0,rx_output,3,1.046,0.351,147.114,158.96099853515625,30720,1,1,0
2,rank2,0,start_gate,1,78.41,78.41,2.62,81.02999877929688,0,0,0,0
2,rank2,0,pack_tx_data_submit,18,0.372,0.021,82.076,102.4530029296875,101376,0,0,0
2,rank2,0,pack_first_tx_ready,1,2.205,2.205,81.238,83.4429931640625,0,0,0,0
2,rank2,0,pack_mte3_exposed_wait,18,0.032,0.003,83.003,102.97201538085938,101376,0,0,0
2,rank2,1,kernel_total,1,74.897,74.897,81.155,156.052001953125,0,0,0,0
2,rank2,1,pack_total,1,22.347,22.347,81.249,103.59600830078125,0,0,0,0
2,rank2,1,pack_input_wait,18,0.403,0.023,81.556,101.78399658203125,184320,0,0,0
2,rank2,1,pack_quantize,18,5.628,0.369,81.65,102.17599487304688,92160,198,0,0
2,rank2,1,pack_tx_publish,18,3.404,0.256,83.106,103.27899169921875,0,18,18,1152
2,rank2,1,receive_total,1,52.068,52.068,103.8,155.86801147460938,0,0,0,0
2,rank2,1,rx_flag_poll_wait,3,38.151,32.849,104.167,151.30801391601562,30,87,69,957
2,rank2,1,rx_unpack_wait,18,3.65,0.465,137.297,154.56600952148438,95040,0,0,0
2,rank2,1,rx_unpack_dequant_clear,21,1.784,0.168,137.834,154.94699096679688,92160,198,0,0
2,rank2,1,rx_output,3,1.045,0.352,141.025,155.375,30720,1,1,0
2,rank2,1,start_gate,1,79.613,79.613,1.44,81.05300903320312,0,0,0,0
2,rank2,1,pack_tx_data_submit,18,0.367,0.021,82.111,102.32598876953125,101376,0,0,0
2,rank2,1,pack_first_tx_ready,1,2.211,2.211,81.262,83.47299194335938,18,0,0,0
2,rank2,1,pack_mte3_exposed_wait,18,0.033,0.004,83.018,102.82501220703125,101376,0,0,0
2,rank2,2,kernel_total,1,74.334,74.334,82.329,156.66299438476562,0,0,0,0
2,rank2,2,pack_total,1,22.158,22.158,82.424,104.58200073242188,0,0,0,0
2,rank2,2,pack_input_wait,18,0.408,0.023,82.731,102.73001098632812,184320,0,0,0
2,rank2,2,pack_quantize,18,5.59,0.343,82.826,103.135009765625,92160,198,0,0
2,rank2,2,pack_tx_publish,18,3.22,0.23,84.241,104.24600219726562,0,18,18,1152
2,rank2,2,receive_total,1,51.682,51.682,104.793,156.47500610351562,0,0,0,0
2,rank2,2,rx_flag_poll_wait,3,38.2,31.733,105.164,152.114990234375,27,88,70,968
2,rank2,2,rx_unpack_wait,18,3.454,0.365,137.158,155.31900024414062,95040,0,0,0
2,rank2,2,rx_unpack_dequant_clear,21,1.774,0.18,137.548,155.70098876953125,92160,198,0,0
2,rank2,2,rx_output,3,1.026,0.35,140.672,156.11898803710938,30720,2,1,0
2,rank2,2,start_gate,1,81.13,81.13,1.098,82.22799682617188,0,0,0,0
2,rank2,2,pack_tx_data_submit,18,0.37,0.021,83.253,103.28500366210938,101376,0,0,0
2,rank2,2,pack_first_tx_ready,1,2.145,2.145,82.437,84.58200073242188,36,0,0,0
2,rank2,2,pack_mte3_exposed_wait,18,0.036,0.003,84.15,103.79901123046875,101376,0,0,0
2,rank2,3,kernel_total,1,73.813,73.813,82.273,156.08599853515625,0,0,0,0
2,rank2,3,pack_total,1,23.308,23.308,82.368,105.67599487304688,0,0,0,0
2,rank2,3,pack_input_wait,19,0.428,0.023,82.675,103.9010009765625,194560,0,0,0
2,rank2,3,pack_quantize,19,6.073,0.358,82.774,104.30499267578125,97280,209,0,0
2,rank2,3,pack_tx_publish,19,3.226,0.23,84.168,105.35400390625,0,19,19,1216
2,rank2,3,receive_total,1,50.013,50.013,105.892,155.90499877929688,0,0,0,0
2,rank2,3,rx_flag_poll_wait,3,36.368,18.465,106.258,151.47601318359375,35,79,61,869
2,rank2,3,rx_unpack_wait,18,3.325,0.355,123.33,154.614990234375,95040,0,0,0
2,rank2,3,rx_unpack_dequant_clear,21,1.81,0.181,123.766,154.9949951171875,92160,198,0,0
2,rank2,3,rx_output,3,1.023,0.343,127.052,155.4219970703125,30720,1,1,0
2,rank2,3,start_gate,1,79.605,79.605,2.567,82.1719970703125,0,0,0,0
2,rank2,3,pack_tx_data_submit,19,0.388,0.021,83.189,104.45001220703125,107008,0,0,0
2,rank2,3,pack_first_tx_ready,1,2.137,2.137,82.381,84.51800537109375,54,0,0,0
2,rank2,3,pack_mte3_exposed_wait,19,0.037,0.004,84.087,105.03799438476562,107008,0,0,0
2,rank2,4,kernel_total,1,69.034,69.034,81.851,150.885009765625,0,0,0,0
2,rank2,4,pack_total,1,21.976,21.976,81.945,103.92098999023438,0,0,0,0
2,rank2,4,pack_input_wait,18,0.402,0.023,82.249,102.06698608398438,184320,0,0,0
2,rank2,4,pack_quantize,18,5.557,0.386,82.347,102.47900390625,92160,198,0,0
2,rank2,4,pack_tx_publish,18,3.068,0.228,83.794,103.60101318359375,0,18,18,1152
2,rank2,4,receive_total,1,46.57,46.57,104.133,150.7030029296875,0,0,0,0
2,rank2,4,rx_flag_poll_wait,3,32.613,29.987,104.514,145.989990234375,22,75,57,825
2,rank2,4,rx_unpack_wait,18,3.738,0.387,134.785,149.43399047851562,95040,0,0,0
2,rank2,4,rx_unpack_dequant_clear,21,1.757,0.163,135.224,149.81500244140625,92160,198,0,0
2,rank2,4,rx_output,3,1.046,0.351,138.365,150.24899291992188,30720,0,0,0
2,rank2,4,start_gate,1,79.318,79.318,2.431,81.74899291992188,0,0,0,0
2,rank2,4,pack_tx_data_submit,18,0.369,0.021,82.827,102.62899780273438,101376,0,0,0
2,rank2,4,pack_first_tx_ready,1,2.18,2.18,81.958,84.13800048828125,73,0,0,0
2,rank2,4,pack_mte3_exposed_wait,18,0.035,0.003,83.711,103.239013671875,101376,0,0,0
2,rank2,5,kernel_total,1,75.11,75.11,81.177,156.2869873046875,0,0,0,0
2,rank2,5,pack_total,1,21.877,21.877,81.271,103.14801025390625,0,0,0,0
2,rank2,5,pack_input_wait,18,0.401,0.023,81.577,101.32901000976562,184320,0,0,0
2,rank2,5,pack_quantize,18,5.54,0.352,81.675,101.72698974609375,92160,198,0,0
2,rank2,5,pack_tx_publish,18,3.039,0.23,83.108,102.83200073242188,0,18,18,1152
2,rank2,5,receive_total,1,52.755,52.755,103.348,156.10299682617188,0,0,0,0
2,rank2,5,rx_flag_poll_wait,3,39.259,22.086,103.718,151.57501220703125,31,89,71,979
2,rank2,5,rx_unpack_wait,18,3.411,0.383,120.558,154.93798828125,95040,0,0,0
2,rank2,5,rx_unpack_dequant_clear,21,1.76,0.166,120.947,155.3179931640625,92160,198,0,0
2,rank2,5,rx_output,3,1.029,0.348,124.009,155.7449951171875,30720,1,1,0
2,rank2,5,start_gate,1,78.771,78.771,2.304,81.07501220703125,0,0,0,0
2,rank2,5,pack_tx_data_submit,18,0.372,0.021,82.086,101.87701416015625,101376,0,0,0
2,rank2,5,pack_first_tx_ready,1,2.174,2.174,81.284,83.4580078125,91,0,0,0
2,rank2,5,pack_mte3_exposed_wait,18,0.032,0.004,83.027,102.489990234375,101376,0,0,0
2,rank2,6,kernel_total,1,76.982,76.982,82.109,159.09100341796875,0,0,0,0
2,rank2,6,pack_total,1,23.166,23.166,82.204,105.3699951171875,0,0,0,0
2,rank2,6,pack_input_wait,19,0.423,0.023,82.51,103.55401611328125,194560,0,0,0
2,rank2,6,pack_quantize,19,5.876,0.334,82.609,103.95599365234375,97280,209,0,0
2,rank2,6,pack_tx_publish,19,3.258,0.217,84.017,105.05401611328125,0,19,19,1216
2,rank2,6,receive_total,1,53.305,53.305,105.581,158.885986328125,0,0,0,0
2,rank2,6,rx_flag_poll_wait,3,39.588,38.145,105.996,154.32598876953125,38,90,72,990
2,rank2,6,rx_unpack_wait,18,3.483,0.413,144.406,157.6199951171875,95040,0,0,0
2,rank2,6,rx_unpack_dequant_clear,21,1.772,0.172,144.813,158.0,92160,198,0,0
2,rank2,6,rx_output,3,1.019,0.342,147.967,158.42599487304688,30720,2,1,0
2,rank2,6,start_gate,1,80.409,80.409,1.599,82.00799560546875,0,0,0,0
2,rank2,6,pack_tx_data_submit,19,0.392,0.021,83.035,104.10198974609375,107008,0,0,0
2,rank2,6,pack_first_tx_ready,1,2.135,2.135,82.217,84.35198974609375,109,0,0,0
2,rank2,6,pack_mte3_exposed_wait,19,0.036,0.003,83.93,104.61001586914062,107008,0,0,0
2,rank2,7,kernel_total,1,77.477,77.477,81.983,159.45999145507812,0,0,0,0
2,rank2,7,pack_total,1,22.037,22.037,82.077,104.114013671875,0,0,0,0
2,rank2,7,pack_input_wait,18,0.405,0.023,82.382,102.27899169921875,184320,0,0,0
2,rank2,7,pack_quantize,18,5.549,0.333,82.477,102.68600463867188,92160,198,0,0
2,rank2,7,pack_tx_publish,18,3.195,0.237,83.872,103.79800415039062,0,18,18,1152
2,rank2,7,receive_total,1,54.948,54.948,104.327,159.27499389648438,0,0,0,0
2,rank2,7,rx_flag_poll_wait,3,41.492,40.19,104.757,154.906005859375,30,95,77,1045
2,rank2,7,rx_unpack_wait,18,3.366,0.349,145.223,158.1199951171875,95040,0,0,0
2,rank2,7,rx_unpack_dequant_clear,21,1.775,0.165,145.645,158.50100708007812,92160,198,0,0
2,rank2,7,rx_output,3,1.005,0.342,148.816,158.91299438476562,30720,0,0,0
2,rank2,7,start_gate,1,80.319,80.319,1.563,81.88198852539062,0,0,0,0
2,rank2,7,pack_tx_data_submit,18,0.371,0.021,82.902,102.83599853515625,101376,0,0,0
2,rank2,7,pack_first_tx_ready,1,2.116,2.116,82.09,84.20599365234375,128,0,0,0
2,rank2,7,pack_mte3_exposed_wait,18,0.032,0.003,83.79,103.3389892578125,101376,0,0,0
2,rank2,8,kernel_total,1,73.588,73.588,81.869,155.45700073242188,0,0,0,0
2,rank2,8,pack_total,1,22.509,22.509,81.964,104.47299194335938,0,0,0,0
2,rank2,8,pack_input_wait,18,0.399,0.023,82.269,102.4840087890625,184320,0,0,0
2,rank2,8,pack_quantize,18,5.59,0.366,82.367,102.89599609375,92160,198,0,0
2,rank2,8,pack_tx_publish,18,3.498,0.243,83.792,104.06698608398438,0,18,18,1152
2,rank2,8,receive_total,1,50.629,50.629,104.659,155.28799438476562,0,0,0,0
2,rank2,8,rx_flag_poll_wait,3,36.722,33.6,105.092,150.66900634765625,25,82,64,902
2,rank2,8,rx_unpack_wait,18,3.565,0.336,138.997,153.97799682617188,95040,0,0,0
2,rank2,8,rx_unpack_dequant_clear,21,1.756,0.155,139.379,154.3590087890625,92160,198,0,0
2,rank2,8,rx_output,3,1.044,0.356,142.64,154.79901123046875,30720,1,1,0
2,rank2,8,start_gate,1,80.499,80.499,1.269,81.76800537109375,0,0,0,0
2,rank2,8,pack_tx_data_submit,18,0.369,0.021,82.826,103.04501342773438,101376,0,0,0
2,rank2,8,pack_first_tx_ready,1,2.17,2.17,81.977,84.14700317382812,146,0,0,0
2,rank2,8,pack_mte3_exposed_wait,18,0.036,0.003,83.706,103.55599975585938,101376,0,0,0
2,rank2,9,kernel_total,1,75.372,75.372,81.198,156.57000732421875,0,0,0,0
2,rank2,9,pack_total,1,22.396,22.396,81.293,103.68899536132812,0,0,0,0
2,rank2,9,pack_input_wait,18,0.407,0.023,81.598,101.80899047851562,184320,0,0,0
2,rank2,9,pack_quantize,18,5.566,0.329,81.692,102.20401000976562,92160,198,0,0
2,rank2,9,pack_tx_publish,18,3.41,0.243,83.118,103.35101318359375,0,18,18,1152
2,rank2,9,receive_total,1,52.505,52.505,103.895,156.39999389648438,0,0,0,0
2,rank2,9,rx_flag_poll_wait,3,38.398,25.971,104.303,151.82400512695312,33,82,64,902
2,rank2,9,rx_unpack_wait,18,3.886,0.324,130.575,155.19900512695312,95040,0,0,0
2,rank2,9,rx_unpack_dequant_clear,21,1.755,0.156,130.956,155.57901000976562,92160,198,0,0
2,rank2,9,rx_output,3,1.054,0.356,134.23,156.01901245117188,30720,2,1,0
2,rank2,9,start_gate,1,80.05,80.05,1.047,81.09701538085938,0,0,0,0
2,rank2,9,pack_tx_data_submit,18,0.375,0.021,82.113,102.36199951171875,101376,0,0,0
2,rank2,9,pack_first_tx_ready,1,2.178,2.178,81.305,83.48300170898438,164,0,0,0
2,rank2,9,pack_mte3_exposed_wait,18,0.033,0.003,83.027,102.8489990234375,101376,0,0,0
2,rank2,10,kernel_total,1,74.78,74.78,81.229,156.00900268554688,0,0,0,0
2,rank2,10,pack_total,1,23.693,23.693,81.324,105.01699829101562,0,0,0,0
2,rank2,10,pack_input_wait,19,0.426,0.023,81.63,103.17300415039062,194560,0,0,0
2,rank2,10,pack_quantize,19,5.969,0.355,81.728,103.58099365234375,97280,209,0,0
2,rank2,10,pack_tx_publish,19,3.677,0.26,83.134,104.70199584960938,0,19,19,1216
2,rank2,10,receive_total,1,50.63,50.63,105.215,155.84500122070312,0,0,0,0
2,rank2,10,rx_flag_poll_wait,3,36.662,28.753,105.597,151.13299560546875,26,80,62,880
2,rank2,10,rx_unpack_wait,18,3.707,0.362,134.634,154.56698608398438,95040,0,0,0
2,rank2,10,rx_unpack_dequant_clear,21,1.765,0.163,135.04,154.947998046875,92160,198,0,0
2,rank2,10,rx_output,3,1.023,0.347,138.24,155.3699951171875,30720,0,0,0
2,rank2,10,start_gate,1,78.609,78.609,2.519,81.12799072265625,0,0,0,0
2,rank2,10,pack_tx_data_submit,19,0.389,0.021,82.151,103.72698974609375,107008,0,0,0
2,rank2,10,pack_first_tx_ready,1,2.13,2.13,81.337,83.46701049804688,182,0,0,0
2,rank2,10,pack_mte3_exposed_wait,19,0.036,0.003,83.042,104.34298706054688,107008,0,0,0
2,rank2,11,kernel_total,1,79.591,79.591,81.255,160.84600830078125,0,0,0,0
2,rank2,11,pack_total,1,22.074,22.074,81.35,103.42401123046875,0,0,0,0
2,rank2,11,pack_input_wait,18,0.403,0.023,81.656,101.57699584960938,184320,0,0,0
2,rank2,11,pack_quantize,18,5.573,0.36,81.751,101.98300170898438,92160,198,0,0
2,rank2,11,pack_tx_publish,18,3.138,0.235,83.17,103.0989990234375,0,18,18,1152
2,rank2,11,receive_total,1,57.052,57.052,103.625,160.677001953125,0,0,0,0
2,rank2,11,rx_flag_poll_wait,3,43.461,38.41,104.009,156.125,34,99,81,1089
2,rank2,11,rx_unpack_wait,18,3.522,0.341,142.696,159.49899291992188,95040,0,0,0
2,rank2,11,rx_unpack_dequant_clear,21,1.756,0.164,143.109,159.8800048828125,92160,198,0,0
2,rank2,11,rx_output,3,1.021,0.344,146.243,160.3070068359375,30720,2,2,0
2,rank2,11,start_gate,1,79.103,79.103,2.051,81.15399169921875,0,0,0,0
2,rank2,11,pack_tx_data_submit,18,0.37,0.021,82.204,102.13299560546875,101376,0,0,0
2,rank2,11,pack_first_tx_ready,1,2.153,2.153,81.363,83.5159912109375,201,0,0,0
2,rank2,11,pack_mte3_exposed_wait,18,0.035,0.003,83.082,102.75100708007812,101376,0,0,0
2,rank2,12,kernel_total,1,72.778,72.778,81.145,153.92300415039062,0,0,0,0
2,rank2,12,pack_total,1,22.284,22.284,81.239,103.52301025390625,0,0,0,0
2,rank2,12,pack_input_wait,18,0.401,0.023,81.545,101.6610107421875,184320,0,0,0
2,rank2,12,pack_quantize,18,5.584,0.332,81.639,102.0570068359375,92160,198,0,0
2,rank2,12,pack_tx_publish,18,3.333,0.263,83.034,103.20498657226562,0,18,18,1152
2,rank2,12,receive_total,1,50.02,50.02,103.729,153.74899291992188,0,0,0,0
2,rank2,12,rx_flag_poll_wait,3,36.554,32.082,104.119,149.29901123046875,28,83,65,913
2,rank2,12,rx_unpack_wait,18,3.341,0.4,136.489,152.55999755859375,95040,0,0,0
2,rank2,12,rx_unpack_dequant_clear,21,1.776,0.168,136.961,152.96099853515625,92160,198,0,0
2,rank2,12,rx_output,3,1.005,0.343,140.002,153.38699340820312,30720,1,1,0
2,rank2,12,start_gate,1,79.746,79.746,1.298,81.04400634765625,0,0,0,0
2,rank2,12,pack_tx_data_submit,18,0.371,0.021,82.063,102.20700073242188,101376,0,0,0
2,rank2,12,pack_first_tx_ready,1,2.137,2.137,81.252,83.38900756835938,219,0,0,0
2,rank2,12,pack_mte3_exposed_wait,18,0.033,0.003,82.947,102.82699584960938,101376,0,0,0
2,rank2,13,kernel_total,1,71.626,71.626,81.326,152.95199584960938,0,0,0,0
2,rank2,13,pack_total,1,23.408,23.408,81.421,104.82901000976562,0,0,0,0
2,rank2,13,pack_input_wait,19,0.432,0.023,81.726,102.9580078125,194560,0,0,0
2,rank2,13,pack_quantize,19,5.935,0.349,81.821,103.38101196289062,97280,209,0,0
2,rank2,13,pack_tx_publish,19,3.446,0.224,83.225,104.49200439453125,0,19,19,1216
2,rank2,13,receive_total,1,47.741,47.741,105.036,152.77700805664062,0,0,0,0
2,rank2,13,rx_flag_poll_wait,3,34.215,27.66,105.428,148.12701416015625,27,78,60,858
2,rank2,13,rx_unpack_wait,18,3.333,0.478,133.354,151.50201416015625,95040,0,0,0
2,rank2,13,rx_unpack_dequant_clear,21,1.766,0.173,133.772,151.88299560546875,92160,198,0,0
2,rank2,13,rx_output,3,1.027,0.344,136.845,152.30899047851562,30720,1,1,0
2,rank2,13,start_gate,1,79.155,79.155,2.07,81.22500610351562,0,0,0,0
2,rank2,13,pack_tx_data_submit,19,0.39,0.021,82.242,103.52700805664062,107008,0,0,0
2,rank2,13,pack_first_tx_ready,1,2.13,2.13,81.433,83.56298828125,237,0,0,0
2,rank2,13,pack_mte3_exposed_wait,19,0.038,0.004,83.139,104.04000854492188,107008,0,0,0
2,rank2,14,kernel_total,1,68.946,68.946,82.082,151.02801513671875,0,0,0,0
2,rank2,14,pack_total,1,22.095,22.095,82.176,104.27099609375,0,0,0,0
2,rank2,14,pack_input_wait,18,0.402,0.023,82.482,102.36300659179688,184320,0,0,0
2,rank2,14,pack_quantize,18,5.53,0.341,82.577,102.76400756835938,92160,198,0,0
2,rank2,14,pack_tx_publish,18,3.179,0.242,83.986,103.90301513671875,0,18,18,1152
2,rank2,14,receive_total,1,46.347,46.347,104.508,150.85501098632812,0,0,0,0
2,rank2,14,rx_flag_poll_wait,3,32.0,29.597,104.92,146.03500366210938,22,72,54,792
2,rank2,14,rx_unpack_wait,18,4.008,0.394,134.813,149.58999633789062,95040,0,0,0
2,rank2,14,rx_unpack_dequant_clear,21,1.808,0.184,135.279,149.97100830078125,92160,198,0,0
2,rank2,14,rx_output,3,1.035,0.346,138.592,150.4010009765625,30720,1,1,0
2,rank2,14,start_gate,1,79.766,79.766,2.215,81.98098754882812,0,0,0,0
2,rank2,14,pack_tx_data_submit,18,0.37,0.021,83.01,102.91400146484375,101376,0,0,0
2,rank2,14,pack_first_tx_ready,1,2.119,2.119,82.189,84.30801391601562,256,0,0,0
2,rank2,14,pack_mte3_exposed_wait,18,0.035,0.003,83.898,103.427001953125,101376,0,0,0
2,rank2,15,kernel_total,1,76.0,76.0,81.876,157.87600708007812,0,0,0,0
2,rank2,15,pack_total,1,22.448,22.448,81.971,104.41900634765625,0,0,0,0
2,rank2,15,pack_input_wait,18,0.406,0.023,82.276,102.48699951171875,184320,0,0,0
2,rank2,15,pack_quantize,18,5.525,0.338,82.37,102.88198852539062,92160,198,0,0
2,rank2,15,pack_tx_publish,18,3.576,0.346,83.768,104.0679931640625,0,18,18,1152
2,rank2,15,receive_total,1,53.051,53.051,104.641,157.69198608398438,0,0,0,0
2,rank2,15,rx_flag_poll_wait,3,39.245,23.509,105.067,153.2659912109375,40,87,69,957
2,rank2,15,rx_unpack_wait,18,3.649,0.371,128.845,156.52398681640625,95040,0,0,0
2,rank2,15,rx_unpack_dequant_clear,21,1.782,0.185,129.24,156.90499877929688,92160,198,0,0
2,rank2,15,rx_output,3,1.014,0.342,132.336,157.32501220703125,30720,1,1,0
2,rank2,15,start_gate,1,80.592,80.592,1.183,81.77499389648438,0,0,0,0
2,rank2,15,pack_tx_data_submit,18,0.371,0.021,82.8,103.031005859375,101376,0,0,0
2,rank2,15,pack_first_tx_ready,1,2.148,2.148,81.984,84.13198852539062,274,0,0,0
2,rank2,15,pack_mte3_exposed_wait,18,0.037,0.003,83.686,103.54598999023438,101376,0,0,0
2,rank2,16,kernel_total,1,76.905,76.905,81.273,158.17800903320312,0,0,0,0
2,rank2,16,pack_total,1,22.294,22.294,81.367,103.6610107421875,0,0,0,0
2,rank2,16,pack_input_wait,18,0.402,0.023,81.672,101.75100708007812,184320,0,0,0
2,rank2,16,pack_quantize,18,5.665,0.341,81.772,102.156005859375,92160,198,0,0
2,rank2,16,pack_tx_publish,18,3.205,0.238,83.161,103.32501220703125,0,18,18,1152
2,rank2,16,receive_total,1,54.156,54.156,103.862,158.01800537109375,0,0,0,0
2,rank2,16,rx_flag_poll_wait,3,40.313,38.531,104.258,153.52200317382812,31,94,76,1034
2,rank2,16,rx_unpack_wait,18,3.706,0.415,143.071,156.84701538085938,95040,0,0,0
2,rank2,16,rx_unpack_dequant_clear,21,1.762,0.165,143.483,157.22601318359375,92160,198,0,0
2,rank2,16,rx_output,3,1.004,0.336,146.737,157.64401245117188,30720,2,2,0
2,rank2,16,start_gate,1,79.404,79.404,1.768,81.1719970703125,0,0,0,0
2,rank2,16,pack_tx_data_submit,18,0.375,0.021,82.19,102.30599975585938,101376,0,0,0
2,rank2,16,pack_first_tx_ready,1,2.137,2.137,81.38,83.51699829101562,292,0,0,0
2,rank2,16,pack_mte3_exposed_wait,18,0.036,0.004,83.073,102.81900024414062,101376,0,0,0
2,rank2,17,kernel_total,1,71.482,71.482,81.299,152.781005859375,0,0,0,0
2,rank2,17,pack_total,1,23.393,23.393,81.393,104.7860107421875,0,0,0,0
2,rank2,17,pack_input_wait,19,0.427,0.023,81.699,102.84298706054688,194560,0,0,0
2,rank2,17,pack_quantize,19,5.986,0.361,81.794,103.24700927734375,97280,209,0,0
2,rank2,17,pack_tx_publish,19,3.425,0.233,83.211,104.47100830078125,0,19,19,1216
2,rank2,17,receive_total,1,47.621,47.621,104.989,152.61001586914062,0,0,0,0
2,rank2,17,rx_flag_poll_wait,3,33.677,30.937,105.384,147.85598754882812,31,75,57,825
2,rank2,17,rx_unpack_wait,18,3.699,0.45,136.604,151.32998657226562,95040,0,0,0
2,rank2,17,rx_unpack_dequant_clear,21,1.764,0.168,137.017,151.70999145507812,92160,198,0,0
2,rank2,17,rx_output,3,1.039,0.35,140.194,152.13900756835938,30720,1,1,0
2,rank2,17,start_gate,1,80.038,80.038,1.16,81.197998046875,0,0,0,0
2,rank2,17,pack_tx_data_submit,19,0.391,0.021,82.248,103.39401245117188,107008,0,0,0
2,rank2,17,pack_first_tx_ready,1,2.136,2.136,81.406,83.5419921875,310,0,0,0
2,rank2,17,pack_mte3_exposed_wait,19,0.038,0.003,83.124,104.00799560546875,107008,0,0,0
2,rank2,18,kernel_total,1,80.991,80.991,82.004,162.9949951171875,0,0,0,0
2,rank2,18,pack_total,1,22.355,22.355,82.1,104.45498657226562,0,0,0,0
2,rank2,18,pack_input_wait,18,0.406,0.023,82.406,102.4169921875,184320,0,0,0
2,rank2,18,pack_quantize,18,5.548,0.357,82.501,102.87399291992188,92160,198,0,0
2,rank2,18,pack_tx_publish,18,3.322,0.257,83.879,104.05999755859375,0,18,18,1152
2,rank2,18,receive_total,1,58.106,58.106,104.71,162.81600952148438,0,0,0,0
2,rank2,18,rx_flag_poll_wait,3,44.655,42.929,105.13,158.42001342773438,34,105,87,1155
2,rank2,18,rx_unpack_wait,18,3.292,0.341,148.334,161.6610107421875,95040,0,0,0
2,rank2,18,rx_unpack_dequant_clear,21,1.784,0.18,148.723,162.0419921875,92160,198,0,0
2,rank2,18,rx_output,3,1.026,0.344,151.883,162.46701049804688,30720,2,2,0
2,rank2,18,start_gate,1,79.944,79.944,1.959,81.90301513671875,0,0,0,0
2,rank2,18,pack_tx_data_submit,18,0.369,0.021,82.919,103.031005859375,101376,0,0,0
2,rank2,18,pack_first_tx_ready,1,2.104,2.104,82.112,84.21600341796875,329,0,0,0
2,rank2,18,pack_mte3_exposed_wait,18,0.035,0.004,83.791,103.67300415039062,101376,0,0,0
2,rank2,19,kernel_total,1,80.294,80.294,82.133,162.427001953125,0,0,0,0
2,rank2,19,pack_total,1,22.115,22.115,82.228,104.34298706054688,0,0,0,0
2,rank2,19,pack_input_wait,18,0.408,0.023,82.533,102.41299438476562,184320,0,0,0
2,rank2,19,pack_quantize,18,5.562,0.345,82.633,102.85699462890625,92160,198,0,0
2,rank2,19,pack_tx_publish,18,3.234,0.234,84.031,103.99200439453125,0,18,18,1152
2,rank2,19,receive_total,1,57.679,57.679,104.572,162.25100708007812,0,0,0,0
2,rank2,19,rx_flag_poll_wait,3,44.063,42.296,104.99,157.85501098632812,27,103,85,1133
2,rank2,19,rx_unpack_wait,18,3.352,0.474,147.557,160.99798583984375,95040,0,0,0
2,rank2,19,rx_unpack_dequant_clear,21,1.793,0.184,148.103,161.37899780273438,92160,198,0,0
2,rank2,19,rx_output,3,1.014,0.344,151.372,161.79501342773438,30720,0,0,0
2,rank2,19,start_gate,1,79.434,79.434,2.597,82.031005859375,0,0,0,0
2,rank2,19,pack_tx_data_submit,18,0.374,0.021,83.051,103.01400756835938,101376,0,0,0
2,rank2,19,pack_first_tx_ready,1,2.151,2.151,82.241,84.39199829101562,347,0,0,0
2,rank2,19,pack_mte3_exposed_wait,18,0.033,0.003,83.944,103.63900756835938,101376,0,0,0
2,rank2,20,kernel_total,1,86.802,86.802,82.228,169.02999877929688,0,0,0,0
2,rank2,20,pack_total,1,23.242,23.242,82.322,105.56399536132812,0,0,0,0
2,rank2,20,pack_input_wait,19,0.425,0.023,82.629,103.71701049804688,194560,0,0,0
2,rank2,20,pack_quantize,19,6.074,0.355,82.726,104.13101196289062,97280,209,0,0
2,rank2,20,pack_tx_publish,19,3.124,0.217,84.128,105.24700927734375,0,19,19,1216
2,rank2,20,receive_total,1,63.13,63.13,105.74,168.8699951171875,0,0,0,0
2,rank2,20,rx_flag_poll_wait,4,45.635,40.648,106.151,164.61001586914062,32,104,80,1144
2,rank2,20,rx_unpack_wait,24,4.086,0.379,147.066,167.67800903320312,126720,0,0,0
2,rank2,20,rx_unpack_dequant_clear,28,2.33,0.163,147.613,168.05899047851562,122880,264,0,0
2,rank2,20,rx_output,4,1.344,0.34,150.738,168.47799682617188,40960,2,2,0
2,rank2,20,start_gate,1,80.401,80.401,1.726,82.12701416015625,0,0,0,0
2,rank2,20,pack_tx_data_submit,19,0.394,0.021,83.168,104.27801513671875,107008,0,0,0
2,rank2,20,pack_first_tx_ready,1,2.12,2.12,82.335,84.45498657226562,365,0,0,0
2,rank2,20,pack_mte3_exposed_wait,19,0.032,0.003,84.046,104.77700805664062,107008,0,0,0
2,rank2,21,kernel_total,1,76.703,76.703,82.172,158.875,0,0,0,0
2,rank2,21,pack_total,1,22.023,22.023,82.267,104.29000854492188,0,0,0,0
2,rank2,21,pack_input_wait,18,0.404,0.023,82.573,102.4169921875,184320,0,0,0
2,rank2,21,pack_quantize,18,5.601,0.333,82.671,102.81698608398438,92160,198,0,0
2,rank2,21,pack_tx_publish,18,3.027,0.216,84.076,103.93899536132812,0,18,18,1152
2,rank2,21,receive_total,1,54.185,54.185,104.525,158.70999145507812,0,0,0,0
2,rank2,21,rx_flag_poll_wait,3,40.934,39.681,104.954,154.26300048828125,34,96,78,1056
2,rank2,21,rx_unpack_wait,18,3.021,0.379,144.919,157.40899658203125,95040,0,0,0
2,rank2,21,rx_unpack_dequant_clear,21,1.753,0.161,145.313,157.78900146484375,92160,198,0,0
2,rank2,21,rx_output,3,1.039,0.35,148.292,158.22299194335938,30720,2,2,0
2,rank2,21,start_gate,1,80.402,80.402,1.669,82.07101440429688,0,0,0,0
2,rank2,21,pack_tx_data_submit,18,0.371,0.021,83.096,102.96701049804688,101376,0,0,0
2,rank2,21,pack_first_tx_ready,1,2.136,2.136,82.279,84.41500854492188,384,0,0,0
2,rank2,21,pack_mte3_exposed_wait,18,0.034,0.003,83.994,103.44699096679688,101376,0,0,0
2,rank2,22,kernel_total,1,76.858,76.858,82.155,159.01300048828125,0,0,0,0
2,rank2,22,pack_total,1,21.987,21.987,82.249,104.23599243164062,0,0,0,0
2,rank2,22,pack_input_wait,18,0.406,0.023,82.554,102.34100341796875,184320,0,0,0
2,rank2,22,pack_quantize,18,5.525,0.327,82.649,102.75299072265625,92160,198,0,0
2,rank2,22,pack_tx_publish,18,3.079,0.224,84.034,103.88699340820312,0,18,18,1152
2,rank2,22,receive_total,1,54.376,54.376,104.467,158.84298706054688,0,0,0,0
2,rank2,22,rx_flag_poll_wait,3,41.174,38.971,104.887,154.5050048828125,38,95,77,1045
2,rank2,22,rx_unpack_wait,18,3.106,0.371,144.136,157.68600463867188,95040,0,0,0
2,rank2,22,rx_unpack_dequant_clear,21,1.773,0.176,144.579,158.06600952148438,92160,198,0,0
2,rank2,22,rx_output,3,1.016,0.341,147.602,158.48800659179688,30720,1,1,0
2,rank2,22,start_gate,1,80.696,80.696,1.357,82.05300903320312,0,0,0,0
2,rank2,22,pack_tx_data_submit,18,0.369,0.021,83.068,102.90301513671875,101376,0,0,0
2,rank2,22,pack_first_tx_ready,1,2.122,2.122,82.262,84.38400268554688,402,0,0,0
2,rank2,22,pack_mte3_exposed_wait,18,0.033,0.003,83.948,103.510009765625,101376,0,0,0
2,rank2,23,kernel_total,1,74.55,74.55,81.874,156.42401123046875,0,0,0,0
2,rank2,23,pack_total,1,21.906,21.906,81.968,103.87399291992188,0,0,0,0
2,rank2,23,pack_input_wait,18,0.405,0.023,82.359,102.17599487304688,184320,0,0,0
2,rank2,23,pack_quantize,18,5.561,0.328,82.454,102.57998657226562,92160,198,0,0
2,rank2,23,pack_tx_publish,18,2.898,0.222,83.953,103.55401611328125,0,18,18,1152
2,rank2,23,receive_total,1,52.158,52.158,104.087,156.2449951171875,0,0,0,0
2,rank2,23,rx_flag_poll_wait,3,38.639,33.829,104.484,151.739013671875,25,89,71,979
2,rank2,23,rx_unpack_wait,18,3.252,0.36,138.589,154.97799682617188,95040,0,0,0
2,rank2,23,rx_unpack_dequant_clear,21,1.775,0.176,139.066,155.35800170898438,92160,198,0,0
2,rank2,23,rx_output,3,1.013,0.341,142.051,155.77499389648438,30720,3,2,0
2,rank2,23,start_gate,1,80.556,80.556,1.216,81.77200317382812,0,0,0,0
2,rank2,23,pack_tx_data_submit,18,0.37,0.021,82.875,102.73001098632812,101376,0,0,0
2,rank2,23,pack_first_tx_ready,1,2.311,2.311,81.981,84.2919921875,420,0,0,0
2,rank2,23,pack_mte3_exposed_wait,18,0.037,0.003,83.861,103.22601318359375,101376,0,0,0
2,rank2,24,kernel_total,1,75.368,75.368,82.022,157.3900146484375,0,0,0,0
2,rank2,24,pack_total,1,22.966,22.966,82.117,105.0830078125,0,0,0,0
2,rank2,24,pack_input_wait,19,0.431,0.023,82.421,103.31500244140625,194560,0,0,0
2,rank2,24,pack_quantize,19,5.848,0.329,82.517,103.71701049804688,97280,209,0,0
2,rank2,24,pack_tx_publish,19,3.082,0.222,83.937,104.76800537109375,0,19,19,1216
2,rank2,24,receive_total,1,51.895,51.895,105.302,157.19699096679688,0,0,0,0
2,rank2,24,rx_flag_poll_wait,3,38.297,37.118,105.703,152.84201049804688,45,88,70,968
2,rank2,24,rx_unpack_wait,18,3.395,0.362,143.131,156.05300903320312,95040,0,0,0
2,rank2,24,rx_unpack_dequant_clear,21,1.78,0.182,143.565,156.43399047851562,92160,198,0,0
2,rank2,24,rx_output,3,1.017,0.345,146.751,156.84500122070312,30720,0,0,0
2,rank2,24,start_gate,1,79.16,79.16,2.761,81.92098999023438,0,0,0,0
2,rank2,24,pack_tx_data_submit,19,0.385,0.021,82.938,103.86300659179688,107008,0,0,0
2,rank2,24,pack_first_tx_ready,1,2.176,2.176,82.129,84.30499267578125,438,0,0,0
2,rank2,24,pack_mte3_exposed_wait,19,0.035,0.003,83.846,104.45401000976562,107008,0,0,0
2,rank2,25,kernel_total,1,69.495,69.495,82.289,151.78399658203125,0,0,0,0
2,rank2,25,pack_total,1,21.994,21.994,82.383,104.37701416015625,0,0,0,0
2,rank2,25,pack_input_wait,18,0.403,0.023,82.689,102.5,184320,0,0,0
2,rank2,25,pack_quantize,18,5.594,0.348,82.785,102.89801025390625,92160,198,0,0
2,rank2,25,pack_tx_publish,18,3.014,0.235,84.183,104.0159912109375,0,18,18,1152
2,rank2,25,receive_total,1,46.982,46.982,104.611,151.59298706054688,0,0,0,0
2,rank2,25,rx_flag_poll_wait,3,33.355,23.487,105.039,147.03900146484375,20,77,59,847
2,rank2,25,rx_unpack_wait,18,3.247,0.342,128.829,150.2919921875,95040,0,0,0
2,rank2,25,rx_unpack_dequant_clear,21,1.813,0.221,129.243,150.6719970703125,92160,198,0,0
2,rank2,25,rx_output,3,1.044,0.364,132.268,151.1199951171875,30720,2,1,0
2,rank2,25,start_gate,1,79.45,79.45,2.737,82.18701171875,0,0,0,0
2,rank2,25,pack_tx_data_submit,18,0.371,0.021,83.202,103.0469970703125,101376,0,0,0
2,rank2,25,pack_first_tx_ready,1,2.107,2.107,82.396,84.50299072265625,457,0,0,0
2,rank2,25,pack_mte3_exposed_wait,18,0.035,0.003,84.095,103.66299438476562,101376,0,0,0
2,rank2,26,kernel_total,1,64.214,64.214,81.153,145.36700439453125,0,0,0,0
2,rank2,26,pack_total,1,21.804,21.804,81.247,103.05099487304688,0,0,0,0
2,rank2,26,pack_input_wait,18,0.404,0.023,81.553,101.25799560546875,184320,0,0,0
2,rank2,26,pack_quantize,18,5.682,0.352,81.648,101.67800903320312,92160,198,0,0
2,rank2,26,pack_tx_publish,18,2.838,0.232,83.052,102.72698974609375,0,18,18,1152
2,rank2,26,receive_total,1,41.901,41.901,103.275,145.17599487304688,0,0,0,0
2,rank2,26,rx_flag_poll_wait,3,28.16,20.619,103.679,140.62399291992188,28,63,45,693
2,rank2,26,rx_unpack_wait,18,3.331,0.369,124.587,143.8900146484375,95040,0,0,0
2,rank2,26,rx_unpack_dequant_clear,21,1.805,0.19,125.028,144.26998901367188,92160,198,0,0
2,rank2,26,rx_output,3,1.054,0.36,128.281,144.69699096679688,30720,1,1,0
2,rank2,26,start_gate,1,79.81,79.81,1.241,81.05099487304688,0,0,0,0
2,rank2,26,pack_tx_data_submit,18,0.373,0.021,82.074,101.8280029296875,101376,0,0,0
2,rank2,26,pack_first_tx_ready,1,2.147,2.147,81.26,83.40701293945312,475,0,0,0
2,rank2,26,pack_mte3_exposed_wait,18,0.031,0.003,82.965,102.427001953125,101376,0,0,0
2,rank2,27,kernel_total,1,78.122,78.122,82.213,160.33499145507812,0,0,0,0
2,rank2,27,pack_total,1,22.993,22.993,82.307,105.29998779296875,0,0,0,0
2,rank2,27,pack_input_wait,19,0.424,0.023,82.614,103.53799438476562,194560,0,0,0
2,rank2,27,pack_quantize,19,5.853,0.336,82.712,103.94500732421875,97280,209,0,0
2,rank2,27,pack_tx_publish,19,3.172,0.22,84.111,104.98501586914062,0,19,19,1216
2,rank2,27,receive_total,1,54.614,54.614,105.529,160.14300537109375,0,0,0,0
2,rank2,27,rx_flag_poll_wait,3,41.188,39.406,105.968,155.77200317382812,33,99,81,1089
2,rank2,27,rx_unpack_wait,18,3.192,0.458,145.663,158.97500610351562,95040,0,0,0
2,rank2,27,rx_unpack_dequant_clear,21,1.79,0.192,146.092,159.35501098632812,92160,198,0,0
2,rank2,27,rx_output,3,1.033,0.353,149.185,159.78201293945312,30720,0,0,0
2,rank2,27,start_gate,1,79.428,79.428,2.684,82.11199951171875,0,0,0,0
2,rank2,27,pack_tx_data_submit,19,0.39,0.021,83.14,104.09201049804688,107008,0,0,0
2,rank2,27,pack_first_tx_ready,1,2.126,2.126,82.319,84.44500732421875,493,0,0,0
2,rank2,27,pack_mte3_exposed_wait,19,0.037,0.003,84.027,104.67599487304688,107008,0,0,0
2,rank2,28,kernel_total,1,61.02,61.02,81.915,142.93499755859375,0,0,0,0
2,rank2,28,pack_total,1,21.965,21.965,82.01,103.97500610351562,0,0,0,0
2,rank2,28,pack_input_wait,18,0.402,0.023,82.317,102.25299072265625,184320,0,0,0
2,rank2,28,pack_quantize,18,5.546,0.33,82.412,102.65399169921875,92160,198,0,0
2,rank2,28,pack_tx_publish,18,3.099,0.226,83.802,103.64498901367188,0,18,18,1152
2,rank2,28,receive_total,1,38.572,38.572,104.183,142.7550048828125,0,0,0,0
2,rank2,28,rx_flag_poll_wait,3,25.209,13.89,104.596,138.30899047851562,19,56,38,616
2,rank2,28,rx_unpack_wait,18,3.065,0.344,118.794,141.489013671875,95040,0,0,0
2,rank2,28,rx_unpack_dequant_clear,21,1.767,0.17,119.21,141.8699951171875,92160,198,0,0
2,rank2,28,rx_output,3,1.015,0.342,122.266,142.28500366210938,30720,1,1,0
2,rank2,28,start_gate,1,79.677,79.677,2.136,81.81298828125,0,0,0,0
2,rank2,28,pack_tx_data_submit,18,0.372,0.021,82.835,102.80401611328125,101376,0,0,0
2,rank2,28,pack_first_tx_ready,1,2.129,2.129,82.023,84.15200805664062,512,0,0,0
2,rank2,28,pack_mte3_exposed_wait,18,0.033,0.003,83.719,103.3070068359375,101376,0,0,0
2,rank2,29,kernel_total,1,77.176,77.176,81.941,159.11700439453125,0,0,0,0
2,rank2,29,pack_total,1,22.05,22.05,82.036,104.08599853515625,0,0,0,0
2,rank2,29,pack_input_wait,18,0.404,0.023,82.343,102.33999633789062,184320,0,0,0
2,rank2,29,pack_quantize,18,5.582,0.356,82.438,102.74301147460938,92160,198,0,0
2,rank2,29,pack_tx_publish,18,3.184,0.246,83.886,103.7659912109375,0,18,18,1152
2,rank2,29,receive_total,1,54.622,54.622,104.295,158.9169921875,0,0,0,0
2,rank2,29,rx_flag_poll_wait,3,40.72,38.35,104.723,154.40200805664062,26,95,77,1045
2,rank2,29,rx_unpack_wait,18,3.682,0.425,143.382,157.75698852539062,95040,0,0,0
2,rank2,29,rx_unpack_dequant_clear,21,1.786,0.177,143.785,158.13900756835938,92160,198,0,0
2,rank2,29,rx_output,3,1.031,0.349,147.067,158.56399536132812,30720,2,1,0
2,rank2,29,start_gate,1,79.625,79.625,2.215,81.83999633789062,0,0,0,0
2,rank2,29,pack_tx_data_submit,18,0.372,0.021,82.887,102.89199829101562,101376,0,0,0
2,rank2,29,pack_first_tx_ready,1,2.178,2.178,82.049,84.22698974609375,530,0,0,0
2,rank2,29,pack_mte3_exposed_wait,18,0.031,0.004,83.797,103.40798950195312,101376,0,0,0
2,rank2,30,kernel_total,1,76.065,76.065,81.898,157.9630126953125,0,0,0,0
2,rank2,30,pack_total,1,22.207,22.207,81.992,104.19900512695312,0,0,0,0
2,rank2,30,pack_input_wait,18,0.404,0.023,82.298,102.406005859375,184320,0,0,0
2,rank2,30,pack_quantize,18,5.525,0.337,82.393,102.80499267578125,92160,198,0,0
2,rank2,30,pack_tx_publish,18,3.328,0.244,83.802,103.88299560546875,0,18,18,1152
2,rank2,30,receive_total,1,53.35,53.35,104.434,157.78399658203125,0,0,0,0
2,rank2,30,rx_flag_poll_wait,3,39.533,37.777,104.858,153.10198974609375,32,91,73,1001
2,rank2,30,rx_unpack_wait,18,3.448,0.375,142.931,156.49398803710938,95040,0,0,0
2,rank2,30,rx_unpack_dequant_clear,21,1.789,0.183,143.373,156.875,92160,198,0,0
2,rank2,30,rx_output,3,1.032,0.351,146.529,157.30401611328125,30720,2,1,0
2,rank2,30,start_gate,1,79.137,79.137,2.659,81.79598999023438,0,0,0,0
2,rank2,30,pack_tx_data_submit,18,0.367,0.021,82.823,102.95498657226562,101376,0,0,0
2,rank2,30,pack_first_tx_ready,1,2.16,2.16,82.005,84.16500854492188,548,0,0,0
2,rank2,30,pack_mte3_exposed_wait,18,0.034,0.004,83.715,103.4739990234375,101376,0,0,0
2,rank2,31,kernel_total,1,77.004,77.004,82.05,159.05401611328125,0,0,0,0
2,rank2,31,pack_total,1,23.272,23.272,82.145,105.4169921875,0,0,0,0
2,rank2,31,pack_input_wait,19,0.43,0.023,82.451,103.58499145507812,194560,0,0,0
2,rank2,31,pack_quantize,19,5.879,0.33,82.546,104.00799560546875,97280,209,0,0
2,rank2,31,pack_tx_publish,19,3.418,0.234,83.931,105.10198974609375,0,19,19,1216
2,rank2,31,receive_total,1,53.233,53.233,105.637,158.8699951171875,0,0,0,0
2,rank2,31,rx_flag_poll_wait,3,39.627,25.931,106.051,154.30300903320312,44,90,72,990
2,rank2,31,rx_unpack_wait,18,3.406,0.36,132.279,157.67498779296875,95040,0,0,0
2,rank2,31,rx_unpack_dequant_clear,21,1.777,0.183,132.678,158.05599975585938,92160,198,0,0
2,rank2,31,rx_output,3,1.03,0.348,135.83,158.4840087890625,30720,1,1,0
2,rank2,31,start_gate,1,79.234,79.234,2.715,81.94900512695312,0,0,0,0
2,rank2,31,pack_tx_data_submit,19,0.393,0.021,82.967,104.15399169921875,107008,0,0,0
2,rank2,31,pack_first_tx_ready,1,2.131,2.131,82.158,84.28900146484375,566,0,0,0
2,rank2,31,pack_mte3_exposed_wait,19,0.038,0.004,83.845,104.76699829101562,107008,0,0,0
2,rank2,32,kernel_total,1,75.551,75.551,80.538,156.0889892578125,0,0,0,0
2,rank2,32,pack_total,1,21.1,21.1,80.632,101.73199462890625,0,0,0,0
2,rank2,32,pack_input_wait,18,0.408,0.023,80.939,99.98501586914062,184320,0,0,0
2,rank2,32,pack_quantize,18,5.661,0.342,81.034,100.39498901367188,92160,198,0,0
2,rank2,32,pack_tx_publish,18,2.196,0.126,82.418,101.41400146484375,0,18,18,1152
2,rank2,32,receive_total,1,53.966,53.966,101.948,155.91400146484375,0,0,0,0
2,rank2,32,rx_flag_poll_wait,3,39.809,36.981,102.365,151.13299560546875,29,87,69,957
2,rank2,32,rx_unpack_wait,18,3.954,0.441,139.653,154.75799560546875,95040,0,0,0
2,rank2,32,rx_unpack_dequant_clear,21,1.782,0.179,140.1,155.13800048828125,92160,198,0,0
2,rank2,32,rx_output,3,1.041,0.355,143.31,155.55801391601562,30720,1,1,0
2,rank2,32,start_gate,1,79.801,79.801,0.635,80.43600463867188,0,0,0,0
2,rank2,32,pack_tx_data_submit,18,0.374,0.021,81.468,100.54501342773438,101376,0,0,0
2,rank2,32,pack_first_tx_ready,1,2.021,2.021,80.645,82.666015625,585,0,0,0
2,rank2,32,pack_mte3_exposed_wait,18,0.035,0.003,82.33,101.05099487304688,101376,0,0,0
2,rank2,33,kernel_total,1,78.925,78.925,80.436,159.36099243164062,0,0,0,0
2,rank2,33,pack_total,1,21.119,21.119,80.531,101.64999389648438,0,0,0,0
2,rank2,33,pack_input_wait,18,0.4,0.023,80.838,99.92599487304688,184320,0,0,0
2,rank2,33,pack_quantize,18,5.57,0.328,80.936,100.32501220703125,92160,198,0,0
2,rank2,33,pack_tx_publish,18,2.298,0.13,82.332,101.33401489257812,0,18,18,1152
2,rank2,33,receive_total,1,57.321,57.321,101.865,159.18600463867188,0,0,0,0
2,rank2,33,rx_flag_poll_wait,3,43.425,40.566,102.284,154.75100708007812,23,100,82,1100
2,rank2,33,rx_unpack_wait,18,3.66,0.399,143.156,158.00100708007812,95040,0,0,0
2,rank2,33,rx_unpack_dequant_clear,21,1.783,0.183,143.627,158.38198852539062,92160,198,0,0
2,rank2,33,rx_output,3,1.043,0.35,146.905,158.81201171875,30720,2,1,0
2,rank2,33,start_gate,1,79.084,79.084,1.251,80.33499145507812,0,0,0,0
2,rank2,33,pack_tx_data_submit,18,0.368,0.021,81.356,100.47500610351562,101376,0,0,0
2,rank2,33,pack_first_tx_ready,1,2.03,2.03,80.544,82.57400512695312,603,0,0,0
2,rank2,33,pack_mte3_exposed_wait,18,0.036,0.003,82.243,100.98800659179688,101376,0,0,0
2,rank2,34,kernel_total,1,70.97,70.97,80.503,151.47299194335938,0,0,0,0
2,rank2,34,pack_total,1,21.977,21.977,80.598,102.57501220703125,0,0,0,0
2,rank2,34,pack_input_wait,19,0.429,0.023,80.903,100.82400512695312,194560,0,0,0
2,rank2,34,pack_quantize,19,5.846,0.337,80.998,101.23800659179688,97280,209,0,0
2,rank2,34,pack_tx_publish,19,2.153,0.129,82.388,102.25698852539062,0,19,19,1216
2,rank2,34,receive_total,1,48.52,48.52,102.778,151.29800415039062,0,0,0,0
2,rank2,34,rx_flag_poll_wait,3,34.048,32.764,103.196,146.36199951171875,28,77,59,847
2,rank2,34,rx_unpack_wait,18,4.197,0.384,136.261,150.14300537109375,95040,0,0,0
2,rank2,34,rx_unpack_dequant_clear,21,1.779,0.165,136.69,150.52398681640625,92160,198,0,0
2,rank2,34,rx_output,3,1.046,0.359,139.936,150.947998046875,30720,2,2,0
2,rank2,34,start_gate,1,80.039,80.039,0.363,80.40200805664062,0,0,0,0
2,rank2,34,pack_tx_data_submit,19,0.394,0.021,81.427,101.38400268554688,107008,0,0,0
2,rank2,34,pack_first_tx_ready,1,2.007,2.007,80.611,82.61801147460938,621,0,0,0
2,rank2,34,pack_mte3_exposed_wait,19,0.033,0.003,82.3,101.89801025390625,107008,0,0,0
2,rank2,35,kernel_total,1,79.087,79.087,80.58,159.6669921875,0,0,0,0
2,rank2,35,pack_total,1,21.1,21.1,80.675,101.77499389648438,0,0,0,0
2,rank2,35,pack_input_wait,18,0.404,0.023,80.981,100.06298828125,184320,0,0,0
2,rank2,35,pack_quantize,18,5.56,0.337,81.075,100.46798706054688,92160,198,0,0
2,rank2,35,pack_tx_publish,18,2.233,0.13,82.48,101.45401000976562,0,18,18,1152
2,rank2,35,receive_total,1,57.512,57.512,101.98,159.49200439453125,0,0,0,0
2,rank2,35,rx_flag_poll_wait,3,43.6,41.685,102.4,155.0830078125,27,97,79,1067
2,rank2,35,rx_unpack_wait,18,3.659,0.426,144.417,158.33401489257812,95040,0,0,0
2,rank2,35,rx_unpack_dequant_clear,21,1.768,0.166,144.866,158.7139892578125,92160,198,0,0
2,rank2,35,rx_output,3,1.017,0.342,148.176,159.135986328125,30720,0,0,0
2,rank2,35,start_gate,1,78.902,78.902,1.577,80.47900390625,0,0,0,0
2,rank2,35,pack_tx_data_submit,18,0.371,0.021,81.505,100.61700439453125,101376,0,0,0
2,rank2,35,pack_first_tx_ready,1,2.041,2.041,80.688,82.72900390625,640,0,0,0
2,rank2,35,pack_mte3_exposed_wait,18,0.034,0.003,82.389,101.11300659179688,101376,0,0,0
2,rank2,36,kernel_total,1,78.768,78.768,80.566,159.33401489257812,0,0,0,0
2,rank2,36,pack_total,1,21.023,21.023,80.66,101.68301391601562,0,0,0,0
2,rank2,36,pack_input_wait,18,0.404,0.023,80.966,99.93701171875,184320,0,0,0
2,rank2,36,pack_quantize,18,5.595,0.343,81.06,100.35101318359375,92160,198,0,0
2,rank2,36,pack_tx_publish,18,2.122,0.119,82.465,101.3699951171875,0,18,18,1152
2,rank2,36,receive_total,1,57.247,57.247,101.903,159.14999389648438,0,0,0,0
2,rank2,36,rx_flag_poll_wait,3,43.878,42.628,102.316,154.77398681640625,42,101,83,1111
2,rank2,36,rx_unpack_wait,18,3.198,0.394,145.226,157.98599243164062,95040,0,0,0
2,rank2,36,rx_unpack_dequant_clear,21,1.78,0.186,145.692,158.36801147460938,92160,198,0,0
2,rank2,36,rx_output,3,1.034,0.348,148.819,158.791015625,30720,0,0,0
2,rank2,36,start_gate,1,78.503,78.503,1.961,80.4639892578125,0,0,0,0
2,rank2,36,pack_tx_data_submit,18,0.366,0.021,81.495,100.50201416015625,101376,0,0,0
2,rank2,36,pack_first_tx_ready,1,2.03,2.03,80.673,82.7030029296875,658,0,0,0
2,rank2,36,pack_mte3_exposed_wait,18,0.035,0.003,82.374,101.00698852539062,101376,0,0,0
2,rank2,37,kernel_total,1,76.576,76.576,80.337,156.91299438476562,0,0,0,0
2,rank2,37,pack_total,1,20.98,20.98,80.432,101.4119873046875,0,0,0,0
2,rank2,37,pack_input_wait,18,0.403,0.023,80.738,99.68499755859375,184320,0,0,0
2,rank2,37,pack_quantize,18,5.532,0.342,80.836,100.08099365234375,92160,198,0,0
2,rank2,37,pack_tx_publish,18,2.139,0.121,82.231,101.07000732421875,0,18,18,1152
2,rank2,37,receive_total,1,55.085,55.085,101.644,156.72900390625,0,0,0,0
2,rank2,37,rx_flag_poll_wait,3,41.211,39.256,102.059,152.239013671875,37,94,76,1034
2,rank2,37,rx_unpack_wait,18,3.661,0.471,141.613,155.55499267578125,95040,0,0,0
2,rank2,37,rx_unpack_dequant_clear,21,1.786,0.188,142.156,155.93701171875,92160,198,0,0
2,rank2,37,rx_output,3,1.033,0.348,145.363,156.36801147460938,30720,2,2,0
2,rank2,37,start_gate,1,78.302,78.302,1.934,80.23599243164062,0,0,0,0
2,rank2,37,pack_tx_data_submit,18,0.368,0.021,81.272,100.23098754882812,101376,0,0,0
2,rank2,37,pack_first_tx_ready,1,2.029,2.029,80.444,82.47299194335938,676,0,0,0
2,rank2,37,pack_mte3_exposed_wait,18,0.036,0.004,82.149,100.73699951171875,101376,0,0,0
2,rank2,38,kernel_total,1,70.182,70.182,80.252,150.43399047851562,0,0,0,0
2,rank2,38,pack_total,1,21.889,21.889,80.347,102.23599243164062,0,0,0,0
2,rank2,38,pack_input_wait,19,0.425,0.023,80.653,100.52899169921875,194560,0,0,0
2,rank2,38,pack_quantize,19,5.839,0.329,80.748,100.94000244140625,97280,209,0,0
2,rank2,38,pack_tx_publish,19,2.078,0.113,82.141,101.91900634765625,0,19,19,1216
2,rank2,38,receive_total,1,47.811,47.811,102.444,150.2550048828125,0,0,0,0
2,rank2,38,rx_flag_poll_wait,3,33.49,29.634,102.859,145.36300659179688,24,76,58,836
2,rank2,38,rx_unpack_wait,18,4.127,0.446,132.814,149.09201049804688,95040,0,0,0
2,rank2,38,rx_unpack_dequant_clear,21,1.752,0.16,133.219,149.47299194335938,92160,198,0,0
2,rank2,38,rx_output,3,1.012,0.344,136.563,149.89999389648438,30720,3,2,0
2,rank2,38,start_gate,1,79.047,79.047,1.104,80.1510009765625,0,0,0,0
2,rank2,38,pack_tx_data_submit,19,0.391,0.021,81.169,101.08599853515625,107008,0,0,0
2,rank2,38,pack_first_tx_ready,1,2.006,2.006,80.359,82.364990234375,694,0,0,0
2,rank2,38,pack_mte3_exposed_wait,19,0.039,0.004,82.053,101.58200073242188,107008,0,0,0
2,rank2,39,kernel_total,1,74.368,74.368,80.38,154.74798583984375,0,0,0,0
2,rank2,39,pack_total,1,20.708,20.708,80.474,101.1820068359375,0,0,0,0
2,rank2,39,pack_input_wait,18,0.401,0.023,80.781,99.50698852539062,184320,0,0,0
2,rank2,39,pack_quantize,18,5.567,0.337,80.879,99.90499877929688,92160,198,0,0
2,rank2,39,pack_tx_publish,18,1.844,0.112,82.274,100.864013671875,0,18,18,1152
2,rank2,39,receive_total,1,53.178,53.178,101.39,154.5679931640625,0,0,0,0
2,rank2,39,rx_flag_poll_wait,3,39.584,28.463,101.823,150.031005859375,32,87,69,957
2,rank2,39,rx_unpack_wait,18,3.405,0.387,130.588,153.4169921875,95040,0,0,0
2,rank2,39,rx_unpack_dequant_clear,21,1.767,0.171,130.987,153.7969970703125,92160,198,0,0
2,rank2,39,rx_output,3,1.011,0.341,134.083,154.21701049804688,30720,0,0,0
2,rank2,39,start_gate,1,79.147,79.147,1.132,80.27899169921875,0,0,0,0
2,rank2,39,pack_tx_data_submit,18,0.372,0.021,81.308,100.05499267578125,101376,0,0,0
2,rank2,39,pack_first_tx_ready,1,2.022,2.022,80.487,82.50900268554688,713,0,0,0
2,rank2,39,pack_mte3_exposed_wait,18,0.033,0.003,82.188,100.53900146484375,101376,0,0,0
2,rank2,40,kernel_total,1,71.059,71.059,80.697,151.75601196289062,0,0,0,0
2,rank2,40,pack_total,1,20.594,20.594,80.791,101.385009765625,0,0,0,0
2,rank2,40,pack_input_wait,18,0.408,0.023,81.096,99.70700073242188,184320,0,0,0
2,rank2,40,pack_quantize,18,5.57,0.352,81.191,100.114013671875,92160,198,0,0
2,rank2,40,pack_tx_publish,18,1.767,0.116,82.593,101.07000732421875,0,18,18,1152
2,rank2,40,receive_total,1,49.959,49.959,101.61,151.56900024414062,0,0,0,0
2,rank2,40,rx_flag_poll_wait,3,36.088,34.146,102.015,146.74700927734375,27,79,61,869
2,rank2,40,rx_unpack_wait,18,3.696,0.38,136.441,150.4110107421875,95040,0,0,0
2,rank2,40,rx_unpack_dequant_clear,21,1.787,0.191,136.842,150.79299926757812,92160,198,0,0
2,rank2,40,rx_output,3,1.052,0.353,139.924,151.22900390625,30720,0,0,0
2,rank2,40,start_gate,1,78.965,78.965,1.631,80.59600830078125,0,0,0,0
2,rank2,40,pack_tx_data_submit,18,0.37,0.021,81.635,100.26400756835938,101376,0,0,0
2,rank2,40,pack_first_tx_ready,1,2.033,2.033,80.804,82.83700561523438,731,0,0,0
2,rank2,40,pack_mte3_exposed_wait,18,0.034,0.003,82.51,100.74398803710938,101376,0,0,0
2,rank2,41,kernel_total,1,79.661,79.661,80.315,159.97601318359375,0,0,0,0
2,rank2,41,pack_total,1,22.018,22.018,80.41,102.42800903320312,0,0,0,0
2,rank2,41,pack_input_wait,19,0.423,0.023,80.717,100.75100708007812,194560,0,0,0
2,rank2,41,pack_quantize,19,5.879,0.335,80.811,101.15701293945312,97280,209,0,0
2,rank2,41,pack_tx_publish,19,2.146,0.116,82.225,102.10000610351562,0,19,19,1216
2,rank2,41,receive_total,1,57.126,57.126,102.658,159.78399658203125,0,0,0,0
2,rank2,41,rx_flag_poll_wait,4,38.877,25.342,103.079,155.44699096679688,22,86,62,946
2,rank2,41,rx_unpack_wait,24,4.907,0.466,128.708,158.70901489257812,126720,0,0,0
2,rank2,41,rx_unpack_dequant_clear,28,2.349,0.193,129.223,159.08999633789062,122880,264,0,0
2,rank2,41,rx_output,4,1.392,0.353,132.365,159.52301025390625,40960,4,3,0
2,rank2,41,start_gate,1,79.171,79.171,1.043,80.2139892578125,0,0,0,0
2,rank2,41,pack_tx_data_submit,19,0.391,0.021,81.238,101.30300903320312,107008,0,0,0
2,rank2,41,pack_first_tx_ready,1,2.038,2.038,80.423,82.46099853515625,749,0,0,0
2,rank2,41,pack_mte3_exposed_wait,19,0.037,0.003,82.133,101.791015625,107008,0,0,0
2,rank2,42,kernel_total,1,97.623,97.623,80.637,178.260009765625,0,0,0,0
2,rank2,42,send_total,1,78.015,78.015,85.339,163.35400390625,0,0,0,0
2,rank2,42,tx_meta_scan,35,5.731,0.255,87.095,144.35101318359375,0,5,30,0
2,rank2,42,tx_ready_poll,44,0.101,0.003,86.86,143.99899291992188,9,35,0,0
2,rank2,42,self_copy,5,4.43,1.076,105.465,130.1199951171875,28160,0,0,0
2,rank2,42,udma_post,30,29.808,2.012,87.418,145.260986328125,168960,30,1,0
2,rank2,42,udma_quiet,7,14.337,2.832,147.176,163.09600830078125,7,0,0,0
2,rank2,42,local_rx_wait,1,7.167,7.167,163.478,170.64498901367188,42,0,0,0
2,rank2,42,round_publish,1,7.357,7.357,170.725,178.08200073242188,1,64,1,1
2,rank2,42,global_round_wait,1,4.497,4.497,80.731,85.22799682617188,1,127,0,0
2,rank2,42,start_gate,1,78.822,78.822,1.717,80.53900146484375,1,64,1,1
2,rank2,43,kernel_total,1,95.326,95.326,80.2,175.5260009765625,0,0,0,0
2,rank2,43,send_total,1,79.376,79.376,85.58,164.95599365234375,0,0,0,0
2,rank2,43,tx_meta_scan,35,5.847,0.251,87.38,144.92901611328125,0,5,30,0
2,rank2,43,tx_ready_poll,41,0.092,0.003,87.106,144.56298828125,6,35,0,0
2,rank2,43,self_copy,5,4.511,0.968,91.227,142.92901611328125,28160,0,0,0
2,rank2,43,udma_post,30,30.223,2.297,87.873,145.83499145507812,168960,30,1,0
2,rank2,43,udma_quiet,7,15.297,4.106,147.835,164.72299194335938,7,0,0,0
2,rank2,43,local_rx_wait,1,0.263,0.263,165.083,165.34600830078125,0,0,0,0
2,rank2,43,round_publish,1,4.098,4.098,171.162,175.260009765625,1,64,1,1
2,rank2,43,global_round_wait,1,5.175,5.175,80.294,85.468994140625,1,127,0,0
2,rank2,43,start_gate,1,79.152,79.152,0.954,80.10598754882812,1,64,1,1
2,rank2,44,kernel_total,1,91.053,91.053,80.966,172.01901245117188,0,0,0,0
2,rank2,44,send_total,1,79.252,79.252,85.478,164.73001098632812,0,0,0,0
2,rank2,44,tx_meta_scan,35,5.691,0.246,87.319,146.33099365234375,0,6,29,0
2,rank2,44,tx_ready_poll,42,0.096,0.003,87.007,146.06600952148438,7,35,0,0
2,rank2,44,self_copy,6,5.107,0.967,111.807,145.77099609375,33792,0,0,0
2,rank2,44,udma_post,29,31.092,1.878,87.765,147.37600708007812,163328,29,1,0
2,rank2,44,udma_quiet,7,13.608,3.413,149.243,164.42001342773438,7,0,0,0
2,rank2,44,local_rx_wait,1,0.51,0.51,164.874,165.38400268554688,0,0,0,0
2,rank2,44,round_publish,1,0.539,0.539,171.212,171.75100708007812,0,0,0,0
2,rank2,44,global_round_wait,1,4.302,4.302,81.06,85.36199951171875,0,127,0,0
2,rank2,44,start_gate,1,80.872,80.872,0.0,80.87200927734375,0,0,0,0
2,rank2,45,kernel_total,1,93.884,93.884,81.49,175.37399291992188,0,0,0,0
2,rank2,45,send_total,1,80.035,80.035,85.447,165.48199462890625,0,0,0,0
2,rank2,45,tx_meta_scan,35,5.675,0.207,87.296,145.97201538085938,0,5,30,0
2,rank2,45,tx_ready_poll,42,0.093,0.003,86.969,145.57998657226562,7,35,0,0
2,rank2,45,self_copy,5,4.016,0.833,92.881,120.93798828125,28160,0,0,0
2,rank2,45,udma_post,30,32.016,2.046,87.629,147.03799438476562,168960,30,1,0
2,rank2,45,udma_quiet,7,14.718,3.17,148.911,165.22100830078125,7,0,0,0
2,rank2,45,local_rx_wait,1,0.301,0.301,165.627,165.92800903320312,0,0,0,0
2,rank2,45,round_publish,1,3.915,3.915,171.187,175.10198974609375,1,64,1,1
2,rank2,45,global_round_wait,1,3.756,3.756,81.584,85.33999633789062,1,127,0,0
2,rank2,45,start_gate,1,79.503,79.503,1.888,81.3909912109375,1,64,1,1
2,rank2,46,kernel_total,1,97.803,97.803,80.223,178.0260009765625,0,0,0,0
2,rank2,46,send_total,1,78.35,78.35,85.184,163.53399658203125,0,0,0,0
2,rank2,46,tx_meta_scan,35,5.555,0.18,87.31,144.98199462890625,0,6,29,0
2,rank2,46,tx_ready_poll,48,0.11,0.003,86.704,144.718994140625,13,35,0,0
2,rank2,46,self_copy,6,5.234,1.049,108.217,144.51800537109375,33792,0,0,0
2,rank2,46,udma_post,29,28.566,1.688,87.657,145.89401245117188,163328,29,1,0
2,rank2,46,udma_quiet,7,14.061,2.847,147.651,163.27398681640625,7,0,0,0
2,rank2,46,local_rx_wait,1,0.277,0.277,163.597,163.87399291992188,0,0,0,0
2,rank2,46,round_publish,1,6.452,6.452,171.285,177.73699951171875,1,64,1,1
2,rank2,46,global_round_wait,1,4.758,4.758,80.316,85.07400512695312,1,127,0,0
2,rank2,46,start_gate,1,78.467,78.467,1.658,80.125,1,64,1,1
2,rank2,47,kernel_total,1,96.376,96.376,80.474,176.85000610351562,0,0,0,0
2,rank2,47,send_total,1,78.019,78.019,85.023,163.0419921875,0,0,0,0
2,rank2,47,tx_meta_scan,35,5.695,0.196,87.238,144.33401489257812,0,4,31,0
2,rank2,47,tx_ready_poll,46,0.109,0.003,86.544,143.98199462890625,11,35,0,0
2,rank2,47,self_copy,4,3.332,0.872,87.595,117.18701171875,22528,0,0,0
2,rank2,47,udma_post,31,30.262,1.475,89.799,145.24600219726562,174592,31,1,0
2,rank2,47,udma_quiet,7,14.175,3.946,147.096,162.78399658203125,7,0,0,0
2,rank2,47,local_rx_wait,1,0.511,0.511,163.192,163.7030029296875,0,0,0,0
2,rank2,47,round_publish,1,5.331,5.331,171.229,176.55999755859375,1,64,1,1
2,rank2,47,global_round_wait,1,4.349,4.349,80.567,84.916015625,1,127,0,0
2,rank2,47,start_gate,1,78.636,78.636,1.744,80.3800048828125,1,64,1,1
2,rank2,48,kernel_total,1,95.992,95.992,80.999,176.99099731445312,0,0,0,0
2,rank2,48,send_total,1,80.697,80.697,85.53,166.22698974609375,0,0,0,0
2,rank2,48,tx_meta_scan,35,5.593,0.182,87.811,146.48501586914062,0,2,33,0
2,rank2,48,tx_ready_poll,45,0.108,0.003,87.056,146.13198852539062,10,35,0,0
2,rank2,48,self_copy,2,1.597,0.828,131.297,135.05499267578125,11264,0,0,0
2,rank2,48,udma_post,33,34.508,1.961,88.136,147.57901000976562,185856,33,1,0
2,rank2,48,udma_quiet,7,15.011,4.362,149.45,165.98599243164062,7,0,0,0
2,rank2,48,local_rx_wait,1,0.305,0.305,166.292,166.59701538085938,0,0,0,0
2,rank2,48,round_publish,1,5.453,5.453,171.271,176.7239990234375,1,64,1,1
2,rank2,48,global_round_wait,1,4.331,4.331,81.092,85.42300415039062,1,127,0,0
2,rank2,48,start_gate,1,79.05,79.05,1.85,80.89999389648438,1,64,1,1
2,rank2,49,kernel_total,1,95.57,95.57,80.772,176.34201049804688,0,0,0,0
2,rank2,49,send_total,1,80.098,80.098,85.216,165.31399536132812,0,0,0,0
2,rank2,49,tx_meta_scan,35,5.798,0.226,87.54,145.66000366210938,0,6,29,0
2,rank2,49,tx_ready_poll,47,0.1,0.003,86.734,145.30499267578125,12,35,0,0
2,rank2,49,self_copy,6,5.172,1.087,107.828,141.91400146484375,33792,0,0,0
2,rank2,49,udma_post,29,28.744,1.796,87.991,146.57998657226562,163328,29,1,0
2,rank2,49,udma_quiet,7,15.008,3.313,148.403,164.92001342773438,7,0,0,0
2,rank2,49,local_rx_wait,1,0.521,0.521,165.378,165.89898681640625,0,0,0,0
2,rank2,49,round_publish,1,4.719,4.719,171.355,176.07400512695312,1,64,1,1
2,rank2,49,global_round_wait,1,4.243,4.243,80.865,85.10800170898438,1,127,0,0
2,rank2,49,start_gate,1,79.485,79.485,1.188,80.67300415039062,1,64,1,1
2,rank2,50,kernel_total,1,85.231,85.231,81.927,167.15798950195312,0,0,0,0
2,rank2,50,send_total,1,80.828,80.828,85.285,166.11300659179688,0,0,0,0
2,rank2,50,tx_meta_scan,35,5.754,0.245,87.579,145.75201416015625,0,5,30,0
2,rank2,50,tx_ready_poll,43,0.1,0.003,86.805,145.40200805664062,8,35,0,0
2,rank2,50,self_copy,5,4.266,0.936,107.509,143.86801147460938,28160,0,0,0
2,rank2,50,udma_post,30,31.582,1.93,88.01,146.84701538085938,168960,30,1,0
2,rank2,50,udma_quiet,7,15.466,3.228,148.826,165.8489990234375,7,0,0,0
2,rank2,50,local_rx_wait,1,0.545,0.545,166.176,166.72100830078125,0,0,0,0
2,rank2,50,global_round_wait,1,3.158,3.158,82.02,85.17800903320312,0,0,0,0
2,rank2,50,start_gate,1,80.471,80.471,1.357,81.8280029296875,0,0,0,0
2,rank2,51,kernel_total,1,86.928,86.928,80.35,167.27801513671875,0,0,0,0
2,rank2,51,send_total,1,81.361,81.361,85.081,166.44198608398438,0,0,0,0
2,rank2,51,tx_meta_scan,35,5.691,0.23,87.367,147.08700561523438,0,6,29,0
2,rank2,51,tx_ready_poll,45,0.098,0.003,86.602,146.69100952148438,10,35,0,0
2,rank2,51,self_copy,6,5.333,1.217,91.175,143.37298583984375,33792,0,0,0
2,rank2,51,udma_post,29,31.363,2.266,87.688,148.28298950195312,163328,29,1,0
2,rank2,51,udma_quiet,7,14.608,2.713,150.097,166.18701171875,7,0,0,0
2,rank2,51,local_rx_wait,1,0.318,0.318,166.506,166.82400512695312,0,0,0,0
2,rank2,51,global_round_wait,1,4.531,4.531,80.443,84.9739990234375,0,0,0,0
2,rank2,51,start_gate,1,80.151,80.151,0.105,80.25601196289062,0,0,0,0
2,rank2,52,kernel_total,1,89.308,89.308,80.723,170.031005859375,0,0,0,0
2,rank2,52,send_total,1,84.217,84.217,85.068,169.28500366210938,0,0,0,0
2,rank2,52,tx_meta_scan,35,5.544,0.175,88.891,149.43899536132812,0,4,31,0
2,rank2,52,tx_ready_poll,51,0.114,0.003,86.586,149.156005859375,16,35,0,0
2,rank2,52,self_copy,4,3.446,1.001,96.212,150.42001342773438,22528,0,0,0
2,rank2,52,udma_post,31,33.988,1.818,89.232,148.885009765625,174592,31,1,0
2,rank2,52,udma_quiet,7,15.44,4.023,152.058,169.03900146484375,7,0,0,0
2,rank2,52,local_rx_wait,1,0.278,0.278,169.349,169.62701416015625,0,0,0,0
2,rank2,52,global_round_wait,1,4.141,4.141,80.816,84.95700073242188,0,0,0,0
2,rank2,52,start_gate,1,80.466,80.466,0.158,80.62399291992188,0,0,0,0
2,rank2,53,kernel_total,1,82.639,82.639,81.965,164.60400390625,0,0,0,0
2,rank2,53,send_total,1,78.472,78.472,85.251,163.72299194335938,0,0,0,0
2,rank2,53,tx_meta_scan,35,6.023,0.233,87.145,144.12799072265625,0,4,31,0
2,rank2,53,tx_ready_poll,42,0.093,0.003,86.772,143.76400756835938,7,35,0,0
2,rank2,53,self_copy,4,3.818,1.223,98.279,139.12799072265625,22528,0,0,0
2,rank2,53,udma_post,31,29.977,2.051,87.543,145.14401245117188,174592,31,1,0
2,rank2,53,udma_quiet,7,14.912,3.395,147.073,163.47698974609375,7,0,0,0
2,rank2,53,local_rx_wait,1,0.411,0.411,163.788,164.19900512695312,0,0,0,0
2,rank2,53,global_round_wait,1,3.082,3.082,82.058,85.1400146484375,0,0,0,0
2,rank2,53,start_gate,1,81.736,81.736,0.13,81.86599731445312,0,0,0,0
2,rank2,54,kernel_total,1,83.563,83.563,80.86,164.42300415039062,0,0,0,0
2,rank2,54,send_total,1,78.344,78.344,85.138,163.48199462890625,0,0,0,0
2,rank2,54,tx_meta_scan,35,5.641,0.2,87.123,144.82199096679688,0,7,28,0
2,rank2,54,tx_ready_poll,42,0.097,0.003,86.658,144.48001098632812,7,35,0,0
2,rank2,54,self_copy,7,5.697,0.879,93.014,128.677001953125,39424,0,0,0
2,rank2,54,udma_post,28,30.178,2.295,87.453,145.864013671875,157696,28,1,0
2,rank2,54,udma_quiet,7,13.893,2.526,147.776,163.2239990234375,7,0,0,0
2,rank2,54,local_rx_wait,1,0.43,0.43,163.546,163.97601318359375,0,0,0,0
2,rank2,54,global_round_wait,1,4.073,4.073,80.954,85.02700805664062,0,0,0,0
2,rank2,54,start_gate,1,79.187,79.187,1.579,80.7659912109375,0,0,0,0
2,rank2,55,kernel_total,1,86.425,86.425,80.81,167.23501586914062,0,0,0,0
2,rank2,55,send_total,1,80.895,80.895,85.555,166.45001220703125,0,0,0,0
2,rank2,55,tx_meta_scan,35,5.822,0.226,87.403,145.61700439453125,0,5,30,0
2,rank2,55,tx_ready_poll,43,0.098,0.003,87.08,145.26400756835938,8,35,0,0
2,rank2,55,self_copy,5,4.442,0.966,91.104,137.40798950195312,28160,0,0,0
2,rank2,55,udma_post,30,31.579,1.894,87.797,146.85101318359375,168960,30,1,0
2,rank2,55,udma_quiet,7,15.657,3.174,148.78,166.19100952148438,7,0,0,0
2,rank2,55,local_rx_wait,1,0.304,0.304,166.515,166.81900024414062,0,0,0,0
2,rank2,55,global_round_wait,1,4.541,4.541,80.904,85.44500732421875,0,0,0,0
2,rank2,55,start_gate,1,80.154,80.154,0.562,80.71600341796875,0,0,0,0
2,rank2,56,kernel_total,1,87.019,87.019,80.894,167.91299438476562,0,0,0,0
2,rank2,56,send_total,1,81.714,81.714,85.369,167.0830078125,0,0,0,0
2,rank2,56,tx_meta_scan,35,5.869,0.2,87.313,145.83599853515625,0,2,33,0
2,rank2,56,tx_ready_poll,45,0.106,0.003,86.893,145.468994140625,10,35,0,0
2,rank2,56,self_copy,2,1.618,0.854,123.717,145.260009765625,11264,0,0,0
2,rank2,56,udma_post,33,33.552,2.064,87.727,146.760009765625,185856,33,1,0
2,rank2,56,udma_quiet,7,16.703,3.464,148.601,166.83099365234375,7,0,0,0
2,rank2,56,local_rx_wait,1,0.318,0.318,167.148,167.46600341796875,0,0,0,0
2,rank2,56,global_round_wait,1,4.274,4.274,80.988,85.26199340820312,0,0,0,0
2,rank2,56,start_gate,1,80.4,80.4,0.396,80.79598999023438,0,0,0,0
2,rank2,57,kernel_total,1,84.888,84.888,80.744,165.63198852539062,0,0,0,0
2,rank2,57,send_total,1,79.183,79.183,85.418,164.60101318359375,0,0,0,0
2,rank2,57,tx_meta_scan,35,5.983,0.271,87.395,145.14300537109375,0,4,31,0
2,rank2,57,tx_ready_poll,44,0.101,0.003,86.939,144.81100463867188,9,35,0,0
2,rank2,57,self_copy,4,3.309,0.852,93.27,111.32101440429688,22528,0,0,0
2,rank2,57,udma_post,31,30.824,1.904,87.913,146.17401123046875,174592,31,1,0
2,rank2,57,udma_quiet,7,14.838,3.234,148.023,164.3489990234375,7,0,0,0
2,rank2,57,local_rx_wait,1,0.506,0.506,164.665,165.17098999023438,0,0,0,0
2,rank2,57,global_round_wait,1,4.473,4.473,80.837,85.30999755859375,0,0,0,0
2,rank2,57,start_gate,1,80.616,80.616,0.029,80.64498901367188,0,0,0,0
2,rank2,58,kernel_total,1,83.218,83.218,80.661,163.87899780273438,0,0,0,0
2,rank2,58,send_total,1,77.633,77.633,85.308,162.94100952148438,0,0,0,0
2,rank2,58,tx_meta_scan,35,5.9,0.302,87.355,143.1510009765625,0,5,30,0
2,rank2,58,tx_ready_poll,42,0.095,0.003,86.829,142.80099487304688,7,35,0,0
2,rank2,58,self_copy,5,4.062,0.952,99.871,137.0150146484375,28160,0,0,0
2,rank2,58,udma_post,30,29.045,2.09,87.834,144.260009765625,168960,30,1,0
2,rank2,58,udma_quiet,7,14.725,3.748,146.258,162.50201416015625,7,0,0,0
2,rank2,58,local_rx_wait,1,0.427,0.427,163.002,163.42901611328125,0,0,0,0
2,rank2,58,global_round_wait,1,4.445,4.445,80.755,85.20001220703125,0,0,0,0
2,rank2,58,start_gate,1,80.487,80.487,0.075,80.56201171875,0,0,0,0
2,rank2,59,kernel_total,1,84.896,84.896,80.611,165.50698852539062,0,0,0,0
2,rank2,59,send_total,1,79.163,79.163,85.498,164.6610107421875,0,0,0,0
2,rank2,59,tx_meta_scan,35,5.997,0.241,87.947,146.64300537109375,0,8,27,0
2,rank2,59,tx_ready_poll,44,0.103,0.003,87.02,146.36599731445312,9,35,0,0
2,rank2,59,self_copy,8,6.57,1.034,104.769,146.08999633789062,45056,0,0,0
2,rank2,59,udma_post,27,29.322,2.287,88.32,147.52700805664062,152064,27,1,0
2,rank2,59,udma_quiet,7,13.478,3.256,149.38,164.375,7,0,0,0
2,rank2,59,local_rx_wait,1,0.329,0.329,164.725,165.05401611328125,0,0,0,0
2,rank2,59,global_round_wait,1,4.683,4.683,80.704,85.38699340820312,0,0,0,0
2,rank2,59,start_gate,1,79.355,79.355,1.157,80.51199340820312,0,0,0,0
2,rank2,60,kernel_total,1,84.348,84.348,81.193,165.541015625,0,0,0,0
2,rank2,60,send_total,1,79.214,79.214,85.4,164.614013671875,0,0,0,0
2,rank2,60,tx_meta_scan,35,5.841,0.238,87.904,144.46200561523438,0,4,31,0
2,rank2,60,tx_ready_poll,44,0.1,0.003,86.937,144.07000732421875,9,35,0,0
2,rank2,60,self_copy,4,3.087,0.858,100.538,122.32501220703125,22528,0,0,0
2,rank2,60,udma_post,31,30.701,1.928,88.251,145.51800537109375,174592,31,1,0
2,rank2,60,udma_quiet,7,15.469,3.32,147.349,164.35000610351562,7,0,0,0
2,rank2,60,local_rx_wait,1,0.428,0.428,164.678,165.10598754882812,0,0,0,0
2,rank2,60,global_round_wait,1,4.006,4.006,81.287,85.29299926757812,0,0,0,0
2,rank2,60,start_gate,1,79.413,79.413,1.681,81.093994140625,0,0,0,0
2,rank2,61,kernel_total,1,85.241,85.241,80.419,165.66000366210938,0,0,0,0
2,rank2,61,send_total,1,79.651,79.651,85.17,164.82101440429688,0,0,0,0
2,rank2,61,tx_meta_scan,35,5.862,0.269,87.604,145.42001342773438,0,5,30,0
2,rank2,61,tx_ready_poll,45,0.102,0.003,86.707,145.07501220703125,10,35,0,0
2,rank2,61,self_copy,5,3.986,0.848,91.118,130.16000366210938,28160,0,0,0
2,rank2,61,udma_post,30,31.481,2.117,88.102,146.50399780273438,168960,30,1,0
2,rank2,61,udma_quiet,7,14.664,3.424,148.326,164.56298828125,7,0,0,0
2,rank2,61,local_rx_wait,1,0.339,0.339,164.885,165.2239990234375,0,0,0,0
2,rank2,61,global_round_wait,1,4.546,4.546,80.513,85.05899047851562,0,0,0,0
2,rank2,61,start_gate,1,78.799,78.799,1.521,80.32000732421875,0,0,0,0
2,rank2,62,kernel_total,1,89.152,89.152,80.461,169.61300659179688,0,0,0,0
2,rank2,62,send_total,1,78.42,78.42,85.265,163.68499755859375,0,0,0,0
2,rank2,62,tx_meta_scan,34,5.631,0.23,87.637,144.36099243164062,0,6,28,0
2,rank2,62,tx_ready_poll,45,0.106,0.003,86.799,143.96798706054688,11,34,0,0
2,rank2,62,self_copy,6,5.325,1.014,93.977,140.58099365234375,33792,0,0,0
2,rank2,62,udma_post,28,28.839,2.028,88.018,145.30999755859375,157696,28,1,0
2,rank2,62,udma_quiet,7,14.815,3.667,147.138,163.43600463867188,7,0,0,0
2,rank2,62,local_rx_wait,1,5.425,5.425,163.749,169.17401123046875,0,0,0,0
2,rank2,62,global_round_wait,1,4.603,4.603,80.555,85.15798950195312,0,0,0,0
2,rank2,62,start_gate,1,80.317,80.317,0.045,80.36199951171875,0,0,0,0
2,rank2,63,kernel_total,1,85.297,85.297,80.284,165.58099365234375,0,0,0,0
2,rank2,63,send_total,1,79.73,79.73,85.116,164.84600830078125,0,0,0,0
2,rank2,63,tx_meta_scan,34,5.704,0.207,87.549,145.19100952148438,0,4,30,0
2,rank2,63,tx_ready_poll,45,0.099,0.003,86.654,144.85598754882812,11,34,0,0
2,rank2,63,self_copy,4,3.238,0.963,91.44,143.0260009765625,22528,0,0,0
2,rank2,63,udma_post,30,31.853,2.027,87.953,146.2869873046875,168960,30,1,0
2,rank2,63,udma_quiet,7,14.875,3.308,148.111,164.5830078125,7,0,0,0
2,rank2,63,local_rx_wait,1,0.221,0.221,164.906,165.12701416015625,0,0,0,0
2,rank2,63,global_round_wait,1,4.628,4.628,80.377,85.0050048828125,0,0,0,0
2,rank2,63,start_gate,1,79.995,79.995,0.19,80.18499755859375,0,0,0,0
3,rank3,0,kernel_total,1,76.706,76.706,159.777,236.48300170898438,0,0,0,0
3,rank3,0,pack_total,1,22.225,22.225,159.872,182.09701538085938,0,0,0,0
3,rank3,0,pack_input_wait,18,0.405,0.023,160.179,180.25799560546875,184320,0,0,0
3,rank3,0,pack_quantize,18,5.559,0.34,160.279,180.65701293945312,92160,198,0,0
3,rank3,0,pack_tx_publish,18,3.3,0.241,161.712,181.77700805664062,0,18,18,1152
3,rank3,0,receive_total,1,53.97,53.97,182.325,236.29501342773438,0,0,0,0
3,rank3,0,rx_flag_poll_wait,3,40.138,36.851,182.74,231.84201049804688,27,93,75,1023
3,rank3,0,rx_unpack_wait,18,3.632,0.394,219.887,235.12802124023438,95040,0,0,0
3,rank3,0,rx_unpack_dequant_clear,21,1.773,0.175,220.282,235.50900268554688,92160,198,0,0
3,rank3,0,rx_output,3,1.05,0.352,223.446,235.94500732421875,30720,2,2,0
3,rank3,0,start_gate,1,158.922,158.922,0.754,159.676025390625,0,0,0,0
3,rank3,0,pack_tx_data_submit,18,0.37,0.021,160.698,180.80599975585938,101376,0,0,0
3,rank3,0,pack_first_tx_ready,1,2.186,2.186,159.885,162.07101440429688,0,0,0,0
3,rank3,0,pack_mte3_exposed_wait,18,0.033,0.004,161.62,181.30999755859375,101376,0,0,0
3,rank3,1,kernel_total,1,67.368,67.368,160.452,227.82000732421875,0,0,0,0
3,rank3,1,pack_total,1,22.092,22.092,160.547,182.63900756835938,0,0,0,0
3,rank3,1,pack_input_wait,18,0.405,0.023,160.853,180.7130126953125,184320,0,0,0
3,rank3,1,pack_quantize,18,5.523,0.335,160.951,181.10702514648438,92160,198,0,0
3,rank3,1,pack_tx_publish,18,3.162,0.223,162.354,182.33502197265625,0,18,18,1152
3,rank3,1,receive_total,1,44.775,44.775,182.852,227.62701416015625,0,0,0,0
3,rank3,1,rx_flag_poll_wait,3,30.948,29.17,183.287,222.96099853515625,26,69,51,759
3,rank3,1,rx_unpack_wait,18,3.502,0.442,212.762,226.3480224609375,95040,0,0,0
3,rank3,1,rx_unpack_dequant_clear,21,1.77,0.176,213.157,226.73001098632812,92160,198,0,0
3,rank3,1,rx_output,3,1.043,0.352,216.255,227.1610107421875,30720,2,1,0
3,rank3,1,start_gate,1,158.58,158.58,1.771,160.35101318359375,0,0,0,0
3,rank3,1,pack_tx_data_submit,18,0.369,0.021,161.379,181.25701904296875,101376,0,0,0
3,rank3,1,pack_first_tx_ready,1,2.139,2.139,160.56,162.69900512695312,18,0,0,0
3,rank3,1,pack_mte3_exposed_wait,18,0.034,0.003,162.272,181.76101684570312,101376,0,0,0
3,rank3,2,kernel_total,1,73.382,73.382,160.313,233.69500732421875,0,0,0,0
3,rank3,2,pack_total,1,22.159,22.159,160.408,182.5670166015625,0,0,0,0
3,rank3,2,pack_input_wait,18,0.399,0.023,160.716,180.718017578125,184320,0,0,0
3,rank3,2,pack_quantize,18,5.541,0.332,160.811,181.12100219726562,92160,198,0,0
3,rank3,2,pack_tx_publish,18,3.267,0.233,162.218,182.26202392578125,0,18,18,1152
3,rank3,2,receive_total,1,50.709,50.709,182.791,233.5,0,0,0,0
3,rank3,2,rx_flag_poll_wait,3,36.826,35.059,183.258,229.01602172851562,40,82,64,902
3,rank3,2,rx_unpack_wait,18,3.53,0.429,218.582,232.2340087890625,95040,0,0,0
3,rank3,2,rx_unpack_dequant_clear,21,1.803,0.189,219.043,232.61502075195312,92160,198,0,0
3,rank3,2,rx_output,3,1.03,0.348,222.317,233.03701782226562,30720,1,1,0
3,rank3,2,start_gate,1,159.106,159.106,1.105,160.21099853515625,0,0,0,0
3,rank3,2,pack_tx_data_submit,18,0.369,0.021,161.235,181.27099609375,101376,0,0,0
3,rank3,2,pack_first_tx_ready,1,2.15,2.15,160.421,162.57101440429688,36,0,0,0
3,rank3,2,pack_mte3_exposed_wait,18,0.034,0.004,162.13,181.76800537109375,101376,0,0,0
3,rank3,3,kernel_total,1,74.716,74.716,160.238,234.95401000976562,0,0,0,0
3,rank3,3,pack_total,1,23.35,23.35,160.332,183.6820068359375,0,0,0,0
3,rank3,3,pack_input_wait,19,0.428,0.023,160.639,181.80599975585938,194560,0,0,0
3,rank3,3,pack_quantize,19,5.841,0.323,160.738,182.22100830078125,97280,209,0,0
3,rank3,3,pack_tx_publish,19,3.532,0.252,162.133,183.36102294921875,0,19,19,1216
3,rank3,3,receive_total,1,50.862,50.862,183.901,234.76300048828125,0,0,0,0
3,rank3,3,rx_flag_poll_wait,3,37.051,33.32,184.303,230.2130126953125,26,83,65,913
3,rank3,3,rx_unpack_wait,18,3.581,0.392,217.939,233.58001708984375,95040,0,0,0
3,rank3,3,rx_unpack_dequant_clear,21,1.818,0.216,218.349,233.96200561523438,92160,198,0,0
3,rank3,3,rx_output,3,1.04,0.354,221.424,234.40301513671875,30720,1,1,0
3,rank3,3,start_gate,1,159.185,159.185,0.951,160.13601684570312,0,0,0,0
3,rank3,3,pack_tx_data_submit,19,0.393,0.021,161.158,182.36700439453125,107008,0,0,0
3,rank3,3,pack_first_tx_ready,1,2.135,2.135,160.345,162.48001098632812,54,0,0,0
3,rank3,3,pack_mte3_exposed_wait,19,0.035,0.003,162.045,183.00399780273438,107008,0,0,0
3,rank3,4,kernel_total,1,76.735,76.735,159.83,236.56500244140625,0,0,0,0
3,rank3,4,pack_total,1,22.344,22.344,159.924,182.26800537109375,0,0,0,0
3,rank3,4,pack_input_wait,18,0.406,0.023,160.231,180.39901733398438,184320,0,0,0
3,rank3,4,pack_quantize,18,5.512,0.342,160.33,180.80502319335938,92160,198,0,0
3,rank3,4,pack_tx_publish,18,3.531,0.267,161.74,181.916015625,0,18,18,1152
3,rank3,4,receive_total,1,53.898,53.898,182.475,236.37301635742188,0,0,0,0
3,rank3,4,rx_flag_poll_wait,3,39.966,37.177,182.912,231.96401977539062,27,93,75,1023
3,rank3,4,rx_unpack_wait,18,3.76,0.51,220.395,235.20101928710938,95040,0,0,0
3,rank3,4,rx_unpack_dequant_clear,21,1.773,0.17,220.977,235.58200073242188,92160,198,0,0
3,rank3,4,rx_output,3,1.036,0.347,224.281,236.01202392578125,30720,0,0,0
3,rank3,4,start_gate,1,159.534,159.534,0.194,159.72799682617188,0,0,0,0
3,rank3,4,pack_tx_data_submit,18,0.373,0.021,160.764,180.95501708984375,101376,0,0,0
3,rank3,4,pack_first_tx_ready,1,2.17,2.17,159.937,162.10702514648438,73,0,0,0
3,rank3,4,pack_mte3_exposed_wait,18,0.032,0.003,161.651,181.57400512695312,101376,0,0,0
3,rank3,5,kernel_total,1,74.292,74.292,159.907,234.19900512695312,0,0,0,0
3,rank3,5,pack_total,1,22.306,22.306,160.001,182.3070068359375,0,0,0,0
3,rank3,5,pack_input_wait,18,0.406,0.023,160.378,180.4530029296875,184320,0,0,0
3,rank3,5,pack_quantize,18,5.593,0.323,160.473,180.86502075195312,92160,198,0,0
3,rank3,5,pack_tx_publish,18,3.363,0.234,161.861,181.9630126953125,0,18,18,1152
3,rank3,5,receive_total,1,51.494,51.494,182.516,234.010009765625,0,0,0,0
3,rank3,5,rx_flag_poll_wait,3,37.505,35.693,182.951,229.447998046875,29,86,68,946
3,rank3,5,rx_unpack_wait,18,3.636,0.473,218.95,232.72100830078125,95040,0,0,0
3,rank3,5,rx_unpack_dequant_clear,21,1.772,0.171,219.495,233.10101318359375,92160,198,0,0
3,rank3,5,rx_output,3,1.037,0.352,222.742,233.53701782226562,30720,2,1,0
3,rank3,5,start_gate,1,159.806,159.806,0.0,159.80599975585938,0,0,0,0
3,rank3,5,pack_tx_data_submit,18,0.371,0.021,160.888,181.0150146484375,101376,0,0,0
3,rank3,5,pack_first_tx_ready,1,2.199,2.199,160.014,162.2130126953125,91,0,0,0
3,rank3,5,pack_mte3_exposed_wait,18,0.034,0.003,161.773,181.62701416015625,101376,0,0,0
3,rank3,6,kernel_total,1,74.459,74.459,159.678,234.13702392578125,0,0,0,0
3,rank3,6,pack_total,1,23.422,23.422,159.773,183.19500732421875,0,0,0,0
3,rank3,6,pack_input_wait,19,0.425,0.023,160.079,181.375,194560,0,0,0
3,rank3,6,pack_quantize,19,5.849,0.339,160.174,181.77999877929688,97280,209,0,0
3,rank3,6,pack_tx_publish,19,3.634,0.245,161.581,182.89199829101562,0,19,19,1216
3,rank3,6,receive_total,1,50.534,50.534,183.413,233.947021484375,0,0,0,0
3,rank3,6,rx_flag_poll_wait,3,37.061,34.889,183.828,229.58401489257812,33,85,67,935
3,rank3,6,rx_unpack_wait,18,3.371,0.386,218.982,232.79501342773438,95040,0,0,0
3,rank3,6,rx_unpack_dequant_clear,21,1.798,0.196,219.44,233.17501831054688,92160,198,0,0
3,rank3,6,rx_output,3,1.012,0.342,222.653,233.5980224609375,30720,3,2,0
3,rank3,6,start_gate,1,158.169,158.169,1.408,159.57699584960938,0,0,0,0
3,rank3,6,pack_tx_data_submit,19,0.393,0.021,160.605,181.926025390625,107008,0,0,0
3,rank3,6,pack_first_tx_ready,1,2.159,2.159,159.785,161.94400024414062,109,0,0,0
3,rank3,6,pack_mte3_exposed_wait,19,0.037,0.003,161.495,182.44302368164062,107008,0,0,0
3,rank3,7,kernel_total,1,73.303,73.303,159.806,233.1090087890625,0,0,0,0
3,rank3,7,pack_total,1,22.502,22.502,159.901,182.40301513671875,0,0,0,0
3,rank3,7,pack_input_wait,18,0.402,0.023,160.207,180.5670166015625,184320,0,0,0
3,rank3,7,pack_quantize,18,5.533,0.348,160.302,180.97900390625,92160,198,0,0
3,rank3,7,pack_tx_publish,18,3.644,0.246,161.706,182.08700561523438,0,18,18,1152
3,rank3,7,receive_total,1,50.299,50.299,182.623,232.9219970703125,0,0,0,0
3,rank3,7,rx_flag_poll_wait,3,36.135,32.977,183.026,228.16201782226562,37,80,62,880
3,rank3,7,rx_unpack_wait,18,3.964,0.443,216.281,231.65301513671875,95040,0,0,0
3,rank3,7,rx_unpack_dequant_clear,21,1.786,0.185,216.796,232.03302001953125,92160,198,0,0
3,rank3,7,rx_output,3,1.012,0.341,220.007,232.447998046875,30720,0,0,0
3,rank3,7,start_gate,1,158.172,158.172,1.533,159.70501708984375,0,0,0,0
3,rank3,7,pack_tx_data_submit,18,0.369,0.021,160.742,181.12802124023438,101376,0,0,0
3,rank3,7,pack_first_tx_ready,1,2.156,2.156,159.913,162.06900024414062,128,0,0,0
3,rank3,7,pack_mte3_exposed_wait,18,0.035,0.003,161.618,181.63601684570312,101376,0,0,0
3,rank3,8,kernel_total,1,71.053,71.053,160.191,231.2440185546875,0,0,0,0
3,rank3,8,pack_total,1,22.411,22.411,160.285,182.69601440429688,0,0,0,0
3,rank3,8,pack_input_wait,18,0.401,0.023,160.592,180.71002197265625,184320,0,0,0
3,rank3,8,pack_quantize,18,5.552,0.326,160.687,181.12701416015625,92160,198,0,0
3,rank3,8,pack_tx_publish,18,3.362,0.242,162.082,182.39300537109375,0,18,18,1152
3,rank3,8,receive_total,1,48.175,48.175,182.895,231.07000732421875,0,0,0,0
3,rank3,8,rx_flag_poll_wait,3,34.285,26.932,183.329,226.301025390625,27,77,59,847
3,rank3,8,rx_unpack_wait,18,3.529,0.437,210.583,229.79202270507812,95040,0,0,0
3,rank3,8,rx_unpack_dequant_clear,21,1.758,0.165,210.998,230.17300415039062,92160,198,0,0
3,rank3,8,rx_output,3,1.064,0.373,214.105,230.59701538085938,30720,2,2,0
3,rank3,8,start_gate,1,158.123,158.123,1.967,160.08999633789062,0,0,0,0
3,rank3,8,pack_tx_data_submit,18,0.371,0.021,161.105,181.2760009765625,101376,0,0,0
3,rank3,8,pack_first_tx_ready,1,2.142,2.142,160.298,162.44000244140625,146,0,0,0
3,rank3,8,pack_mte3_exposed_wait,18,0.034,0.003,161.991,181.76300048828125,101376,0,0,0
3,rank3,9,kernel_total,1,75.816,75.816,160.013,235.82901000976562,0,0,0,0
3,rank3,9,pack_total,1,22.118,22.118,160.107,182.22500610351562,0,0,0,0
3,rank3,9,pack_input_wait,18,0.403,0.023,160.414,180.385009765625,184320,0,0,0
3,rank3,9,pack_quantize,18,5.539,0.337,160.508,180.78500366210938,92160,198,0,0
3,rank3,9,pack_tx_publish,18,3.276,0.235,161.916,181.9000244140625,0,18,18,1152
3,rank3,9,receive_total,1,53.206,53.206,182.442,235.64801025390625,0,0,0,0
3,rank3,9,rx_flag_poll_wait,3,39.305,36.393,182.86,231.16799926757812,27,89,71,979
3,rank3,9,rx_unpack_wait,18,3.678,0.395,219.577,234.47799682617188,95040,0,0,0
3,rank3,9,rx_unpack_dequant_clear,21,1.766,0.163,220.044,234.85800170898438,92160,198,0,0
3,rank3,9,rx_output,3,1.052,0.354,223.327,235.2960205078125,30720,3,2,0
3,rank3,9,start_gate,1,158.023,158.023,1.888,159.9110107421875,0,0,0,0
3,rank3,9,pack_tx_data_submit,18,0.368,0.021,160.937,180.93499755859375,101376,0,0,0
3,rank3,9,pack_first_tx_ready,1,2.113,2.113,160.12,162.23300170898438,164,0,0,0
3,rank3,9,pack_mte3_exposed_wait,18,0.033,0.003,161.83,181.44100952148438,101376,0,0,0
3,rank3,10,kernel_total,1,77.062,77.062,160.092,237.15402221679688,0,0,0,0
3,rank3,10,pack_total,1,23.135,23.135,160.187,183.322021484375,0,0,0,0
3,rank3,10,pack_input_wait,19,0.425,0.023,160.493,181.53500366210938,194560,0,0,0
3,rank3,10,pack_quantize,19,5.814,0.343,160.588,181.93801879882812,97280,209,0,0
3,rank3,10,pack_tx_publish,19,3.383,0.238,161.992,183.00701904296875,0,19,19,1216
3,rank3,10,receive_total,1,53.449,53.449,183.531,236.98001098632812,0,0,0,0
3,rank3,10,rx_flag_poll_wait,3,39.655,33.631,183.978,232.5830078125,32,88,70,968
3,rank3,10,rx_unpack_wait,18,3.573,0.36,217.912,235.81600952148438,95040,0,0,0
3,rank3,10,rx_unpack_dequant_clear,21,1.774,0.175,218.344,236.197998046875,92160,198,0,0
3,rank3,10,rx_output,3,1.041,0.352,221.631,236.62802124023438,30720,0,0,0
3,rank3,10,start_gate,1,159.719,159.719,0.272,159.99099731445312,0,0,0,0
3,rank3,10,pack_tx_data_submit,19,0.391,0.021,161.023,182.0830078125,107008,0,0,0
3,rank3,10,pack_first_tx_ready,1,2.156,2.156,160.199,162.35501098632812,182,0,0,0
3,rank3,10,pack_mte3_exposed_wait,19,0.038,0.003,161.905,182.68899536132812,107008,0,0,0
3,rank3,11,kernel_total,1,74.57,74.57,160.43,235.0,0,0,0,0
3,rank3,11,pack_total,1,21.902,21.902,160.525,182.427001953125,0,0,0,0
3,rank3,11,pack_input_wait,18,0.403,0.023,160.83,180.51901245117188,184320,0,0,0
3,rank3,11,pack_quantize,18,5.565,0.329,160.933,180.91500854492188,92160,198,0,0
3,rank3,11,pack_tx_publish,18,2.963,0.222,162.299,182.09100341796875,0,18,18,1152
3,rank3,11,receive_total,1,52.166,52.166,182.654,234.82000732421875,0,0,0,0
3,rank3,11,rx_flag_poll_wait,3,37.537,35.798,183.083,230.07101440429688,30,84,66,924
3,rank3,11,rx_unpack_wait,18,4.286,0.421,219.171,233.53900146484375,95040,0,0,0
3,rank3,11,rx_unpack_dequant_clear,21,1.791,0.171,219.664,233.9210205078125,92160,198,0,0
3,rank3,11,rx_output,3,1.023,0.345,223.11,234.343017578125,30720,3,2,0
3,rank3,11,start_gate,1,160.019,160.019,0.31,160.32901000976562,0,0,0,0
3,rank3,11,pack_tx_data_submit,18,0.372,0.021,161.349,181.06500244140625,101376,0,0,0
3,rank3,11,pack_first_tx_ready,1,2.111,2.111,160.538,162.64901733398438,201,0,0,0
3,rank3,11,pack_mte3_exposed_wait,18,0.034,0.003,162.216,181.666015625,101376,0,0,0
3,rank3,12,kernel_total,1,77.616,77.616,160.34,237.95602416992188,0,0,0,0
3,rank3,12,pack_total,1,22.091,22.091,160.435,182.5260009765625,0,0,0,0
3,rank3,12,pack_input_wait,18,0.407,0.023,160.743,180.66201782226562,184320,0,0,0
3,rank3,12,pack_quantize,18,5.607,0.349,160.838,181.05801391601562,92160,198,0,0
3,rank3,12,pack_tx_publish,18,3.166,0.221,162.25,182.19100952148438,0,18,18,1152
3,rank3,12,receive_total,1,55.028,55.028,182.75,237.77801513671875,0,0,0,0
3,rank3,12,rx_flag_poll_wait,3,41.275,35.932,183.217,233.3280029296875,28,97,79,1067
3,rank3,12,rx_unpack_wait,18,3.52,0.412,219.437,236.61801147460938,95040,0,0,0
3,rank3,12,rx_unpack_dequant_clear,21,1.783,0.163,219.84,236.9990234375,92160,198,0,0
3,rank3,12,rx_output,3,1.052,0.378,223.12,237.426025390625,30720,0,0,0
3,rank3,12,start_gate,1,158.772,158.772,1.467,160.239013671875,0,0,0,0
3,rank3,12,pack_tx_data_submit,18,0.37,0.021,161.279,181.20700073242188,101376,0,0,0
3,rank3,12,pack_first_tx_ready,1,2.147,2.147,160.448,162.59500122070312,219,0,0,0
3,rank3,12,pack_mte3_exposed_wait,18,0.035,0.003,162.163,181.80902099609375,101376,0,0,0
3,rank3,13,kernel_total,1,75.276,75.276,160.292,235.56802368164062,0,0,0,0
3,rank3,13,pack_total,1,23.594,23.594,160.387,183.98101806640625,0,0,0,0
3,rank3,13,pack_input_wait,19,0.425,0.023,160.694,182.15301513671875,194560,0,0,0
3,rank3,13,pack_quantize,19,5.873,0.357,160.79,182.572021484375,97280,209,0,0
3,rank3,13,pack_tx_publish,19,3.7,0.269,162.194,183.67501831054688,0,19,19,1216
3,rank3,13,receive_total,1,51.203,51.203,184.182,235.385009765625,0,0,0,0
3,rank3,13,rx_flag_poll_wait,3,36.829,27.011,184.571,230.69100952148438,31,86,68,946
3,rank3,13,rx_unpack_wait,18,4.156,0.424,211.857,234.10601806640625,95040,0,0,0
3,rank3,13,rx_unpack_dequant_clear,21,1.771,0.164,212.342,234.48699951171875,92160,198,0,0
3,rank3,13,rx_output,3,1.021,0.342,215.561,234.90802001953125,30720,3,2,0
3,rank3,13,start_gate,1,158.756,158.756,1.434,160.19000244140625,0,0,0,0
3,rank3,13,pack_tx_data_submit,19,0.394,0.021,161.209,182.718017578125,107008,0,0,0
3,rank3,13,pack_first_tx_ready,1,2.148,2.148,160.399,162.5469970703125,237,0,0,0
3,rank3,13,pack_mte3_exposed_wait,19,0.035,0.003,162.103,183.22201538085938,107008,0,0,0
3,rank3,14,kernel_total,1,74.908,74.908,159.856,234.76400756835938,0,0,0,0
3,rank3,14,pack_total,1,22.245,22.245,159.951,182.19601440429688,0,0,0,0
3,rank3,14,pack_input_wait,18,0.405,0.023,160.257,180.42300415039062,184320,0,0,0
3,rank3,14,pack_quantize,18,5.484,0.327,160.355,180.8330078125,92160,198,0,0
3,rank3,14,pack_tx_publish,18,3.446,0.318,161.742,181.88900756835938,0,18,18,1152
3,rank3,14,receive_total,1,52.165,52.165,182.414,234.57901000976562,0,0,0,0
3,rank3,14,rx_flag_poll_wait,3,38.492,25.268,182.808,230.0989990234375,35,89,71,979
3,rank3,14,rx_unpack_wait,18,3.514,0.406,208.35,233.4219970703125,95040,0,0,0
3,rank3,14,rx_unpack_dequant_clear,21,1.78,0.18,208.765,233.802001953125,92160,198,0,0
3,rank3,14,rx_output,3,1.027,0.346,211.922,234.22601318359375,30720,1,1,0
3,rank3,14,start_gate,1,158.589,158.589,1.166,159.7550048828125,0,0,0,0
3,rank3,14,pack_tx_data_submit,18,0.375,0.021,160.774,180.98300170898438,101376,0,0,0
3,rank3,14,pack_first_tx_ready,1,2.128,2.128,159.963,162.09100341796875,256,0,0,0
3,rank3,14,pack_mte3_exposed_wait,18,0.035,0.003,161.654,181.46401977539062,101376,0,0,0
3,rank3,15,kernel_total,1,70.63,70.63,160.111,230.74099731445312,0,0,0,0
3,rank3,15,pack_total,1,21.646,21.646,160.206,181.85202026367188,0,0,0,0
3,rank3,15,pack_input_wait,18,0.403,0.023,160.512,180.07699584960938,184320,0,0,0
3,rank3,15,pack_quantize,18,5.485,0.341,160.607,180.47201538085938,92160,198,0,0
3,rank3,15,pack_tx_publish,18,2.887,0.217,162.003,181.5460205078125,0,18,18,1152
3,rank3,15,receive_total,1,48.488,48.488,182.069,230.5570068359375,0,0,0,0
3,rank3,15,rx_flag_poll_wait,3,34.75,33.444,182.45,226.05902099609375,36,79,61,869
3,rank3,15,rx_unpack_wait,18,3.52,0.429,216.178,229.28701782226562,95040,0,0,0
3,rank3,15,rx_unpack_dequant_clear,21,1.769,0.177,216.598,229.66799926757812,92160,198,0,0
3,rank3,15,rx_output,3,1.015,0.342,219.804,230.08700561523438,30720,0,0,0
3,rank3,15,start_gate,1,158.807,158.807,1.203,160.010009765625,0,0,0,0
3,rank3,15,pack_tx_data_submit,18,0.371,0.021,161.04,180.62200927734375,101376,0,0,0
3,rank3,15,pack_first_tx_ready,1,2.099,2.099,160.219,162.31802368164062,274,0,0,0
3,rank3,15,pack_mte3_exposed_wait,18,0.034,0.003,161.915,181.12200927734375,101376,0,0,0
3,rank3,16,kernel_total,1,72.356,72.356,159.655,232.01101684570312,0,0,0,0
3,rank3,16,pack_total,1,21.884,21.884,159.749,181.63299560546875,0,0,0,0
3,rank3,16,pack_input_wait,18,0.404,0.023,160.056,179.8170166015625,184320,0,0,0
3,rank3,16,pack_quantize,18,5.461,0.336,160.154,180.218017578125,92160,198,0,0
3,rank3,16,pack_tx_publish,18,3.133,0.23,161.561,181.32699584960938,0,18,18,1152
3,rank3,16,receive_total,1,49.992,49.992,181.844,231.83599853515625,0,0,0,0
3,rank3,16,rx_flag_poll_wait,3,35.811,25.963,182.236,226.9530029296875,36,81,63,891
3,rank3,16,rx_unpack_wait,18,3.992,0.445,191.743,230.56399536132812,95040,0,0,0
3,rank3,16,rx_unpack_dequant_clear,21,1.757,0.162,192.138,230.94500732421875,92160,198,0,0
3,rank3,16,rx_output,3,1.0,0.337,195.22,231.3590087890625,30720,0,0,0
3,rank3,16,start_gate,1,157.351,157.351,2.202,159.55300903320312,0,0,0,0
3,rank3,16,pack_tx_data_submit,18,0.369,0.021,160.582,180.3690185546875,101376,0,0,0
3,rank3,16,pack_first_tx_ready,1,2.121,2.121,159.762,161.88299560546875,292,0,0,0
3,rank3,16,pack_mte3_exposed_wait,18,0.033,0.003,161.475,180.8690185546875,101376,0,0,0
3,rank3,17,kernel_total,1,72.105,72.105,160.14,232.2449951171875,0,0,0,0
3,rank3,17,pack_total,1,23.297,23.297,160.235,183.53201293945312,0,0,0,0
3,rank3,17,pack_input_wait,19,0.429,0.023,160.541,181.6920166015625,194560,0,0,0
3,rank3,17,pack_quantize,19,5.806,0.329,160.636,182.0980224609375,97280,209,0,0
3,rank3,17,pack_tx_publish,19,3.461,0.234,162.013,183.21600341796875,0,19,19,1216
3,rank3,17,receive_total,1,48.344,48.344,183.731,232.07501220703125,0,0,0,0
3,rank3,17,rx_flag_poll_wait,3,34.442,32.954,184.124,227.510009765625,31,77,59,847
3,rank3,17,rx_unpack_wait,18,3.834,0.49,217.351,230.91400146484375,95040,0,0,0
3,rank3,17,rx_unpack_dequant_clear,21,1.751,0.159,217.823,231.29501342773438,92160,198,0,0
3,rank3,17,rx_output,3,1.025,0.344,221.032,231.72201538085938,30720,2,2,0
3,rank3,17,start_gate,1,159.25,159.25,0.789,160.03900146484375,0,0,0,0
3,rank3,17,pack_tx_data_submit,19,0.391,0.021,161.06,182.2440185546875,107008,0,0,0
3,rank3,17,pack_first_tx_ready,1,2.12,2.12,160.247,162.36700439453125,310,0,0,0
3,rank3,17,pack_mte3_exposed_wait,19,0.038,0.003,161.93,182.86102294921875,107008,0,0,0
3,rank3,18,kernel_total,1,71.149,71.149,160.215,231.364013671875,0,0,0,0
3,rank3,18,pack_total,1,22.034,22.034,160.31,182.34402465820312,0,0,0,0
3,rank3,18,pack_input_wait,18,0.402,0.023,160.617,180.49801635742188,184320,0,0,0
3,rank3,18,pack_quantize,18,5.455,0.332,160.711,180.89901733398438,92160,198,0,0
3,rank3,18,pack_tx_publish,18,3.25,0.309,162.12,182.02200317382812,0,18,18,1152
3,rank3,18,receive_total,1,48.624,48.624,182.557,231.18099975585938,0,0,0,0
3,rank3,18,rx_flag_poll_wait,3,34.745,22.397,182.987,226.39501953125,30,75,57,825
3,rank3,18,rx_unpack_wait,18,3.595,0.363,205.662,229.90701293945312,95040,0,0,0
3,rank3,18,rx_unpack_dequant_clear,21,1.774,0.175,206.043,230.28701782226562,92160,198,0,0
3,rank3,18,rx_output,3,1.03,0.347,209.221,230.71200561523438,30720,0,0,0
3,rank3,18,start_gate,1,158.017,158.017,2.097,160.114013671875,0,0,0,0
3,rank3,18,pack_tx_data_submit,18,0.372,0.021,161.135,181.04901123046875,101376,0,0,0
3,rank3,18,pack_first_tx_ready,1,2.15,2.15,160.323,162.4730224609375,329,0,0,0
3,rank3,18,pack_mte3_exposed_wait,18,0.034,0.003,162.028,181.64401245117188,101376,0,0,0
3,rank3,19,kernel_total,1,74.735,74.735,159.936,234.6710205078125,0,0,0,0
3,rank3,19,pack_total,1,21.897,21.897,160.03,181.927001953125,0,0,0,0
3,rank3,19,pack_input_wait,18,0.402,0.023,160.337,180.10601806640625,184320,0,0,0
3,rank3,19,pack_quantize,18,5.489,0.339,160.431,180.50201416015625,92160,198,0,0
3,rank3,19,pack_tx_publish,18,3.147,0.23,161.827,181.61599731445312,0,18,18,1152
3,rank3,19,receive_total,1,52.33,52.33,182.152,234.48202514648438,0,0,0,0
3,rank3,19,rx_flag_poll_wait,3,38.028,31.95,182.536,230.04299926757812,36,85,67,935
3,rank3,19,rx_unpack_wait,18,4.147,0.427,214.77,233.32901000976562,95040,0,0,0
3,rank3,19,rx_unpack_dequant_clear,21,1.783,0.171,215.149,233.71002197265625,92160,198,0,0
3,rank3,19,rx_output,3,1.02,0.343,218.707,234.12899780273438,30720,1,1,0
3,rank3,19,start_gate,1,159.503,159.503,0.331,159.83401489257812,0,0,0,0
3,rank3,19,pack_tx_data_submit,18,0.373,0.021,160.862,180.65200805664062,101376,0,0,0
3,rank3,19,pack_first_tx_ready,1,2.121,2.121,160.043,162.16400146484375,347,0,0,0
3,rank3,19,pack_mte3_exposed_wait,18,0.033,0.003,161.74,181.2650146484375,101376,0,0,0
3,rank3,20,kernel_total,1,83.94,83.94,159.759,243.69900512695312,0,0,0,0
3,rank3,20,pack_total,1,23.707,23.707,159.854,183.56100463867188,0,0,0,0
3,rank3,20,pack_input_wait,19,0.426,0.023,160.16,181.70901489257812,194560,0,0,0
3,rank3,20,pack_quantize,19,5.882,0.346,160.255,182.11599731445312,97280,209,0,0
3,rank3,20,pack_tx_publish,19,3.76,0.246,161.676,183.25100708007812,0,19,19,1216
3,rank3,20,receive_total,1,59.774,59.774,183.756,243.52999877929688,0,0,0,0
3,rank3,20,rx_flag_poll_wait,4,41.689,36.904,184.152,239.15899658203125,28,96,72,1056
3,rank3,20,rx_unpack_wait,24,4.738,0.392,221.344,242.33901977539062,126720,0,0,0
3,rank3,20,rx_unpack_dequant_clear,28,2.315,0.155,221.781,242.71902465820312,122880,264,0,0
3,rank3,20,rx_output,4,1.351,0.341,225.04,243.13702392578125,40960,0,0,0
3,rank3,20,start_gate,1,157.936,157.936,1.722,159.65802001953125,0,0,0,0
3,rank3,20,pack_tx_data_submit,19,0.39,0.021,160.694,182.26202392578125,107008,0,0,0
3,rank3,20,pack_first_tx_ready,1,2.17,2.17,159.867,162.03701782226562,365,0,0,0
3,rank3,20,pack_mte3_exposed_wait,19,0.037,0.003,161.587,182.77700805664062,107008,0,0,0
3,rank3,21,kernel_total,1,70.418,70.418,159.709,230.12701416015625,0,0,0,0
3,rank3,21,pack_total,1,22.351,22.351,159.804,182.15499877929688,0,0,0,0
3,rank3,21,pack_input_wait,18,0.401,0.023,160.11,180.27301025390625,184320,0,0,0
3,rank3,21,pack_quantize,18,5.744,0.35,160.204,180.666015625,92160,198,0,0
3,rank3,21,pack_tx_publish,18,3.253,0.237,161.621,181.8330078125,0,18,18,1152
3,rank3,21,receive_total,1,47.608,47.608,182.353,229.96099853515625,0,0,0,0
3,rank3,21,rx_flag_poll_wait,3,33.353,27.145,182.765,225.3280029296875,22,76,58,836
3,rank3,21,rx_unpack_wait,18,4.016,0.371,210.185,228.68301391601562,95040,0,0,0
3,rank3,21,rx_unpack_dequant_clear,21,1.775,0.159,210.629,229.051025390625,92160,198,0,0
3,rank3,21,rx_output,3,1.046,0.352,214.104,229.48699951171875,30720,3,2,0
3,rank3,21,start_gate,1,158.595,158.595,1.013,159.60800170898438,0,0,0,0
3,rank3,21,pack_tx_data_submit,18,0.371,0.021,160.638,180.822998046875,101376,0,0,0
3,rank3,21,pack_first_tx_ready,1,2.154,2.154,159.816,161.97000122070312,384,0,0,0
3,rank3,21,pack_mte3_exposed_wait,18,0.031,0.003,161.533,181.3380126953125,101376,0,0,0
3,rank3,22,kernel_total,1,67.784,67.784,159.988,227.77200317382812,0,0,0,0
3,rank3,22,pack_total,1,21.981,21.981,160.083,182.06399536132812,0,0,0,0
3,rank3,22,pack_input_wait,18,0.405,0.023,160.39,180.33102416992188,184320,0,0,0
3,rank3,22,pack_quantize,18,5.652,0.407,160.488,180.73101806640625,92160,198,0,0
3,rank3,22,pack_tx_publish,18,3.068,0.226,161.952,181.75302124023438,0,18,18,1152
3,rank3,22,receive_total,1,45.308,45.308,182.285,227.593017578125,0,0,0,0
3,rank3,22,rx_flag_poll_wait,3,31.367,25.185,182.688,222.83001708984375,24,70,52,770
3,rank3,22,rx_unpack_wait,18,3.652,0.414,208.153,226.31802368164062,95040,0,0,0
3,rank3,22,rx_unpack_dequant_clear,21,1.765,0.167,208.652,226.70001220703125,92160,198,0,0
3,rank3,22,rx_output,3,1.019,0.343,211.615,227.12200927734375,30720,3,2,0
3,rank3,22,start_gate,1,159.196,159.196,0.691,159.88702392578125,0,0,0,0
3,rank3,22,pack_tx_data_submit,18,0.371,0.021,160.988,180.88101196289062,101376,0,0,0
3,rank3,22,pack_first_tx_ready,1,2.192,2.192,160.096,162.28802490234375,402,0,0,0
3,rank3,22,pack_mte3_exposed_wait,18,0.032,0.003,161.864,181.39401245117188,101376,0,0,0
3,rank3,23,kernel_total,1,72.531,72.531,160.398,232.92901611328125,0,0,0,0
3,rank3,23,pack_total,1,22.293,22.293,160.493,182.7860107421875,0,0,0,0
3,rank3,23,pack_input_wait,18,0.405,0.023,160.798,180.94302368164062,184320,0,0,0
3,rank3,23,pack_quantize,18,5.51,0.338,160.897,181.3380126953125,92160,198,0,0
3,rank3,23,pack_tx_publish,18,3.432,0.238,162.319,182.46200561523438,0,18,18,1152
3,rank3,23,receive_total,1,49.764,49.764,182.994,232.75799560546875,0,0,0,0
3,rank3,23,rx_flag_poll_wait,3,36.276,34.525,183.384,228.27999877929688,37,79,61,869
3,rank3,23,rx_unpack_wait,18,3.377,0.321,218.2,231.60000610351562,95040,0,0,0
3,rank3,23,rx_unpack_dequant_clear,21,1.771,0.168,218.588,231.98101806640625,92160,198,0,0
3,rank3,23,rx_output,3,1.014,0.341,221.786,232.40200805664062,30720,1,1,0
3,rank3,23,start_gate,1,158.493,158.493,1.804,160.2969970703125,0,0,0,0
3,rank3,23,pack_tx_data_submit,18,0.371,0.021,161.327,181.48699951171875,101376,0,0,0
3,rank3,23,pack_first_tx_ready,1,2.163,2.163,160.505,162.66799926757812,420,0,0,0
3,rank3,23,pack_mte3_exposed_wait,18,0.033,0.003,162.236,181.99700927734375,101376,0,0,0
3,rank3,24,kernel_total,1,74.85,74.85,159.958,234.80801391601562,0,0,0,0
3,rank3,24,pack_total,1,23.655,23.655,160.053,183.7080078125,0,0,0,0
3,rank3,24,pack_input_wait,19,0.429,0.023,160.359,181.801025390625,194560,0,0,0
3,rank3,24,pack_quantize,19,5.839,0.338,160.454,182.20901489257812,97280,209,0,0
3,rank3,24,pack_tx_publish,19,3.769,0.303,161.858,183.34402465820312,0,19,19,1216
3,rank3,24,receive_total,1,50.695,50.695,183.928,234.62301635742188,0,0,0,0
3,rank3,24,rx_flag_poll_wait,3,36.827,20.457,184.333,230.01202392578125,27,85,67,935
3,rank3,24,rx_unpack_wait,18,3.473,0.443,199.854,233.33502197265625,95040,0,0,0
3,rank3,24,rx_unpack_dequant_clear,21,1.775,0.18,200.411,233.71499633789062,92160,198,0,0
3,rank3,24,rx_output,3,1.029,0.348,203.376,234.13601684570312,30720,0,0,0
3,rank3,24,start_gate,1,159.499,159.499,0.358,159.85702514648438,0,0,0,0
3,rank3,24,pack_tx_data_submit,19,0.389,0.021,160.884,182.35501098632812,107008,0,0,0
3,rank3,24,pack_first_tx_ready,1,2.151,2.151,160.066,162.21701049804688,438,0,0,0
3,rank3,24,pack_mte3_exposed_wait,19,0.035,0.003,161.773,182.99002075195312,107008,0,0,0
3,rank3,25,kernel_total,1,79.127,79.127,159.883,239.010009765625,0,0,0,0
3,rank3,25,pack_total,1,21.978,21.978,159.977,181.95501708984375,0,0,0,0
3,rank3,25,pack_input_wait,18,0.399,0.023,160.283,180.0989990234375,184320,0,0,0
3,rank3,25,pack_quantize,18,5.55,0.334,160.377,180.50302124023438,92160,198,0,0
3,rank3,25,pack_tx_publish,18,3.184,0.251,161.77,181.64501953125,0,18,18,1152
3,rank3,25,receive_total,1,56.645,56.645,182.184,238.82901000976562,0,0,0,0
3,rank3,25,rx_flag_poll_wait,3,43.289,42.091,182.567,234.52801513671875,28,101,83,1111
3,rank3,25,rx_unpack_wait,18,3.222,0.336,224.946,237.66799926757812,95040,0,0,0
3,rank3,25,rx_unpack_dequant_clear,21,1.779,0.176,225.354,238.0469970703125,92160,198,0,0
3,rank3,25,rx_output,3,1.04,0.349,228.481,238.47500610351562,30720,2,2,0
3,rank3,25,start_gate,1,157.777,157.777,2.004,159.781005859375,0,0,0,0
3,rank3,25,pack_tx_data_submit,18,0.369,0.021,160.803,180.65301513671875,101376,0,0,0
3,rank3,25,pack_first_tx_ready,1,2.15,2.15,159.99,162.1400146484375,457,0,0,0
3,rank3,25,pack_mte3_exposed_wait,18,0.037,0.003,161.679,181.26300048828125,101376,0,0,0
3,rank3,26,kernel_total,1,79.861,79.861,160.038,239.89901733398438,0,0,0,0
3,rank3,26,pack_total,1,22.333,22.333,160.132,182.46499633789062,0,0,0,0
3,rank3,26,pack_input_wait,18,0.406,0.023,160.438,180.45700073242188,184320,0,0,0
3,rank3,26,pack_quantize,18,5.599,0.344,160.536,180.87200927734375,92160,198,0,0
3,rank3,26,pack_tx_publish,18,3.326,0.24,161.935,182.08401489257812,0,18,18,1152
3,rank3,26,receive_total,1,56.998,56.998,182.717,239.71499633789062,0,0,0,0
3,rank3,26,rx_flag_poll_wait,3,43.853,42.588,183.122,235.42800903320312,38,103,85,1133
3,rank3,26,rx_unpack_wait,18,2.912,0.364,225.99,238.5570068359375,95040,0,0,0
3,rank3,26,rx_unpack_dequant_clear,21,1.791,0.185,226.492,238.93701171875,92160,198,0,0
3,rank3,26,rx_output,3,1.055,0.356,229.501,239.36700439453125,30720,2,1,0
3,rank3,26,start_gate,1,158.022,158.022,1.914,159.93600463867188,0,0,0,0
3,rank3,26,pack_tx_data_submit,18,0.37,0.021,160.973,181.02200317382812,101376,0,0,0
3,rank3,26,pack_first_tx_ready,1,2.135,2.135,160.145,162.27999877929688,475,0,0,0
3,rank3,26,pack_mte3_exposed_wait,18,0.033,0.003,161.852,181.656005859375,101376,0,0,0
3,rank3,27,kernel_total,1,78.882,78.882,160.166,239.04800415039062,0,0,0,0
3,rank3,27,pack_total,1,23.228,23.228,160.261,183.489013671875,0,0,0,0
3,rank3,27,pack_input_wait,19,0.428,0.023,160.567,181.7750244140625,194560,0,0,0
3,rank3,27,pack_quantize,19,5.956,0.347,160.662,182.18301391601562,97280,209,0,0
3,rank3,27,pack_tx_publish,19,3.297,0.241,162.053,183.1820068359375,0,19,19,1216
3,rank3,27,receive_total,1,55.137,55.137,183.696,238.8330078125,0,0,0,0
3,rank3,27,rx_flag_poll_wait,3,41.85,40.567,184.051,234.39300537109375,53,95,77,1045
3,rank3,27,rx_unpack_wait,18,3.062,0.322,224.898,237.57000732421875,95040,0,0,0
3,rank3,27,rx_unpack_dequant_clear,21,1.781,0.19,225.292,237.95199584960938,92160,198,0,0
3,rank3,27,rx_output,3,1.042,0.354,228.382,238.37701416015625,30720,2,1,0
3,rank3,27,start_gate,1,159.339,159.339,0.725,160.06399536132812,0,0,0,0
3,rank3,27,pack_tx_data_submit,19,0.391,0.021,161.082,182.32901000976562,107008,0,0,0
3,rank3,27,pack_first_tx_ready,1,2.137,2.137,160.273,162.41000366210938,493,0,0,0
3,rank3,27,pack_mte3_exposed_wait,19,0.034,0.003,161.967,182.83999633789062,107008,0,0,0
3,rank3,28,kernel_total,1,73.333,73.333,160.27,233.60299682617188,0,0,0,0
3,rank3,28,pack_total,1,22.119,22.119,160.364,182.48300170898438,0,0,0,0
3,rank3,28,pack_input_wait,18,0.402,0.023,160.726,180.625,184320,0,0,0
3,rank3,28,pack_quantize,18,5.547,0.325,160.829,181.03900146484375,92160,198,0,0
3,rank3,28,pack_tx_publish,18,3.122,0.231,162.225,182.13800048828125,0,18,18,1152
3,rank3,28,receive_total,1,50.766,50.766,182.673,233.43899536132812,0,0,0,0
3,rank3,28,rx_flag_poll_wait,3,37.049,35.403,183.147,228.93099975585938,35,84,66,924
3,rank3,28,rx_unpack_wait,18,3.414,0.517,218.836,232.1500244140625,95040,0,0,0
3,rank3,28,rx_unpack_dequant_clear,21,1.767,0.164,219.425,232.52999877929688,92160,198,0,0
3,rank3,28,rx_output,3,1.015,0.341,222.461,232.95501708984375,30720,1,1,0
3,rank3,28,start_gate,1,160.1,160.1,0.068,160.16799926757812,0,0,0,0
3,rank3,28,pack_tx_data_submit,18,0.37,0.021,161.246,181.18801879882812,101376,0,0,0
3,rank3,28,pack_first_tx_ready,1,2.202,2.202,160.377,162.57901000976562,512,0,0,0
3,rank3,28,pack_mte3_exposed_wait,18,0.033,0.003,162.144,181.697998046875,101376,0,0,0
3,rank3,29,kernel_total,1,74.783,74.783,159.735,234.51800537109375,0,0,0,0
3,rank3,29,pack_total,1,21.971,21.971,159.83,181.801025390625,0,0,0,0
3,rank3,29,pack_input_wait,18,0.403,0.023,160.135,180.08200073242188,184320,0,0,0
3,rank3,29,pack_quantize,18,5.52,0.336,160.23,180.47900390625,92160,198,0,0
3,rank3,29,pack_tx_publish,18,3.035,0.226,161.701,181.48800659179688,0,18,18,1152
3,rank3,29,receive_total,1,52.341,52.341,182.006,234.34701538085938,0,0,0,0
3,rank3,29,rx_flag_poll_wait,3,38.458,36.705,182.378,229.80801391601562,30,91,73,1001
3,rank3,29,rx_unpack_wait,18,3.683,0.339,219.372,233.17401123046875,95040,0,0,0
3,rank3,29,rx_unpack_dequant_clear,21,1.779,0.163,219.757,233.55401611328125,92160,198,0,0
3,rank3,29,rx_output,3,1.042,0.371,223.12,233.97000122070312,30720,3,2,0
3,rank3,29,start_gate,1,159.515,159.515,0.119,159.63400268554688,0,0,0,0
3,rank3,29,pack_tx_data_submit,18,0.375,0.021,160.658,180.62899780273438,101376,0,0,0
3,rank3,29,pack_first_tx_ready,1,2.2,2.2,159.842,162.04202270507812,530,0,0,0
3,rank3,29,pack_mte3_exposed_wait,18,0.034,0.003,161.613,181.12200927734375,101376,0,0,0
3,rank3,30,kernel_total,1,78.341,78.341,160.371,238.71200561523438,0,0,0,0
3,rank3,30,pack_total,1,22.118,22.118,160.466,182.58401489257812,0,0,0,0
3,rank3,30,pack_input_wait,18,0.405,0.023,160.772,180.71600341796875,184320,0,0,0
3,rank3,30,pack_quantize,18,5.526,0.348,160.867,181.12100219726562,92160,198,0,0
3,rank3,30,pack_tx_publish,18,3.131,0.234,162.274,182.28201293945312,0,18,18,1152
3,rank3,30,receive_total,1,55.735,55.735,182.807,238.54202270507812,0,0,0,0
3,rank3,30,rx_flag_poll_wait,3,42.225,40.894,183.179,234.2490234375,41,99,81,1089
3,rank3,30,rx_unpack_wait,18,3.356,0.505,224.357,237.36599731445312,95040,0,0,0
3,rank3,30,rx_unpack_dequant_clear,21,1.774,0.176,224.76,237.74700927734375,92160,198,0,0
3,rank3,30,rx_output,3,1.041,0.351,228.029,238.17800903320312,30720,2,1,0
3,rank3,30,start_gate,1,158.283,158.283,1.987,160.27001953125,0,0,0,0
3,rank3,30,pack_tx_data_submit,18,0.369,0.021,161.307,181.27001953125,101376,0,0,0
3,rank3,30,pack_first_tx_ready,1,2.136,2.136,160.478,162.614013671875,548,0,0,0
3,rank3,30,pack_mte3_exposed_wait,18,0.034,0.003,162.183,181.77301025390625,101376,0,0,0
3,rank3,31,kernel_total,1,75.319,75.319,160.068,235.38702392578125,0,0,0,0
3,rank3,31,pack_total,1,23.121,23.121,160.163,183.28399658203125,0,0,0,0
3,rank3,31,pack_input_wait,19,0.425,0.023,160.469,181.47601318359375,194560,0,0,0
3,rank3,31,pack_quantize,19,5.844,0.335,160.563,181.885009765625,97280,209,0,0
3,rank3,31,pack_tx_publish,19,3.322,0.238,161.954,182.97702026367188,0,19,19,1216
3,rank3,31,receive_total,1,51.722,51.722,183.483,235.20501708984375,0,0,0,0
3,rank3,31,rx_flag_poll_wait,3,37.943,33.234,183.86,230.6610107421875,27,88,70,968
3,rank3,31,rx_unpack_wait,18,3.522,0.485,217.399,233.92001342773438,95040,0,0,0
3,rank3,31,rx_unpack_dequant_clear,21,1.782,0.18,217.956,234.301025390625,92160,198,0,0
3,rank3,31,rx_output,3,1.025,0.346,221.0,234.73101806640625,30720,2,1,0
3,rank3,31,start_gate,1,157.921,157.921,2.045,159.96600341796875,0,0,0,0
3,rank3,31,pack_tx_data_submit,19,0.391,0.021,160.99,182.03201293945312,107008,0,0,0
3,rank3,31,pack_first_tx_ready,1,2.134,2.134,160.176,162.30999755859375,566,0,0,0
3,rank3,31,pack_mte3_exposed_wait,19,0.032,0.003,161.863,182.64501953125,107008,0,0,0
3,rank3,32,kernel_total,1,70.797,70.797,160.009,230.80599975585938,0,0,0,0
3,rank3,32,pack_total,1,20.776,20.776,160.103,180.87899780273438,0,0,0,0
3,rank3,32,pack_input_wait,18,0.4,0.023,160.41,179.18899536132812,184320,0,0,0
3,rank3,32,pack_quantize,18,5.542,0.328,160.504,179.5880126953125,92160,198,0,0
3,rank3,32,pack_tx_publish,18,1.96,0.111,161.885,180.57000732421875,0,18,18,1152
3,rank3,32,receive_total,1,49.566,49.566,181.069,230.635009765625,0,0,0,0
3,rank3,32,rx_flag_poll_wait,3,35.979,22.399,181.434,226.02001953125,29,81,63,891
3,rank3,32,rx_unpack_wait,18,3.395,0.357,204.13,229.45602416992188,95040,0,0,0
3,rank3,32,rx_unpack_dequant_clear,21,1.771,0.175,204.517,229.83700561523438,92160,198,0,0
3,rank3,32,rx_output,3,1.044,0.351,207.58,230.26300048828125,30720,1,1,0
3,rank3,32,start_gate,1,157.667,157.667,2.24,159.90701293945312,0,0,0,0
3,rank3,32,pack_tx_data_submit,18,0.373,0.021,160.928,179.73800659179688,101376,0,0,0
3,rank3,32,pack_first_tx_ready,1,1.995,1.995,160.116,162.11102294921875,585,0,0,0
3,rank3,32,pack_mte3_exposed_wait,18,0.034,0.003,161.796,180.23202514648438,101376,0,0,0
3,rank3,33,kernel_total,1,79.424,79.424,159.578,239.00201416015625,0,0,0,0
3,rank3,33,pack_total,1,20.713,20.713,159.672,180.385009765625,0,0,0,0
3,rank3,33,pack_input_wait,18,0.405,0.023,159.978,178.68402099609375,184320,0,0,0
3,rank3,33,pack_quantize,18,5.553,0.327,160.076,179.0830078125,92160,198,0,0
3,rank3,33,pack_tx_publish,18,1.883,0.111,161.468,180.0830078125,0,18,18,1152
3,rank3,33,receive_total,1,58.259,58.259,180.576,238.83502197265625,0,0,0,0
3,rank3,33,rx_flag_poll_wait,3,44.397,43.007,180.943,234.31900024414062,39,101,83,1111
3,rank3,33,rx_unpack_wait,18,3.636,0.383,224.247,237.64401245117188,95040,0,0,0
3,rank3,33,rx_unpack_dequant_clear,21,1.795,0.176,224.702,238.0250244140625,92160,198,0,0
3,rank3,33,rx_output,3,1.049,0.351,227.939,238.45602416992188,30720,0,0,0
3,rank3,33,start_gate,1,156.988,156.988,2.489,159.47702026367188,0,0,0,0
3,rank3,33,pack_tx_data_submit,18,0.37,0.021,160.492,179.23300170898438,101376,0,0,0
3,rank3,33,pack_first_tx_ready,1,2.011,2.011,159.685,161.69601440429688,603,0,0,0
3,rank3,33,pack_mte3_exposed_wait,18,0.034,0.003,161.381,179.74002075195312,101376,0,0,0
3,rank3,34,kernel_total,1,76.819,76.819,159.651,236.47000122070312,0,0,0,0
3,rank3,34,pack_total,1,21.993,21.993,159.746,181.739013671875,0,0,0,0
3,rank3,34,pack_input_wait,19,0.424,0.023,160.052,180.02401733398438,194560,0,0,0
3,rank3,34,pack_quantize,19,5.819,0.338,160.146,180.43899536132812,97280,209,0,0
3,rank3,34,pack_tx_publish,19,2.205,0.122,161.536,181.43499755859375,0,19,19,1216
3,rank3,34,receive_total,1,54.379,54.379,181.925,236.30401611328125,0,0,0,0
3,rank3,34,rx_flag_poll_wait,3,40.78,31.351,182.332,231.78399658203125,29,93,75,1023
3,rank3,34,rx_unpack_wait,18,3.398,0.379,213.991,235.1240234375,95040,0,0,0
3,rank3,34,rx_unpack_dequant_clear,21,1.755,0.16,214.425,235.5050048828125,92160,198,0,0
3,rank3,34,rx_output,3,1.018,0.342,217.393,235.9219970703125,30720,3,2,0
3,rank3,34,start_gate,1,158.022,158.022,1.528,159.55001831054688,0,0,0,0
3,rank3,34,pack_tx_data_submit,19,0.389,0.021,160.576,180.58502197265625,107008,0,0,0
3,rank3,34,pack_first_tx_ready,1,2.016,2.016,159.758,161.77401733398438,621,0,0,0
3,rank3,34,pack_mte3_exposed_wait,19,0.037,0.003,161.448,181.08102416992188,107008,0,0,0
3,rank3,35,kernel_total,1,80.939,80.939,159.83,240.76901245117188,0,0,0,0
3,rank3,35,pack_total,1,20.919,20.919,159.924,180.843017578125,0,0,0,0
3,rank3,35,pack_input_wait,18,0.401,0.023,160.231,179.10299682617188,184320,0,0,0
3,rank3,35,pack_quantize,18,5.548,0.331,160.331,179.50201416015625,92160,198,0,0
3,rank3,35,pack_tx_publish,18,2.081,0.131,161.726,180.53302001953125,0,18,18,1152
3,rank3,35,receive_total,1,59.554,59.554,181.028,240.58200073242188,0,0,0,0
3,rank3,35,rx_flag_poll_wait,3,46.027,44.772,181.404,236.16799926757812,40,107,89,1177
3,rank3,35,rx_unpack_wait,18,3.295,0.347,226.485,239.37600708007812,95040,0,0,0
3,rank3,35,rx_unpack_dequant_clear,21,1.771,0.159,226.884,239.7760009765625,92160,198,0,0
3,rank3,35,rx_output,3,1.033,0.355,230.09,240.19601440429688,30720,2,2,0
3,rank3,35,start_gate,1,157.742,157.742,1.987,159.72900390625,0,0,0,0
3,rank3,35,pack_tx_data_submit,18,0.371,0.021,160.754,179.65301513671875,101376,0,0,0
3,rank3,35,pack_first_tx_ready,1,2.021,2.021,159.937,161.9580078125,640,0,0,0
3,rank3,35,pack_mte3_exposed_wait,18,0.036,0.003,161.638,180.166015625,101376,0,0,0
3,rank3,36,kernel_total,1,82.94,82.94,159.549,242.489013671875,0,0,0,0
3,rank3,36,pack_total,1,20.954,20.954,159.644,180.5980224609375,0,0,0,0
3,rank3,36,pack_input_wait,18,0.406,0.023,159.95,178.86001586914062,184320,0,0,0
3,rank3,36,pack_quantize,18,5.576,0.34,160.045,179.27001953125,92160,198,0,0
3,rank3,36,pack_tx_publish,18,2.159,0.134,161.451,180.29299926757812,0,18,18,1152
3,rank3,36,receive_total,1,61.518,61.518,180.796,242.31399536132812,0,0,0,0
3,rank3,36,rx_flag_poll_wait,3,47.992,44.725,181.155,237.99301147460938,23,115,97,1265
3,rank3,36,rx_unpack_wait,18,3.341,0.325,226.163,241.135009765625,95040,0,0,0
3,rank3,36,rx_unpack_dequant_clear,21,1.782,0.177,226.635,241.51602172851562,92160,198,0,0
3,rank3,36,rx_output,3,1.032,0.349,230.052,241.947998046875,30720,2,1,0
3,rank3,36,start_gate,1,157.322,157.322,2.126,159.447998046875,0,0,0,0
3,rank3,36,pack_tx_data_submit,18,0.371,0.021,160.476,179.42001342773438,101376,0,0,0
3,rank3,36,pack_first_tx_ready,1,2.025,2.025,159.657,161.6820068359375,658,0,0,0
3,rank3,36,pack_mte3_exposed_wait,18,0.034,0.003,161.364,179.93801879882812,101376,0,0,0
3,rank3,37,kernel_total,1,78.61,78.61,160.438,239.04800415039062,0,0,0,0
3,rank3,37,pack_total,1,21.124,21.124,160.533,181.65701293945312,0,0,0,0
3,rank3,37,pack_input_wait,18,0.404,0.023,160.839,179.94000244140625,184320,0,0,0
3,rank3,37,pack_quantize,18,5.534,0.346,160.933,180.33502197265625,92160,198,0,0
3,rank3,37,pack_tx_publish,18,2.368,0.134,162.336,181.35202026367188,0,18,18,1152
3,rank3,37,receive_total,1,57.017,57.017,181.856,238.87301635742188,0,0,0,0
3,rank3,37,rx_flag_poll_wait,3,43.337,41.045,182.219,234.39199829101562,35,100,82,1100
3,rank3,37,rx_unpack_wait,18,3.539,0.459,223.551,237.69400024414062,95040,0,0,0
3,rank3,37,rx_unpack_dequant_clear,21,1.778,0.176,223.953,238.07501220703125,92160,198,0,0
3,rank3,37,rx_output,3,1.034,0.348,227.16,238.50701904296875,30720,2,1,0
3,rank3,37,start_gate,1,158.112,158.112,2.225,160.33700561523438,0,0,0,0
3,rank3,37,pack_tx_data_submit,18,0.367,0.021,161.371,180.48501586914062,101376,0,0,0
3,rank3,37,pack_first_tx_ready,1,2.045,2.045,160.546,162.59100341796875,676,0,0,0
3,rank3,37,pack_mte3_exposed_wait,18,0.033,0.003,162.248,181.0,101376,0,0,0
3,rank3,38,kernel_total,1,79.044,79.044,159.674,238.718017578125,0,0,0,0
3,rank3,38,pack_total,1,22.243,22.243,159.769,182.01202392578125,0,0,0,0
3,rank3,38,pack_input_wait,19,0.426,0.023,160.076,180.25399780273438,194560,0,0,0
3,rank3,38,pack_quantize,19,5.903,0.332,160.171,180.68600463867188,97280,209,0,0
3,rank3,38,pack_tx_publish,19,2.358,0.132,161.576,181.70700073242188,0,19,19,1216
3,rank3,38,receive_total,1,56.35,56.35,182.199,238.54901123046875,0,0,0,0
3,rank3,38,rx_flag_poll_wait,3,42.671,40.918,182.569,234.16000366210938,29,98,80,1078
3,rank3,38,rx_unpack_wait,18,3.498,0.45,223.804,237.36599731445312,95040,0,0,0
3,rank3,38,rx_unpack_dequant_clear,21,1.778,0.165,224.327,237.74600219726562,92160,198,0,0
3,rank3,38,rx_output,3,1.019,0.343,227.527,238.1710205078125,30720,2,1,0
3,rank3,38,start_gate,1,157.291,157.291,2.282,159.572998046875,0,0,0,0
3,rank3,38,pack_tx_data_submit,19,0.393,0.021,160.594,180.83999633789062,107008,0,0,0
3,rank3,38,pack_first_tx_ready,1,2.04,2.04,159.782,161.822021484375,694,0,0,0
3,rank3,38,pack_mte3_exposed_wait,19,0.033,0.003,161.484,181.35299682617188,107008,0,0,0
3,rank3,39,kernel_total,1,74.948,74.948,161.816,236.76400756835938,0,0,0,0
3,rank3,39,pack_total,1,21.171,21.171,161.91,183.08102416992188,0,0,0,0
3,rank3,39,pack_input_wait,18,0.404,0.023,162.215,181.34600830078125,184320,0,0,0
3,rank3,39,pack_quantize,18,5.535,0.352,162.31,181.7440185546875,92160,198,0,0
3,rank3,39,pack_tx_publish,18,2.311,0.132,163.747,182.7760009765625,0,18,18,1152
3,rank3,39,receive_total,1,53.318,53.318,183.271,236.58901977539062,0,0,0,0
3,rank3,39,rx_flag_poll_wait,3,39.434,35.813,183.644,232.05801391601562,30,91,73,1001
3,rank3,39,rx_unpack_wait,18,3.768,0.436,219.748,235.40899658203125,95040,0,0,0
3,rank3,39,rx_unpack_dequant_clear,21,1.768,0.164,220.256,235.791015625,92160,198,0,0
3,rank3,39,rx_output,3,1.012,0.344,223.535,236.20700073242188,30720,2,1,0
3,rank3,39,start_gate,1,160.97,160.97,0.745,161.71499633789062,0,0,0,0
3,rank3,39,pack_tx_data_submit,18,0.371,0.021,162.755,181.89401245117188,101376,0,0,0
3,rank3,39,pack_first_tx_ready,1,2.066,2.066,161.923,163.989013671875,713,0,0,0
3,rank3,39,pack_mte3_exposed_wait,18,0.031,0.003,163.656,182.40899658203125,101376,0,0,0
3,rank3,40,kernel_total,1,74.035,74.035,159.951,233.98602294921875,0,0,0,0
3,rank3,40,pack_total,1,21.214,21.214,160.046,181.260009765625,0,0,0,0
3,rank3,40,pack_input_wait,18,0.401,0.023,160.353,179.53399658203125,184320,0,0,0
3,rank3,40,pack_quantize,18,5.558,0.351,160.447,179.93899536132812,92160,198,0,0
3,rank3,40,pack_tx_publish,18,2.385,0.136,161.848,180.95700073242188,0,18,18,1152
3,rank3,40,receive_total,1,52.335,52.335,181.467,233.802001953125,0,0,0,0
3,rank3,40,rx_flag_poll_wait,3,38.347,33.874,181.819,229.20401000976562,24,88,70,968
3,rank3,40,rx_unpack_wait,18,3.837,0.461,215.969,232.6090087890625,95040,0,0,0
3,rank3,40,rx_unpack_dequant_clear,21,1.779,0.186,216.375,232.989013671875,92160,198,0,0
3,rank3,40,rx_output,3,1.055,0.358,219.561,233.43099975585938,30720,2,2,0
3,rank3,40,start_gate,1,157.703,157.703,2.147,159.85000610351562,0,0,0,0
3,rank3,40,pack_tx_data_submit,18,0.372,0.021,160.89,180.0880126953125,101376,0,0,0
3,rank3,40,pack_first_tx_ready,1,2.026,2.026,160.059,162.08502197265625,731,0,0,0
3,rank3,40,pack_mte3_exposed_wait,18,0.035,0.003,161.76,180.60702514648438,101376,0,0,0
3,rank3,41,kernel_total,1,79.873,79.873,160.866,240.739013671875,0,0,0,0
3,rank3,41,pack_total,1,22.08,22.08,160.961,183.041015625,0,0,0,0
3,rank3,41,pack_input_wait,19,0.431,0.023,161.268,181.3070068359375,194560,0,0,0
3,rank3,41,pack_quantize,19,5.876,0.32,161.371,181.71701049804688,97280,209,0,0
3,rank3,41,pack_tx_publish,19,2.228,0.126,162.759,182.73699951171875,0,19,19,1216
3,rank3,41,receive_total,1,57.306,57.306,183.249,240.55502319335938,0,0,0,0
3,rank3,41,rx_flag_poll_wait,4,39.519,33.464,183.603,236.29202270507812,28,88,64,968
3,rank3,41,rx_unpack_wait,24,4.492,0.376,217.341,239.45101928710938,126720,0,0,0
3,rank3,41,rx_unpack_dequant_clear,28,2.352,0.185,217.78,239.83200073242188,122880,264,0,0
3,rank3,41,rx_output,4,1.379,0.35,220.921,240.25900268554688,40960,4,3,0
3,rank3,41,start_gate,1,159.155,159.155,1.61,160.7650146484375,0,0,0,0
3,rank3,41,pack_tx_data_submit,19,0.392,0.021,161.783,181.864013671875,107008,0,0,0
3,rank3,41,pack_first_tx_ready,1,2.023,2.023,160.974,162.99700927734375,749,0,0,0
3,rank3,41,pack_mte3_exposed_wait,19,0.035,0.003,162.667,182.385009765625,107008,0,0,0
3,rank3,42,kernel_total,1,95.919,95.919,160.048,255.96701049804688,0,0,0,0
3,rank3,42,send_total,1,76.53,76.53,163.45,239.98001098632812,0,0,0,0
3,rank3,42,tx_meta_scan,35,5.954,0.348,165.307,221.62200927734375,0,8,27,0
3,rank3,42,tx_ready_poll,44,0.091,0.003,164.968,221.26400756835938,9,35,0,0
3,rank3,42,self_copy,8,6.998,0.979,175.104,222.58001708984375,45056,0,0,0
3,rank3,42,udma_post,27,26.48,1.736,165.856,221.06900024414062,152064,27,1,0
3,rank3,42,udma_quiet,7,13.689,3.229,224.49,239.71099853515625,7,0,0,0
3,rank3,42,local_rx_wait,1,7.606,7.606,240.04,247.64599609375,42,0,0,0
3,rank3,42,round_publish,1,7.958,7.958,247.824,255.78201293945312,1,64,1,1
3,rank3,42,global_round_wait,1,3.197,3.197,160.142,163.33901977539062,1,127,0,0
3,rank3,42,start_gate,1,157.907,157.907,2.043,159.95001220703125,1,64,1,1
3,rank3,43,kernel_total,1,93.743,93.743,160.12,253.86300659179688,0,0,0,0
3,rank3,43,send_total,1,78.091,78.091,163.326,241.41702270507812,0,0,0,0
3,rank3,43,tx_meta_scan,35,5.901,0.292,165.112,222.99801635742188,0,6,29,0
3,rank3,43,tx_ready_poll,44,0.092,0.003,164.858,222.63400268554688,9,35,0,0
3,rank3,43,self_copy,6,5.285,0.963,172.673,216.59402465820312,33792,0,0,0
3,rank3,43,udma_post,29,29.171,1.623,165.45,223.93499755859375,163328,29,1,0
3,rank3,43,udma_quiet,7,13.757,2.72,225.841,241.16400146484375,7,0,0,0
3,rank3,43,local_rx_wait,1,0.319,0.319,241.56,241.87899780273438,0,0,0,0
3,rank3,43,round_publish,1,5.183,5.183,248.401,253.58401489257812,1,64,1,1
3,rank3,43,global_round_wait,1,3.002,3.002,160.213,163.21499633789062,1,127,0,0
3,rank3,43,start_gate,1,157.597,157.597,2.429,160.0260009765625,1,64,1,1
3,rank3,44,kernel_total,1,94.366,94.366,159.619,253.98501586914062,0,0,0,0
3,rank3,44,send_total,1,77.933,77.933,163.355,241.28802490234375,0,0,0,0
3,rank3,44,tx_meta_scan,35,5.718,0.248,165.142,222.02801513671875,0,2,33,0
3,rank3,44,tx_ready_poll,43,0.095,0.003,164.877,221.72100830078125,8,35,0,0
3,rank3,44,self_copy,2,1.759,0.947,192.324,208.91302490234375,11264,0,0,0
3,rank3,44,udma_post,33,32.424,1.475,165.536,223.05902099609375,185856,33,1,0
3,rank3,44,udma_quiet,7,14.533,2.678,224.931,241.03201293945312,7,0,0,0
3,rank3,44,local_rx_wait,1,0.53,0.53,241.438,241.968017578125,0,0,0,0
3,rank3,44,round_publish,1,5.266,5.266,248.432,253.697998046875,1,64,1,1
3,rank3,44,global_round_wait,1,3.531,3.531,159.712,163.24301147460938,1,127,0,0
3,rank3,44,start_gate,1,157.784,157.784,1.736,159.52001953125,1,64,1,1
3,rank3,45,kernel_total,1,89.382,89.382,159.772,249.15402221679688,0,0,0,0
3,rank3,45,send_total,1,80.169,80.169,163.179,243.3480224609375,0,0,0,0
3,rank3,45,tx_meta_scan,35,5.651,0.186,166.254,224.2550048828125,0,4,31,0
3,rank3,45,tx_ready_poll,49,0.112,0.003,164.705,223.89801025390625,14,35,0,0
3,rank3,45,self_copy,4,3.231,0.847,169.211,195.2969970703125,22528,0,0,0
3,rank3,45,udma_post,31,32.012,1.721,166.596,225.1920166015625,174592,31,1,0
3,rank3,45,udma_quiet,7,14.648,2.829,226.935,243.08901977539062,7,0,0,0
3,rank3,45,local_rx_wait,1,0.303,0.303,243.492,243.79501342773438,0,0,0,0
3,rank3,45,round_publish,1,0.522,0.522,248.349,248.87100219726562,0,0,0,0
3,rank3,45,global_round_wait,1,3.202,3.202,159.866,163.06802368164062,0,127,0,0
3,rank3,45,start_gate,1,158.985,158.985,0.689,159.67401123046875,0,0,0,0
3,rank3,46,kernel_total,1,93.886,93.886,159.696,253.58200073242188,0,0,0,0
3,rank3,46,send_total,1,77.64,77.64,163.099,240.739013671875,0,0,0,0
3,rank3,46,tx_meta_scan,35,5.65,0.227,165.342,221.44601440429688,0,3,32,0
3,rank3,46,tx_ready_poll,48,0.106,0.003,164.626,221.06301879882812,13,35,0,0
3,rank3,46,self_copy,3,2.508,0.866,165.878,193.20901489257812,16896,0,0,0
3,rank3,46,udma_post,32,30.295,1.481,168.045,222.57400512695312,180224,32,1,0
3,rank3,46,udma_quiet,7,14.661,2.798,224.334,240.49801635742188,7,0,0,0
3,rank3,46,local_rx_wait,1,0.544,0.544,240.804,241.3480224609375,0,0,0,0
3,rank3,46,round_publish,1,4.989,4.989,248.295,253.28399658203125,1,64,1,1
3,rank3,46,global_round_wait,1,3.197,3.197,159.79,162.98699951171875,1,127,0,0
3,rank3,46,start_gate,1,158.041,158.041,1.557,159.5980224609375,1,64,1,1
3,rank3,47,kernel_total,1,92.877,92.877,159.87,252.74700927734375,0,0,0,0
3,rank3,47,send_total,1,79.084,79.084,163.222,242.30599975585938,0,0,0,0
3,rank3,47,tx_meta_scan,35,5.743,0.228,165.397,222.57000732421875,0,3,32,0
3,rank3,47,tx_ready_poll,45,0.108,0.003,164.748,222.21902465820312,10,35,0,0
3,rank3,47,self_copy,3,2.443,0.841,187.774,214.51800537109375,16896,0,0,0
3,rank3,47,udma_post,32,31.905,1.804,165.788,223.64199829101562,180224,32,1,0
3,rank3,47,udma_quiet,7,15.015,3.492,225.553,242.07400512695312,7,0,0,0
3,rank3,47,local_rx_wait,1,0.31,0.31,242.459,242.76901245117188,0,0,0,0
3,rank3,47,round_publish,1,4.179,4.179,248.268,252.447021484375,1,64,1,1
3,rank3,47,global_round_wait,1,3.151,3.151,159.964,163.11502075195312,1,127,0,0
3,rank3,47,start_gate,1,158.132,158.132,1.644,159.7760009765625,1,64,1,1
3,rank3,48,kernel_total,1,93.974,93.974,159.739,253.7130126953125,0,0,0,0
3,rank3,48,send_total,1,81.765,81.765,163.069,244.83401489257812,0,0,0,0
3,rank3,48,tx_meta_scan,35,5.896,0.385,165.313,224.3480224609375,0,2,33,0
3,rank3,48,tx_ready_poll,48,0.112,0.003,164.591,223.93801879882812,13,35,0,0
3,rank3,48,self_copy,2,1.645,0.827,183.077,225.29400634765625,11264,0,0,0
3,rank3,48,udma_post,33,32.881,1.7,165.769,223.74301147460938,185856,33,1,0
3,rank3,48,udma_quiet,7,15.966,3.354,227.094,244.572021484375,7,0,0,0
3,rank3,48,local_rx_wait,1,0.298,0.298,244.973,245.27099609375,0,0,0,0
3,rank3,48,round_publish,1,5.114,5.114,248.317,253.43099975585938,1,64,1,1
3,rank3,48,global_round_wait,1,3.126,3.126,159.832,162.9580078125,1,127,0,0
3,rank3,48,start_gate,1,157.262,157.262,2.383,159.64501953125,1,64,1,1
3,rank3,49,kernel_total,1,94.303,94.303,159.512,253.81500244140625,0,0,0,0
3,rank3,49,send_total,1,77.298,77.298,163.425,240.7230224609375,0,0,0,0
3,rank3,49,tx_meta_scan,35,5.552,0.175,165.668,223.41400146484375,0,6,29,0
3,rank3,49,tx_ready_poll,47,0.1,0.003,164.948,223.01400756835938,12,35,0,0
3,rank3,49,self_copy,6,5.076,0.872,169.333,221.17800903320312,33792,0,0,0
3,rank3,49,udma_post,29,28.926,1.964,166.014,224.3699951171875,163328,29,1,0
3,rank3,49,udma_quiet,6,13.001,3.049,226.182,240.4580078125,6,0,0,0
3,rank3,49,local_rx_wait,1,0.621,0.621,240.783,241.40402221679688,0,0,0,0
3,rank3,49,round_publish,1,5.161,5.161,248.376,253.53701782226562,1,64,1,1
3,rank3,49,global_round_wait,1,3.708,3.708,159.605,163.31301879882812,1,127,0,0
3,rank3,49,start_gate,1,157.071,157.071,2.347,159.41799926757812,1,64,1,1
3,rank3,50,kernel_total,1,86.284,86.284,160.02,246.30401611328125,0,0,0,0
3,rank3,50,send_total,1,82.204,82.204,163.019,245.2230224609375,0,0,0,0
3,rank3,50,tx_meta_scan,35,5.674,0.187,165.259,225.83700561523438,0,5,30,0
3,rank3,50,tx_ready_poll,46,0.106,0.003,164.541,225.47000122070312,11,35,0,0
3,rank3,50,self_copy,5,4.165,0.955,171.07,193.61001586914062,28160,0,0,0
3,rank3,50,udma_post,30,33.317,1.95,165.662,226.9530029296875,168960,30,1,0
3,rank3,50,udma_quiet,7,14.681,3.022,228.776,244.97702026367188,7,0,0,0
3,rank3,50,local_rx_wait,1,0.52,0.52,245.284,245.80401611328125,0,0,0,0
3,rank3,50,global_round_wait,1,2.799,2.799,160.113,162.91201782226562,0,0,0,0
3,rank3,50,start_gate,1,159.331,159.331,0.595,159.926025390625,0,0,0,0
3,rank3,51,kernel_total,1,86.452,86.452,159.975,246.427001953125,0,0,0,0
3,rank3,51,send_total,1,82.149,82.149,163.379,245.52801513671875,0,0,0,0
3,rank3,51,tx_meta_scan,35,5.862,0.209,165.982,225.40301513671875,0,4,31,0
3,rank3,51,tx_ready_poll,45,0.102,0.003,164.898,224.99600219726562,10,35,0,0
3,rank3,51,self_copy,4,3.492,0.913,174.864,221.5880126953125,22528,0,0,0
3,rank3,51,udma_post,31,32.931,1.826,166.307,226.45901489257812,174592,31,1,0
3,rank3,51,udma_quiet,7,15.501,2.949,228.285,245.27999877929688,7,0,0,0
3,rank3,51,local_rx_wait,1,0.336,0.336,245.589,245.92501831054688,0,0,0,0
3,rank3,51,global_round_wait,1,3.196,3.196,160.068,163.26400756835938,0,0,0,0
3,rank3,51,start_gate,1,158.75,158.75,1.126,159.87600708007812,0,0,0,0
3,rank3,52,kernel_total,1,87.332,87.332,159.711,247.04299926757812,0,0,0,0
3,rank3,52,send_total,1,82.876,82.876,163.298,246.17401123046875,0,0,0,0
3,rank3,52,tx_meta_scan,35,5.771,0.243,166.212,225.44000244140625,0,2,33,0
3,rank3,52,tx_ready_poll,46,0.107,0.003,164.818,225.06301879882812,11,35,0,0
3,rank3,52,self_copy,2,1.739,0.916,189.896,195.45700073242188,11264,0,0,0
3,rank3,52,udma_post,33,34.483,1.864,166.541,226.572021484375,185856,33,1,0
3,rank3,52,udma_quiet,7,16.091,2.912,228.352,245.91900634765625,7,0,0,0
3,rank3,52,local_rx_wait,1,0.302,0.302,246.238,246.54000854492188,0,0,0,0
3,rank3,52,global_round_wait,1,3.382,3.382,159.805,163.18701171875,0,0,0,0
3,rank3,52,start_gate,1,158.593,158.593,1.024,159.61700439453125,0,0,0,0
3,rank3,53,kernel_total,1,82.961,82.961,161.598,244.55902099609375,0,0,0,0
3,rank3,53,send_total,1,80.328,80.328,163.144,243.47201538085938,0,0,0,0
3,rank3,53,tx_meta_scan,35,5.666,0.202,165.234,223.16400146484375,0,4,31,0
3,rank3,53,tx_ready_poll,42,0.097,0.003,164.67,222.82501220703125,7,35,0,0
3,rank3,53,self_copy,4,3.28,0.914,172.643,221.02700805664062,22528,0,0,0
3,rank3,53,udma_post,31,32.551,1.682,165.626,224.33999633789062,174592,31,1,0
3,rank3,53,udma_quiet,7,15.417,3.161,226.262,243.21099853515625,7,0,0,0
3,rank3,53,local_rx_wait,1,0.519,0.519,243.535,244.05401611328125,0,0,0,0
3,rank3,53,global_round_wait,1,1.346,1.346,161.691,163.03701782226562,0,0,0,0
3,rank3,53,start_gate,1,160.853,160.853,0.651,161.50399780273438,0,0,0,0
3,rank3,54,kernel_total,1,84.281,84.281,160.399,244.68002319335938,0,0,0,0
3,rank3,54,send_total,1,80.048,80.048,163.565,243.61300659179688,0,0,0,0
3,rank3,54,tx_meta_scan,35,5.906,0.233,165.514,224.55999755859375,0,8,27,0
3,rank3,54,tx_ready_poll,46,0.104,0.003,165.089,224.28399658203125,11,35,0,0
3,rank3,54,self_copy,8,6.766,1.03,165.903,224.08102416992188,45056,0,0,0
3,rank3,54,udma_post,27,28.5,1.636,169.953,225.63101196289062,152064,27,1,0
3,rank3,54,udma_quiet,7,14.324,2.817,227.398,243.24700927734375,7,0,0,0
3,rank3,54,local_rx_wait,1,0.403,0.403,243.756,244.15899658203125,0,0,0,0
3,rank3,54,global_round_wait,1,2.962,2.962,160.492,163.45401000976562,0,0,0,0
3,rank3,54,start_gate,1,158.609,158.609,1.696,160.30502319335938,0,0,0,0
3,rank3,55,kernel_total,1,85.341,85.341,159.841,245.1820068359375,0,0,0,0
3,rank3,55,send_total,1,81.055,81.055,163.271,244.32601928710938,0,0,0,0
3,rank3,55,tx_meta_scan,35,5.769,0.206,165.328,224.71401977539062,0,6,29,0
3,rank3,55,tx_ready_poll,47,0.115,0.003,164.787,224.3800048828125,12,35,0,0
3,rank3,55,self_copy,6,5.088,1.015,165.731,207.98101806640625,33792,0,0,0
3,rank3,55,udma_post,29,30.821,1.647,170.13,225.8489990234375,163328,29,1,0
3,rank3,55,udma_quiet,7,14.647,3.46,227.618,244.07000732421875,7,0,0,0
3,rank3,55,local_rx_wait,1,0.297,0.297,244.387,244.68402099609375,0,0,0,0
3,rank3,55,global_round_wait,1,3.229,3.229,159.934,163.16302490234375,0,0,0,0
3,rank3,55,start_gate,1,158.077,158.077,1.669,159.74600219726562,0,0,0,0
3,rank3,56,kernel_total,1,85.298,85.298,159.926,245.2239990234375,0,0,0,0
3,rank3,56,send_total,1,80.749,80.749,163.398,244.14700317382812,0,0,0,0
3,rank3,56,tx_meta_scan,35,6.094,0.285,165.401,224.53802490234375,0,5,30,0
3,rank3,56,tx_ready_poll,45,0.105,0.003,164.919,224.21902465820312,10,35,0,0
3,rank3,56,self_copy,5,4.628,1.349,186.384,225.50601196289062,28160,0,0,0
3,rank3,56,udma_post,30,31.837,1.863,165.818,224.02700805664062,168960,30,1,0
3,rank3,56,udma_quiet,7,14.989,4.175,227.338,243.90301513671875,7,0,0,0
3,rank3,56,local_rx_wait,1,0.48,0.48,244.211,244.69100952148438,0,0,0,0
3,rank3,56,global_round_wait,1,3.27,3.27,160.02,163.29000854492188,0,0,0,0
3,rank3,56,start_gate,1,158.64,158.64,1.187,159.82699584960938,0,0,0,0
3,rank3,57,kernel_total,1,84.275,84.275,161.127,245.40200805664062,0,0,0,0
3,rank3,57,send_total,1,81.466,81.466,163.125,244.59100341796875,0,0,0,0
3,rank3,57,tx_meta_scan,35,5.943,0.235,165.16,224.37802124023438,0,3,32,0
3,rank3,57,tx_ready_poll,45,0.108,0.003,164.647,224.0460205078125,10,35,0,0
3,rank3,57,self_copy,3,2.5,0.874,170.939,188.55001831054688,16896,0,0,0
3,rank3,57,udma_post,32,33.359,1.875,165.561,225.47201538085938,180224,32,1,0
3,rank3,57,udma_quiet,7,15.566,4.09,227.305,244.343017578125,7,0,0,0
3,rank3,57,local_rx_wait,1,0.269,0.269,244.652,244.9210205078125,0,0,0,0
3,rank3,57,global_round_wait,1,1.798,1.798,161.22,163.01800537109375,0,0,0,0
3,rank3,57,start_gate,1,158.955,158.955,2.073,161.02801513671875,0,0,0,0
3,rank3,58,kernel_total,1,84.339,84.339,159.797,244.13601684570312,0,0,0,0
3,rank3,58,send_total,1,80.001,80.001,163.193,243.19400024414062,0,0,0,0
3,rank3,58,tx_meta_scan,35,5.888,0.244,165.191,222.73602294921875,0,3,32,0
3,rank3,58,tx_ready_poll,43,0.096,0.003,164.714,222.3070068359375,8,35,0,0
3,rank3,58,self_copy,3,2.497,0.915,191.742,200.5360107421875,16896,0,0,0
3,rank3,58,udma_post,32,32.044,1.952,165.686,223.65499877929688,180224,32,1,0
3,rank3,58,udma_quiet,7,15.939,3.623,225.5,242.94400024414062,7,0,0,0
3,rank3,58,local_rx_wait,1,0.388,0.388,243.258,243.64599609375,0,0,0,0
3,rank3,58,global_round_wait,1,3.196,3.196,159.89,163.08599853515625,0,0,0,0
3,rank3,58,start_gate,1,158.451,158.451,1.247,159.697998046875,0,0,0,0
3,rank3,59,kernel_total,1,84.579,84.579,160.686,245.2650146484375,0,0,0,0
3,rank3,59,send_total,1,80.863,80.863,163.533,244.39599609375,0,0,0,0
3,rank3,59,tx_meta_scan,35,6.206,0.246,166.074,224.58001708984375,0,4,31,0
3,rank3,59,tx_ready_poll,44,0.1,0.003,165.052,224.21200561523438,9,35,0,0
3,rank3,59,self_copy,4,3.554,1.098,171.553,225.7969970703125,22528,0,0,0
3,rank3,59,udma_post,31,32.263,2.089,166.462,223.947998046875,174592,31,1,0
3,rank3,59,udma_quiet,7,14.951,3.282,227.644,244.14801025390625,7,0,0,0
3,rank3,59,local_rx_wait,1,0.288,0.288,244.46,244.74801635742188,0,0,0,0
3,rank3,59,global_round_wait,1,2.646,2.646,160.78,163.426025390625,0,0,0,0
3,rank3,59,start_gate,1,159.37,159.37,1.217,160.58700561523438,0,0,0,0
3,rank3,60,kernel_total,1,83.168,83.168,161.781,244.94900512695312,0,0,0,0
3,rank3,60,send_total,1,81.074,81.074,163.046,244.1199951171875,0,0,0,0
3,rank3,60,tx_meta_scan,35,5.808,0.239,165.552,224.5,0,5,30,0
3,rank3,60,tx_ready_poll,44,0.101,0.003,164.586,224.06399536132812,9,35,0,0
3,rank3,60,self_copy,5,4.152,0.942,171.283,225.3699951171875,28160,0,0,0
3,rank3,60,udma_post,30,31.696,1.844,165.969,223.7960205078125,168960,30,1,0
3,rank3,60,udma_quiet,7,15.122,3.229,227.204,243.8900146484375,7,0,0,0
3,rank3,60,local_rx_wait,1,0.284,0.284,244.185,244.46902465820312,0,0,0,0
3,rank3,60,global_round_wait,1,1.061,1.061,161.874,162.93499755859375,0,0,0,0
3,rank3,60,start_gate,1,160.19,160.19,1.492,161.6820068359375,0,0,0,0
3,rank3,61,kernel_total,1,84.42,84.42,159.896,244.31600952148438,0,0,0,0
3,rank3,61,send_total,1,79.834,79.834,163.504,243.3380126953125,0,0,0,0
3,rank3,61,tx_meta_scan,35,6.001,0.257,165.982,222.9990234375,0,3,32,0
3,rank3,61,tx_ready_poll,43,0.102,0.003,165.041,222.57501220703125,8,35,0,0
3,rank3,61,self_copy,3,2.38,0.844,200.072,214.77301025390625,16896,0,0,0
3,rank3,61,udma_post,32,32.515,1.744,166.406,223.95901489257812,180224,32,1,0
3,rank3,61,udma_quiet,7,15.67,2.846,225.924,243.10501098632812,7,0,0,0
3,rank3,61,local_rx_wait,1,0.399,0.399,243.402,243.801025390625,0,0,0,0
3,rank3,61,global_round_wait,1,3.408,3.408,159.989,163.39700317382812,0,0,0,0
3,rank3,61,start_gate,1,158.645,158.645,1.152,159.7969970703125,0,0,0,0
3,rank3,62,kernel_total,1,83.531,83.531,160.732,244.26300048828125,0,0,0,0
3,rank3,62,send_total,1,77.91,77.91,163.48,241.3900146484375,0,0,0,0
3,rank3,62,tx_meta_scan,34,5.531,0.206,165.951,222.23101806640625,0,5,29,0
3,rank3,62,tx_ready_poll,45,0.106,0.003,165.019,221.89801025390625,11,34,0,0
3,rank3,62,self_copy,5,4.118,0.871,169.557,218.2490234375,28160,0,0,0
3,rank3,62,udma_post,29,29.68,1.768,166.31,223.26602172851562,163328,29,1,0
3,rank3,62,udma_quiet,6,14.66,3.458,225.082,241.0980224609375,6,0,0,0
3,rank3,62,local_rx_wait,1,2.25,2.25,241.528,243.77801513671875,0,0,0,0
3,rank3,62,global_round_wait,1,2.543,2.543,160.826,163.3690185546875,0,0,0,0
3,rank3,62,start_gate,1,160.002,160.002,0.63,160.63201904296875,0,0,0,0
3,rank3,63,kernel_total,1,83.551,83.551,160.098,243.64901733398438,0,0,0,0
3,rank3,63,send_total,1,79.646,79.646,163.245,242.89102172851562,0,0,0,0
3,rank3,63,tx_meta_scan,34,5.766,0.282,165.761,222.3489990234375,0,3,31,0
3,rank3,63,tx_ready_poll,44,0.104,0.003,164.787,222.02401733398438,10,34,0,0
3,rank3,63,self_copy,3,2.467,0.926,178.756,200.3900146484375,16896,0,0,0
3,rank3,63,udma_post,31,31.595,2.038,166.096,223.29501342773438,174592,31,1,0
3,rank3,63,udma_quiet,7,15.986,3.287,225.173,242.656005859375,7,0,0,0
3,rank3,63,local_rx_wait,1,0.206,0.206,242.955,243.1610107421875,0,0,0,0
3,rank3,63,global_round_wait,1,2.946,2.946,160.191,163.13702392578125,0,0,0,0
3,rank3,63,start_gate,1,159.16,159.16,0.839,159.9990234375,0,0,0,0
4,rank4,0,kernel_total,1,71.068,71.068,22.781,93.8489990234375,0,0,0,0
4,rank4,0,pack_total,1,21.966,21.966,22.875,44.84100341796875,0,0,0,0
4,rank4,0,pack_input_wait,18,0.408,0.023,23.182,42.996002197265625,184320,0,0,0
4,rank4,0,pack_quantize,18,5.576,0.339,23.277,43.39501953125,92160,198,0,0
4,rank4,0,pack_tx_publish,18,3.048,0.225,24.679,44.472991943359375,0,18,18,1152
4,rank4,0,receive_total,1,48.604,48.604,45.062,93.666015625,0,0,0,0
4,rank4,0,rx_flag_poll_wait,3,34.769,31.961,45.472,89.04000854492188,25,79,61,869
4,rank4,0,rx_unpack_wait,18,3.61,0.344,77.729,92.39901733398438,95040,0,0,0
4,rank4,0,rx_unpack_dequant_clear,21,1.769,0.174,78.136,92.77999877929688,92160,198,0,0
4,rank4,0,rx_output,3,1.043,0.35,81.337,93.20700073242188,30720,0,0,0
4,rank4,0,start_gate,1,20.722,20.722,1.957,22.67901611328125,0,0,0,0
4,rank4,0,pack_tx_data_submit,18,0.37,0.021,23.709,43.545013427734375,101376,0,0,0
4,rank4,0,pack_first_tx_ready,1,2.133,2.133,22.888,25.02099609375,0,0,0,0
4,rank4,0,pack_mte3_exposed_wait,18,0.031,0.003,24.596,44.035003662109375,101376,0,0,0
4,rank4,1,kernel_total,1,73.249,73.249,22.374,95.62301635742188,0,0,0,0
4,rank4,1,pack_total,1,22.191,22.191,22.468,44.65899658203125,0,0,0,0
4,rank4,1,pack_input_wait,18,0.404,0.023,22.775,42.811004638671875,184320,0,0,0
4,rank4,1,pack_quantize,18,5.533,0.336,22.869,43.222015380859375,92160,198,0,0
4,rank4,1,pack_tx_publish,18,3.382,0.25,24.255,44.35101318359375,0,18,18,1152
4,rank4,1,receive_total,1,50.571,50.571,44.867,95.43801879882812,0,0,0,0
4,rank4,1,rx_flag_poll_wait,3,36.584,31.116,45.296,90.94100952148438,26,82,64,902
4,rank4,1,rx_unpack_wait,18,3.811,0.473,76.71,94.281005859375,95040,0,0,0
4,rank4,1,rx_unpack_dequant_clear,21,1.771,0.17,77.255,94.66201782226562,92160,198,0,0
4,rank4,1,rx_output,3,1.045,0.353,80.532,95.08901977539062,30720,2,1,0
4,rank4,1,start_gate,1,20.754,20.754,1.519,22.27301025390625,0,0,0,0
4,rank4,1,pack_tx_data_submit,18,0.369,0.021,23.297,43.371002197265625,101376,0,0,0
4,rank4,1,pack_first_tx_ready,1,2.125,2.125,22.481,24.60601806640625,18,0,0,0
4,rank4,1,pack_mte3_exposed_wait,18,0.033,0.003,24.172,43.885009765625,101376,0,0,0
4,rank4,2,kernel_total,1,61.942,61.942,23.419,85.36099243164062,0,0,0,0
4,rank4,2,pack_total,1,22.508,22.508,23.514,46.022003173828125,0,0,0,0
4,rank4,2,pack_input_wait,18,0.407,0.023,23.821,44.173004150390625,184320,0,0,0
4,rank4,2,pack_quantize,18,5.718,0.35,23.919,44.62200927734375,92160,198,0,0
4,rank4,2,pack_tx_publish,18,3.431,0.252,25.3,45.712005615234375,0,18,18,1152
4,rank4,2,receive_total,1,38.959,38.959,46.226,85.18499755859375,0,0,0,0
4,rank4,2,rx_flag_poll_wait,3,24.839,23.514,46.656,80.43402099609375,23,52,34,572
4,rank4,2,rx_unpack_wait,18,3.845,0.427,70.482,83.9219970703125,95040,0,0,0
4,rank4,2,rx_unpack_dequant_clear,21,1.755,0.166,70.894,84.30401611328125,92160,198,0,0
4,rank4,2,rx_output,3,1.024,0.344,74.094,84.72702026367188,30720,2,1,0
4,rank4,2,start_gate,1,22.675,22.675,0.643,23.3179931640625,0,0,0,0
4,rank4,2,pack_tx_data_submit,18,0.372,0.021,24.336,44.779998779296875,101376,0,0,0
4,rank4,2,pack_first_tx_ready,1,2.15,2.15,23.526,25.675994873046875,36,0,0,0
4,rank4,2,pack_mte3_exposed_wait,18,0.033,0.003,25.217,45.27301025390625,101376,0,0,0
4,rank4,3,kernel_total,1,70.205,70.205,22.443,92.64801025390625,0,0,0,0
4,rank4,3,pack_total,1,23.525,23.525,22.537,46.06201171875,0,0,0,0
4,rank4,3,pack_input_wait,19,0.43,0.023,22.916,44.157012939453125,194560,0,0,0
4,rank4,3,pack_quantize,19,6.014,0.359,23.01,44.58001708984375,97280,209,0,0
4,rank4,3,pack_tx_publish,19,3.381,0.24,24.414,45.743011474609375,0,19,19,1216
4,rank4,3,receive_total,1,46.192,46.192,46.268,92.46002197265625,0,0,0,0
4,rank4,3,rx_flag_poll_wait,3,31.934,21.91,46.688,87.76901245117188,32,68,50,748
4,rank4,3,rx_unpack_wait,18,4.016,0.487,68.902,91.27001953125,95040,0,0,0
4,rank4,3,rx_unpack_dequant_clear,21,1.773,0.167,69.394,91.6510009765625,92160,198,0,0
4,rank4,3,rx_output,3,1.038,0.354,72.561,92.07400512695312,30720,1,1,0
4,rank4,3,start_gate,1,21.762,21.762,0.579,22.34100341796875,0,0,0,0
4,rank4,3,pack_tx_data_submit,19,0.392,0.021,23.43,44.72601318359375,107008,0,0,0
4,rank4,3,pack_first_tx_ready,1,2.197,2.197,22.55,24.74700927734375,54,0,0,0
4,rank4,3,pack_mte3_exposed_wait,19,0.036,0.003,24.326,45.363006591796875,107008,0,0,0
4,rank4,4,kernel_total,1,72.814,72.814,22.579,95.39300537109375,0,0,0,0
4,rank4,4,pack_total,1,22.112,22.112,22.674,44.7860107421875,0,0,0,0
4,rank4,4,pack_input_wait,18,0.404,0.023,22.979,42.910003662109375,184320,0,0,0
4,rank4,4,pack_quantize,18,5.55,0.326,23.077,43.311004638671875,92160,198,0,0
4,rank4,4,pack_tx_publish,18,3.156,0.239,24.481,44.477996826171875,0,18,18,1152
4,rank4,4,receive_total,1,50.212,50.212,44.994,95.20599365234375,0,0,0,0
4,rank4,4,rx_flag_poll_wait,3,36.335,25.066,45.398,90.6669921875,24,81,63,891
4,rank4,4,rx_unpack_wait,18,3.752,0.559,70.755,94.04800415039062,95040,0,0,0
4,rank4,4,rx_unpack_dequant_clear,21,1.765,0.174,71.386,94.42800903320312,92160,198,0,0
4,rank4,4,rx_output,3,1.028,0.345,74.478,94.85601806640625,30720,1,1,0
4,rank4,4,start_gate,1,21.38,21.38,1.098,22.477996826171875,0,0,0,0
4,rank4,4,pack_tx_data_submit,18,0.372,0.021,23.493,43.46099853515625,101376,0,0,0
4,rank4,4,pack_first_tx_ready,1,2.133,2.133,22.686,24.819000244140625,73,0,0,0
4,rank4,4,pack_mte3_exposed_wait,18,0.034,0.003,24.389,44.08099365234375,101376,0,0,0
4,rank4,5,kernel_total,1,68.277,68.277,22.682,90.95901489257812,0,0,0,0
4,rank4,5,pack_total,1,22.445,22.445,22.776,45.22100830078125,0,0,0,0
4,rank4,5,pack_input_wait,18,0.408,0.023,23.082,43.33599853515625,184320,0,0,0
4,rank4,5,pack_quantize,18,5.542,0.325,23.181,43.7449951171875,92160,198,0,0
4,rank4,5,pack_tx_publish,18,3.464,0.245,24.573,44.8900146484375,0,18,18,1152
4,rank4,5,receive_total,1,45.309,45.309,45.457,90.76602172851562,0,0,0,0
4,rank4,5,rx_flag_poll_wait,3,31.525,30.257,45.903,86.07000732421875,29,64,46,704
4,rank4,5,rx_unpack_wait,18,3.543,0.329,76.447,89.5,95040,0,0,0
4,rank4,5,rx_unpack_dequant_clear,21,1.775,0.174,76.848,89.8800048828125,92160,198,0,0
4,rank4,5,rx_output,3,1.035,0.35,80.0,90.31201171875,30720,2,1,0
4,rank4,5,start_gate,1,21.122,21.122,1.458,22.58001708984375,0,0,0,0
4,rank4,5,pack_tx_data_submit,18,0.372,0.021,23.593,43.89501953125,101376,0,0,0
4,rank4,5,pack_first_tx_ready,1,2.212,2.212,22.789,25.001007080078125,91,0,0,0
4,rank4,5,pack_mte3_exposed_wait,18,0.034,0.003,24.482,44.52301025390625,101376,0,0,0
4,rank4,6,kernel_total,1,77.508,77.508,22.648,100.156005859375,0,0,0,0
4,rank4,6,pack_total,1,23.363,23.363,22.743,46.10601806640625,0,0,0,0
4,rank4,6,pack_input_wait,19,0.424,0.023,23.049,44.21099853515625,194560,0,0,0
4,rank4,6,pack_quantize,19,5.973,0.355,23.144,44.6199951171875,97280,209,0,0
4,rank4,6,pack_tx_publish,19,3.339,0.236,24.524,45.766998291015625,0,19,19,1216
4,rank4,6,receive_total,1,53.658,53.658,46.314,99.97201538085938,0,0,0,0
4,rank4,6,rx_flag_poll_wait,3,40.139,38.889,46.728,95.54000854492188,37,89,71,979
4,rank4,6,rx_unpack_wait,18,3.295,0.333,85.917,98.7030029296875,95040,0,0,0
4,rank4,6,rx_unpack_dequant_clear,21,1.761,0.17,86.322,99.08200073242188,92160,198,0,0
4,rank4,6,rx_output,3,1.018,0.341,89.521,99.50601196289062,30720,2,2,0
4,rank4,6,start_gate,1,20.849,20.849,1.697,22.5460205078125,0,0,0,0
4,rank4,6,pack_tx_data_submit,19,0.391,0.021,23.574,44.766998291015625,107008,0,0,0
4,rank4,6,pack_first_tx_ready,1,2.107,2.107,22.756,24.863006591796875,109,0,0,0
4,rank4,6,pack_mte3_exposed_wait,19,0.036,0.003,24.436,45.28399658203125,107008,0,0,0
4,rank4,7,kernel_total,1,80.285,80.285,22.32,102.60501098632812,0,0,0,0
4,rank4,7,pack_total,1,22.463,22.463,22.415,44.878021240234375,0,0,0,0
4,rank4,7,pack_input_wait,18,0.406,0.023,22.721,43.019012451171875,184320,0,0,0
4,rank4,7,pack_quantize,18,5.628,0.348,22.816,43.42999267578125,92160,198,0,0
4,rank4,7,pack_tx_publish,18,3.521,0.24,24.208,44.55902099609375,0,18,18,1152
4,rank4,7,receive_total,1,57.323,57.323,45.101,102.42401123046875,0,0,0,0
4,rank4,7,rx_flag_poll_wait,3,43.874,42.642,45.517,98.010009765625,35,101,83,1111
4,rank4,7,rx_unpack_wait,18,3.319,0.337,88.448,101.26199340820312,95040,0,0,0
4,rank4,7,rx_unpack_dequant_clear,21,1.776,0.171,88.858,101.64300537109375,92160,198,0,0
4,rank4,7,rx_output,3,1.01,0.341,92.008,102.0679931640625,30720,2,1,0
4,rank4,7,start_gate,1,20.812,20.812,1.407,22.218994140625,0,0,0,0
4,rank4,7,pack_tx_data_submit,18,0.372,0.021,23.249,43.579010009765625,101376,0,0,0
4,rank4,7,pack_first_tx_ready,1,2.137,2.137,22.427,24.563995361328125,128,0,0,0
4,rank4,7,pack_mte3_exposed_wait,18,0.034,0.004,24.126,44.087005615234375,101376,0,0,0
4,rank4,8,kernel_total,1,72.394,72.394,22.608,95.00201416015625,0,0,0,0
4,rank4,8,pack_total,1,22.598,22.598,22.703,45.300994873046875,0,0,0,0
4,rank4,8,pack_input_wait,18,0.406,0.023,23.008,43.420013427734375,184320,0,0,0
4,rank4,8,pack_quantize,18,5.666,0.35,23.103,43.829010009765625,92160,198,0,0
4,rank4,8,pack_tx_publish,18,3.573,0.253,24.512,44.93701171875,0,18,18,1152
4,rank4,8,receive_total,1,49.263,49.263,45.538,94.80099487304688,0,0,0,0
4,rank4,8,rx_flag_poll_wait,3,35.338,32.586,45.976,90.13699340820312,24,81,63,891
4,rank4,8,rx_unpack_wait,18,3.724,0.418,78.834,93.656005859375,95040,0,0,0
4,rank4,8,rx_unpack_dequant_clear,21,1.777,0.185,79.357,94.03701782226562,92160,198,0,0
4,rank4,8,rx_output,3,1.04,0.349,82.426,94.46401977539062,30720,3,2,0
4,rank4,8,start_gate,1,21.228,21.228,1.279,22.50701904296875,0,0,0,0
4,rank4,8,pack_tx_data_submit,18,0.372,0.021,23.526,43.97900390625,101376,0,0,0
4,rank4,8,pack_first_tx_ready,1,2.169,2.169,22.716,24.885009765625,146,0,0,0
4,rank4,8,pack_mte3_exposed_wait,18,0.035,0.003,24.427,44.459014892578125,101376,0,0,0
4,rank4,9,kernel_total,1,67.575,67.575,22.634,90.20901489257812,0,0,0,0
4,rank4,9,pack_total,1,22.244,22.244,22.729,44.972991943359375,0,0,0,0
4,rank4,9,pack_input_wait,18,0.404,0.023,23.035,43.00701904296875,184320,0,0,0
4,rank4,9,pack_quantize,18,5.683,0.368,23.133,43.406005859375,92160,198,0,0
4,rank4,9,pack_tx_publish,18,3.141,0.221,24.541,44.60601806640625,0,18,18,1152
4,rank4,9,receive_total,1,44.808,44.808,45.204,90.01199340820312,0,0,0,0
4,rank4,9,rx_flag_poll_wait,3,30.893,27.11,45.628,85.38299560546875,23,68,50,748
4,rank4,9,rx_unpack_wait,18,3.697,0.368,73.008,88.76101684570312,95040,0,0,0
4,rank4,9,rx_unpack_dequant_clear,21,1.778,0.189,73.399,89.14199829101562,92160,198,0,0
4,rank4,9,rx_output,3,1.056,0.355,76.568,89.57901000976562,30720,0,0,0
4,rank4,9,start_gate,1,21.226,21.226,1.307,22.53302001953125,0,0,0,0
4,rank4,9,pack_tx_data_submit,18,0.365,0.021,23.593,43.55499267578125,101376,0,0,0
4,rank4,9,pack_first_tx_ready,1,2.143,2.143,22.742,24.885009765625,164,0,0,0
4,rank4,9,pack_mte3_exposed_wait,18,0.035,0.003,24.459,44.05401611328125,101376,0,0,0
4,rank4,10,kernel_total,1,74.551,74.551,22.345,96.89599609375,0,0,0,0
4,rank4,10,pack_total,1,23.401,23.401,22.44,45.84100341796875,0,0,0,0
4,rank4,10,pack_input_wait,19,0.429,0.023,22.746,44.037994384765625,194560,0,0,0
4,rank4,10,pack_quantize,19,6.206,0.375,22.842,44.447021484375,97280,209,0,0
4,rank4,10,pack_tx_publish,19,3.257,0.218,24.289,45.5360107421875,0,19,19,1216
4,rank4,10,receive_total,1,50.647,50.647,46.062,96.70901489257812,0,0,0,0
4,rank4,10,rx_flag_poll_wait,3,37.215,23.37,46.465,92.30401611328125,36,82,64,902
4,rank4,10,rx_unpack_wait,18,3.351,0.412,70.111,95.54901123046875,95040,0,0,0
4,rank4,10,rx_unpack_dequant_clear,21,1.783,0.187,70.595,95.92999267578125,92160,198,0,0
4,rank4,10,rx_output,3,1.042,0.354,73.644,96.35699462890625,30720,3,2,0
4,rank4,10,start_gate,1,21.644,21.644,0.6,22.2440185546875,0,0,0,0
4,rank4,10,pack_tx_data_submit,19,0.392,0.021,23.309,44.593017578125,107008,0,0,0
4,rank4,10,pack_first_tx_ready,1,2.173,2.173,22.452,24.625,182,0,0,0
4,rank4,10,pack_mte3_exposed_wait,19,0.034,0.003,24.201,45.19000244140625,107008,0,0,0
4,rank4,11,kernel_total,1,70.193,70.193,22.349,92.5419921875,0,0,0,0
4,rank4,11,pack_total,1,22.273,22.273,22.443,44.71600341796875,0,0,0,0
4,rank4,11,pack_input_wait,18,0.405,0.023,22.75,42.860015869140625,184320,0,0,0
4,rank4,11,pack_quantize,18,5.772,0.384,22.849,43.27301025390625,92160,198,0,0
4,rank4,11,pack_tx_publish,18,3.201,0.245,24.324,44.40899658203125,0,18,18,1152
4,rank4,11,receive_total,1,47.41,47.41,44.936,92.34600830078125,0,0,0,0
4,rank4,11,rx_flag_poll_wait,3,33.657,31.29,45.356,87.74899291992188,19,77,59,847
4,rank4,11,rx_unpack_wait,18,3.57,0.398,76.91,91.093994140625,95040,0,0,0
4,rank4,11,rx_unpack_dequant_clear,21,1.784,0.184,77.38,91.4739990234375,92160,198,0,0
4,rank4,11,rx_output,3,1.031,0.357,80.449,91.89501953125,30720,2,2,0
4,rank4,11,start_gate,1,19.985,19.985,2.262,22.24700927734375,0,0,0,0
4,rank4,11,pack_tx_data_submit,18,0.367,0.021,23.325,43.423004150390625,101376,0,0,0
4,rank4,11,pack_first_tx_ready,1,2.194,2.194,22.456,24.649993896484375,201,0,0,0
4,rank4,11,pack_mte3_exposed_wait,18,0.035,0.004,24.236,44.0460205078125,101376,0,0,0
4,rank4,12,kernel_total,1,70.341,70.341,22.348,92.68899536132812,0,0,0,0
4,rank4,12,pack_total,1,22.015,22.015,22.443,44.4580078125,0,0,0,0
4,rank4,12,pack_input_wait,18,0.399,0.023,22.749,42.64599609375,184320,0,0,0
4,rank4,12,pack_quantize,18,5.582,0.344,22.844,43.041015625,92160,198,0,0
4,rank4,12,pack_tx_publish,18,3.164,0.228,24.242,44.1300048828125,0,18,18,1152
4,rank4,12,receive_total,1,47.841,47.841,44.663,92.50399780273438,0,0,0,0
4,rank4,12,rx_flag_poll_wait,3,34.105,31.918,45.063,88.08599853515625,28,76,58,836
4,rank4,12,rx_unpack_wait,18,3.582,0.394,77.268,91.30099487304688,95040,0,0,0
4,rank4,12,rx_unpack_dequant_clear,21,1.778,0.17,77.666,91.6820068359375,92160,198,0,0
4,rank4,12,rx_output,3,1.01,0.341,81.03,92.0989990234375,30720,1,1,0
4,rank4,12,start_gate,1,19.882,19.882,2.365,22.24700927734375,0,0,0,0
4,rank4,12,pack_tx_data_submit,18,0.371,0.021,23.28,43.191009521484375,101376,0,0,0
4,rank4,12,pack_first_tx_ready,1,2.135,2.135,22.456,24.59100341796875,219,0,0,0
4,rank4,12,pack_mte3_exposed_wait,18,0.034,0.003,24.155,43.792999267578125,101376,0,0,0
4,rank4,13,kernel_total,1,67.192,67.192,22.934,90.12600708007812,0,0,0,0
4,rank4,13,pack_total,1,23.127,23.127,23.029,46.156005859375,0,0,0,0
4,rank4,13,pack_input_wait,19,0.426,0.023,23.335,44.26800537109375,194560,0,0,0
4,rank4,13,pack_quantize,19,5.833,0.341,23.43,44.678009033203125,97280,209,0,0
4,rank4,13,pack_tx_publish,19,3.16,0.216,24.925,45.7860107421875,0,19,19,1216
4,rank4,13,receive_total,1,43.587,43.587,46.358,89.94500732421875,0,0,0,0
4,rank4,13,rx_flag_poll_wait,3,29.836,27.338,46.763,85.2860107421875,30,64,46,704
4,rank4,13,rx_unpack_wait,18,3.488,0.372,74.414,88.67901611328125,95040,0,0,0
4,rank4,13,rx_unpack_dequant_clear,21,1.766,0.17,74.808,89.05999755859375,92160,198,0,0
4,rank4,13,rx_output,3,1.024,0.344,77.982,89.48699951171875,30720,1,1,0
4,rank4,13,start_gate,1,20.762,20.762,2.071,22.8330078125,0,0,0,0
4,rank4,13,pack_tx_data_submit,19,0.392,0.021,23.948,44.824005126953125,107008,0,0,0
4,rank4,13,pack_first_tx_ready,1,2.214,2.214,23.042,25.256011962890625,237,0,0,0
4,rank4,13,pack_mte3_exposed_wait,19,0.038,0.003,24.838,45.32000732421875,107008,0,0,0
4,rank4,14,kernel_total,1,63.719,63.719,22.746,86.46499633789062,0,0,0,0
4,rank4,14,pack_total,1,22.411,22.411,22.841,45.25201416015625,0,0,0,0
4,rank4,14,pack_input_wait,18,0.402,0.023,23.147,43.381011962890625,184320,0,0,0
4,rank4,14,pack_quantize,18,5.525,0.346,23.242,43.781005859375,92160,198,0,0
4,rank4,14,pack_tx_publish,18,3.51,0.234,24.648,44.91900634765625,0,18,18,1152
4,rank4,14,receive_total,1,40.808,40.808,45.489,86.2969970703125,0,0,0,0
4,rank4,14,rx_flag_poll_wait,3,26.883,22.909,45.929,81.57699584960938,16,60,42,660
4,rank4,14,rx_unpack_wait,18,3.638,0.424,69.13,84.99899291992188,95040,0,0,0
4,rank4,14,rx_unpack_dequant_clear,21,1.755,0.151,69.626,85.38101196289062,92160,198,0,0
4,rank4,14,rx_output,3,1.037,0.35,72.669,85.81399536132812,30720,2,2,0
4,rank4,14,start_gate,1,21.267,21.267,1.377,22.644012451171875,0,0,0,0
4,rank4,14,pack_tx_data_submit,18,0.369,0.021,23.681,43.930999755859375,101376,0,0,0
4,rank4,14,pack_first_tx_ready,1,2.152,2.152,22.853,25.0050048828125,256,0,0,0
4,rank4,14,pack_mte3_exposed_wait,18,0.034,0.003,24.565,44.425994873046875,101376,0,0,0
4,rank4,15,kernel_total,1,71.281,71.281,22.516,93.7969970703125,0,0,0,0
4,rank4,15,pack_total,1,22.489,22.489,22.611,45.100006103515625,0,0,0,0
4,rank4,15,pack_input_wait,18,0.405,0.023,22.918,43.100006103515625,184320,0,0,0
4,rank4,15,pack_quantize,18,5.506,0.33,23.013,43.503997802734375,92160,198,0,0
4,rank4,15,pack_tx_publish,18,3.631,0.264,24.417,44.753997802734375,0,18,18,1152
4,rank4,15,receive_total,1,48.258,48.258,45.374,93.63201904296875,0,0,0,0
4,rank4,15,rx_flag_poll_wait,3,34.534,32.192,45.817,89.19900512695312,29,80,62,880
4,rank4,15,rx_unpack_wait,18,3.54,0.432,78.308,92.42800903320312,95040,0,0,0
4,rank4,15,rx_unpack_dequant_clear,21,1.754,0.16,78.709,92.80999755859375,92160,198,0,0
4,rank4,15,rx_output,3,1.008,0.34,82.019,93.22702026367188,30720,2,1,0
4,rank4,15,start_gate,1,20.175,20.175,2.24,22.415008544921875,0,0,0,0
4,rank4,15,pack_tx_data_submit,18,0.37,0.021,23.435,43.65301513671875,101376,0,0,0
4,rank4,15,pack_first_tx_ready,1,2.141,2.141,22.624,24.7650146484375,274,0,0,0
4,rank4,15,pack_mte3_exposed_wait,18,0.035,0.003,24.33,44.28399658203125,101376,0,0,0
4,rank4,16,kernel_total,1,67.626,67.626,22.885,90.51101684570312,0,0,0,0
4,rank4,16,pack_total,1,22.058,22.058,22.98,45.037994384765625,0,0,0,0
4,rank4,16,pack_input_wait,18,0.405,0.023,23.287,43.196014404296875,184320,0,0,0
4,rank4,16,pack_quantize,18,5.535,0.339,23.381,43.593017578125,92160,198,0,0
4,rank4,16,pack_tx_publish,18,3.275,0.234,24.768,44.696014404296875,0,18,18,1152
4,rank4,16,receive_total,1,45.05,45.05,45.276,90.32601928710938,0,0,0,0
4,rank4,16,rx_flag_poll_wait,3,31.054,23.472,45.705,85.6090087890625,26,67,49,737
4,rank4,16,rx_unpack_wait,18,3.724,0.384,69.462,89.0880126953125,95040,0,0,0
4,rank4,16,rx_unpack_dequant_clear,21,1.779,0.171,69.903,89.468017578125,92160,198,0,0
4,rank4,16,rx_output,3,1.005,0.338,73.066,89.88400268554688,30720,0,0,0
4,rank4,16,start_gate,1,21.888,21.888,0.896,22.78399658203125,0,0,0,0
4,rank4,16,pack_tx_data_submit,18,0.369,0.021,23.813,43.74200439453125,101376,0,0,0
4,rank4,16,pack_first_tx_ready,1,2.137,2.137,22.993,25.1300048828125,292,0,0,0
4,rank4,16,pack_mte3_exposed_wait,18,0.033,0.004,24.686,44.251007080078125,101376,0,0,0
4,rank4,17,kernel_total,1,70.215,70.215,22.401,92.61599731445312,0,0,0,0
4,rank4,17,pack_total,1,22.939,22.939,22.496,45.43499755859375,0,0,0,0
4,rank4,17,pack_input_wait,19,0.422,0.023,22.801,43.649993896484375,194560,0,0,0
4,rank4,17,pack_quantize,19,5.81,0.331,22.896,44.061004638671875,97280,209,0,0
4,rank4,17,pack_tx_publish,19,3.124,0.23,24.283,45.11199951171875,0,19,19,1216
4,rank4,17,receive_total,1,46.781,46.781,45.645,92.42599487304688,0,0,0,0
4,rank4,17,rx_flag_poll_wait,3,33.421,25.065,46.075,87.96200561523438,30,74,56,814
4,rank4,17,rx_unpack_wait,18,3.205,0.339,71.429,91.27801513671875,95040,0,0,0
4,rank4,17,rx_unpack_dequant_clear,21,1.766,0.162,71.824,91.65899658203125,92160,198,0,0
4,rank4,17,rx_output,3,1.019,0.343,74.837,92.08200073242188,30720,2,2,0
4,rank4,17,start_gate,1,21.432,21.432,0.868,22.300018310546875,0,0,0,0
4,rank4,17,pack_tx_data_submit,19,0.392,0.021,23.319,44.207000732421875,107008,0,0,0
4,rank4,17,pack_first_tx_ready,1,2.123,2.123,22.509,24.63201904296875,310,0,0,0
4,rank4,17,pack_mte3_exposed_wait,19,0.039,0.004,24.195,44.79400634765625,107008,0,0,0
4,rank4,18,kernel_total,1,71.613,71.613,23.438,95.05099487304688,0,0,0,0
4,rank4,18,pack_total,1,21.789,21.789,23.533,45.322021484375,0,0,0,0
4,rank4,18,pack_input_wait,18,0.402,0.023,23.839,43.503997802734375,184320,0,0,0
4,rank4,18,pack_quantize,18,5.472,0.333,23.934,43.90301513671875,92160,198,0,0
4,rank4,18,pack_tx_publish,18,2.966,0.218,25.335,44.97601318359375,0,18,18,1152
4,rank4,18,receive_total,1,49.304,49.304,45.57,94.87399291992188,0,0,0,0
4,rank4,18,rx_flag_poll_wait,3,35.714,33.04,46.003,90.38699340820312,27,82,64,902
4,rank4,18,rx_unpack_wait,18,3.409,0.386,79.34,93.67599487304688,95040,0,0,0
4,rank4,18,rx_unpack_dequant_clear,21,1.756,0.164,79.798,94.0570068359375,92160,198,0,0
4,rank4,18,rx_output,3,1.036,0.35,82.836,94.48199462890625,30720,0,0,0
4,rank4,18,start_gate,1,20.99,20.99,2.347,23.337005615234375,0,0,0,0
4,rank4,18,pack_tx_data_submit,18,0.371,0.021,24.359,44.053009033203125,101376,0,0,0
4,rank4,18,pack_first_tx_ready,1,2.12,2.12,23.545,25.665008544921875,329,0,0,0
4,rank4,18,pack_mte3_exposed_wait,18,0.03,0.003,25.247,44.652008056640625,101376,0,0,0
4,rank4,19,kernel_total,1,70.892,70.892,22.697,93.58901977539062,0,0,0,0
4,rank4,19,pack_total,1,22.118,22.118,22.792,44.910003662109375,0,0,0,0
4,rank4,19,pack_input_wait,18,0.404,0.023,23.097,43.0419921875,184320,0,0,0
4,rank4,19,pack_quantize,18,5.5,0.329,23.192,43.444000244140625,92160,198,0,0
4,rank4,19,pack_tx_publish,18,3.329,0.239,24.585,44.563018798828125,0,18,18,1152
4,rank4,19,receive_total,1,48.29,48.29,45.125,93.41500854492188,0,0,0,0
4,rank4,19,rx_flag_poll_wait,3,34.352,29.06,45.554,88.77902221679688,31,78,60,858
4,rank4,19,rx_unpack_wait,18,3.662,0.363,74.913,92.14401245117188,95040,0,0,0
4,rank4,19,rx_unpack_dequant_clear,21,1.775,0.173,75.331,92.52401733398438,92160,198,0,0
4,rank4,19,rx_output,3,1.012,0.343,78.508,92.9420166015625,30720,2,1,0
4,rank4,19,start_gate,1,20.284,20.284,2.312,22.59600830078125,0,0,0,0
4,rank4,19,pack_tx_data_submit,18,0.371,0.021,23.613,43.593017578125,101376,0,0,0
4,rank4,19,pack_first_tx_ready,1,2.122,2.122,22.805,24.927001953125,347,0,0,0
4,rank4,19,pack_mte3_exposed_wait,18,0.033,0.003,24.494,44.214019775390625,101376,0,0,0
4,rank4,20,kernel_total,1,82.376,82.376,22.81,105.18600463867188,0,0,0,0
4,rank4,20,pack_total,1,23.626,23.626,22.904,46.529998779296875,0,0,0,0
4,rank4,20,pack_input_wait,19,0.425,0.023,23.21,44.628021240234375,194560,0,0,0
4,rank4,20,pack_quantize,19,5.963,0.362,23.304,45.040008544921875,97280,209,0,0
4,rank4,20,pack_tx_publish,19,3.665,0.235,24.69,46.214996337890625,0,19,19,1216
4,rank4,20,receive_total,1,58.252,58.252,46.744,104.99600219726562,0,0,0,0
4,rank4,20,rx_flag_poll_wait,4,40.063,35.748,47.123,100.5570068359375,36,90,66,990
4,rank4,20,rx_unpack_wait,24,4.711,0.508,83.156,103.822998046875,126720,0,0,0
4,rank4,20,rx_unpack_dequant_clear,28,2.348,0.178,83.818,104.20401000976562,122880,264,0,0
4,rank4,20,rx_output,4,1.353,0.342,87.028,104.62301635742188,40960,2,1,0
4,rank4,20,start_gate,1,20.98,20.98,1.729,22.709014892578125,0,0,0,0
4,rank4,20,pack_tx_data_submit,19,0.388,0.021,23.721,45.186004638671875,107008,0,0,0
4,rank4,20,pack_first_tx_ready,1,2.126,2.126,22.917,25.042999267578125,365,0,0,0
4,rank4,20,pack_mte3_exposed_wait,19,0.038,0.003,24.598,45.779998779296875,107008,0,0,0
4,rank4,21,kernel_total,1,64.489,64.489,22.836,87.32501220703125,0,0,0,0
4,rank4,21,pack_total,1,22.254,22.254,22.93,45.18402099609375,0,0,0,0
4,rank4,21,pack_input_wait,18,0.401,0.023,23.236,43.27001953125,184320,0,0,0
4,rank4,21,pack_quantize,18,5.82,0.37,23.33,43.6820068359375,92160,198,0,0
4,rank4,21,pack_tx_publish,18,3.088,0.245,24.775,44.8170166015625,0,18,18,1152
4,rank4,21,receive_total,1,41.71,41.71,45.42,87.1300048828125,0,0,0,0
4,rank4,21,rx_flag_poll_wait,3,27.833,21.317,45.867,82.43899536132812,22,62,44,682
4,rank4,21,rx_unpack_wait,18,3.592,0.402,67.473,85.88400268554688,95040,0,0,0
4,rank4,21,rx_unpack_dequant_clear,21,1.771,0.179,67.874,86.2650146484375,92160,198,0,0
4,rank4,21,rx_output,3,1.032,0.346,70.939,86.6920166015625,30720,1,1,0
4,rank4,21,start_gate,1,20.46,20.46,2.275,22.735015869140625,0,0,0,0
4,rank4,21,pack_tx_data_submit,18,0.37,0.021,23.792,43.83099365234375,101376,0,0,0
4,rank4,21,pack_first_tx_ready,1,2.159,2.159,22.943,25.102020263671875,384,0,0,0
4,rank4,21,pack_mte3_exposed_wait,18,0.034,0.003,24.683,44.34100341796875,101376,0,0,0
4,rank4,22,kernel_total,1,73.307,73.307,22.546,95.85299682617188,0,0,0,0
4,rank4,22,pack_total,1,21.978,21.978,22.64,44.618011474609375,0,0,0,0
4,rank4,22,pack_input_wait,18,0.406,0.023,22.947,42.915008544921875,184320,0,0,0
4,rank4,22,pack_quantize,18,5.518,0.326,23.046,43.322021484375,92160,198,0,0
4,rank4,22,pack_tx_publish,18,3.18,0.238,24.437,44.30999755859375,0,18,18,1152
4,rank4,22,receive_total,1,50.838,50.838,44.837,95.67501831054688,0,0,0,0
4,rank4,22,rx_flag_poll_wait,3,37.252,34.981,45.24,91.26901245117188,38,82,64,902
4,rank4,22,rx_unpack_wait,18,3.316,0.347,80.512,94.40499877929688,95040,0,0,0
4,rank4,22,rx_unpack_dequant_clear,21,1.775,0.169,80.92,94.78701782226562,92160,198,0,0
4,rank4,22,rx_output,3,1.024,0.343,84.11,95.21002197265625,30720,1,1,0
4,rank4,22,start_gate,1,21.594,21.594,0.851,22.44500732421875,0,0,0,0
4,rank4,22,pack_tx_data_submit,18,0.372,0.021,23.464,43.47100830078125,101376,0,0,0
4,rank4,22,pack_first_tx_ready,1,2.142,2.142,22.653,24.795013427734375,402,0,0,0
4,rank4,22,pack_mte3_exposed_wait,18,0.035,0.003,24.349,43.972991943359375,101376,0,0,0
4,rank4,23,kernel_total,1,74.752,74.752,22.419,97.1710205078125,0,0,0,0
4,rank4,23,pack_total,1,21.908,21.908,22.514,44.4219970703125,0,0,0,0
4,rank4,23,pack_input_wait,18,0.401,0.023,22.82,42.709014892578125,184320,0,0,0
4,rank4,23,pack_quantize,18,5.519,0.33,22.915,43.1190185546875,92160,198,0,0
4,rank4,23,pack_tx_publish,18,3.113,0.239,24.314,44.102020263671875,0,18,18,1152
4,rank4,23,receive_total,1,52.363,52.363,44.629,96.99200439453125,0,0,0,0
4,rank4,23,rx_flag_poll_wait,3,38.863,29.069,45.022,92.62701416015625,36,89,71,979
4,rank4,23,rx_unpack_wait,18,3.338,0.373,74.384,95.81900024414062,95040,0,0,0
4,rank4,23,rx_unpack_dequant_clear,21,1.786,0.187,74.829,96.20001220703125,92160,198,0,0
4,rank4,23,rx_output,3,1.023,0.352,77.984,96.6190185546875,30720,3,2,0
4,rank4,23,start_gate,1,21.501,21.501,0.817,22.3179931640625,0,0,0,0
4,rank4,23,pack_tx_data_submit,18,0.371,0.021,23.337,43.26800537109375,101376,0,0,0
4,rank4,23,pack_first_tx_ready,1,2.144,2.144,22.526,24.670013427734375,420,0,0,0
4,rank4,23,pack_mte3_exposed_wait,18,0.032,0.003,24.226,43.766998291015625,101376,0,0,0
4,rank4,24,kernel_total,1,70.697,70.697,22.474,93.1710205078125,0,0,0,0
4,rank4,24,pack_total,1,23.298,23.298,22.569,45.86700439453125,0,0,0,0
4,rank4,24,pack_input_wait,19,0.427,0.023,22.874,43.9630126953125,194560,0,0,0
4,rank4,24,pack_quantize,19,5.854,0.323,22.972,44.381011962890625,97280,209,0,0
4,rank4,24,pack_tx_publish,19,3.442,0.232,24.345,45.53399658203125,0,19,19,1216
4,rank4,24,receive_total,1,46.92,46.92,46.082,93.00201416015625,0,0,0,0
4,rank4,24,rx_flag_poll_wait,3,32.931,31.644,46.492,88.35101318359375,25,76,58,836
4,rank4,24,rx_unpack_wait,18,3.662,0.373,78.443,91.718994140625,95040,0,0,0
4,rank4,24,rx_unpack_dequant_clear,21,1.775,0.176,78.834,92.0989990234375,92160,198,0,0
4,rank4,24,rx_output,3,1.028,0.347,82.036,92.52200317382812,30720,2,2,0
4,rank4,24,start_gate,1,21.833,21.833,0.54,22.373016357421875,0,0,0,0
4,rank4,24,pack_tx_data_submit,19,0.391,0.021,23.388,44.52801513671875,107008,0,0,0
4,rank4,24,pack_first_tx_ready,1,2.113,2.113,22.581,24.694000244140625,438,0,0,0
4,rank4,24,pack_mte3_exposed_wait,19,0.033,0.003,24.262,45.154998779296875,107008,0,0,0
4,rank4,25,kernel_total,1,76.525,76.525,22.909,99.43402099609375,0,0,0,0
4,rank4,25,pack_total,1,22.063,22.063,23.003,45.066009521484375,0,0,0,0
4,rank4,25,pack_input_wait,18,0.405,0.023,23.311,43.166015625,184320,0,0,0
4,rank4,25,pack_quantize,18,5.51,0.34,23.405,43.5780029296875,92160,198,0,0
4,rank4,25,pack_tx_publish,18,3.205,0.234,24.803,44.746002197265625,0,18,18,1152
4,rank4,25,receive_total,1,53.962,53.962,45.303,99.2650146484375,0,0,0,0
4,rank4,25,rx_flag_poll_wait,3,40.51,39.261,45.735,94.90701293945312,24,95,77,1045
4,rank4,25,rx_unpack_wait,18,3.29,0.407,85.287,98.0780029296875,95040,0,0,0
4,rank4,25,rx_unpack_dequant_clear,21,1.766,0.167,85.766,98.45901489257812,92160,198,0,0
4,rank4,25,rx_output,3,1.039,0.35,88.86,98.89199829101562,30720,0,0,0
4,rank4,25,start_gate,1,20.637,20.637,2.17,22.8070068359375,0,0,0,0
4,rank4,25,pack_tx_data_submit,18,0.371,0.021,23.838,43.727996826171875,101376,0,0,0
4,rank4,25,pack_first_tx_ready,1,2.14,2.14,23.016,25.156005859375,457,0,0,0
4,rank4,25,pack_mte3_exposed_wait,18,0.033,0.003,24.715,44.345001220703125,101376,0,0,0
4,rank4,26,kernel_total,1,71.361,71.361,22.723,94.08401489257812,0,0,0,0
4,rank4,26,pack_total,1,22.317,22.317,22.817,45.134002685546875,0,0,0,0
4,rank4,26,pack_input_wait,18,0.401,0.023,23.18,43.207000732421875,184320,0,0,0
4,rank4,26,pack_quantize,18,5.581,0.339,23.275,43.60601806640625,92160,198,0,0
4,rank4,26,pack_tx_publish,18,3.294,0.242,24.688,44.787994384765625,0,18,18,1152
4,rank4,26,receive_total,1,48.578,48.578,45.341,93.91900634765625,0,0,0,0
4,rank4,26,rx_flag_poll_wait,3,34.413,32.579,45.782,89.30599975585938,26,79,61,869
4,rank4,26,rx_unpack_wait,18,3.74,0.383,78.657,92.61700439453125,95040,0,0,0
4,rank4,26,rx_unpack_dequant_clear,21,1.759,0.169,79.133,93.0,92160,198,0,0
4,rank4,26,rx_output,3,1.057,0.355,82.33,93.4320068359375,30720,2,1,0
4,rank4,26,start_gate,1,21.896,21.896,0.725,22.621002197265625,0,0,0,0
4,rank4,26,pack_tx_data_submit,18,0.373,0.021,23.706,43.7550048828125,101376,0,0,0
4,rank4,26,pack_first_tx_ready,1,2.237,2.237,22.83,25.0670166015625,475,0,0,0
4,rank4,26,pack_mte3_exposed_wait,18,0.032,0.003,24.6,44.381011962890625,101376,0,0,0
4,rank4,27,kernel_total,1,76.35,76.35,23.442,99.7919921875,0,0,0,0
4,rank4,27,pack_total,1,22.893,22.893,23.537,46.42999267578125,0,0,0,0
4,rank4,27,pack_input_wait,19,0.424,0.023,23.843,44.6669921875,194560,0,0,0
4,rank4,27,pack_quantize,19,5.856,0.328,23.942,45.08502197265625,97280,209,0,0
4,rank4,27,pack_tx_publish,19,3.025,0.238,25.321,46.12200927734375,0,19,19,1216
4,rank4,27,receive_total,1,53.009,53.009,46.618,99.62701416015625,0,0,0,0
4,rank4,27,rx_flag_poll_wait,3,39.539,38.304,46.994,95.1199951171875,36,91,73,1001
4,rank4,27,rx_unpack_wait,18,3.326,0.421,85.588,98.43600463867188,95040,0,0,0
4,rank4,27,rx_unpack_dequant_clear,21,1.762,0.165,85.986,98.81600952148438,92160,198,0,0
4,rank4,27,rx_output,3,1.041,0.358,89.056,99.24600219726562,30720,0,0,0
4,rank4,27,start_gate,1,21.733,21.733,1.608,23.34100341796875,0,0,0,0
4,rank4,27,pack_tx_data_submit,19,0.394,0.021,24.362,45.23101806640625,107008,0,0,0
4,rank4,27,pack_first_tx_ready,1,2.099,2.099,23.549,25.64801025390625,493,0,0,0
4,rank4,27,pack_mte3_exposed_wait,19,0.035,0.003,25.233,45.751007080078125,107008,0,0,0
4,rank4,28,kernel_total,1,74.439,74.439,22.506,96.94500732421875,0,0,0,0
4,rank4,28,pack_total,1,21.91,21.91,22.6,44.510009765625,0,0,0,0
4,rank4,28,pack_input_wait,18,0.403,0.023,22.906,42.78900146484375,184320,0,0,0
4,rank4,28,pack_quantize,18,5.541,0.331,23.0,43.1920166015625,92160,198,0,0
4,rank4,28,pack_tx_publish,18,3.072,0.245,24.404,44.20001220703125,0,18,18,1152
4,rank4,28,receive_total,1,52.053,52.053,44.711,96.76400756835938,0,0,0,0
4,rank4,28,rx_flag_poll_wait,3,38.595,36.839,45.094,92.46002197265625,27,90,72,990
4,rank4,28,rx_unpack_wait,18,3.277,0.441,82.228,95.55401611328125,95040,0,0,0
4,rank4,28,rx_unpack_dequant_clear,21,1.772,0.175,82.741,95.93499755859375,92160,198,0,0
4,rank4,28,rx_output,3,1.018,0.345,85.91,96.36300659179688,30720,0,0,0
4,rank4,28,start_gate,1,20.517,20.517,1.887,22.404022216796875,0,0,0,0
4,rank4,28,pack_tx_data_submit,18,0.371,0.021,23.423,43.34100341796875,101376,0,0,0
4,rank4,28,pack_first_tx_ready,1,2.131,2.131,22.613,24.7440185546875,512,0,0,0
4,rank4,28,pack_mte3_exposed_wait,18,0.033,0.003,24.309,43.850006103515625,101376,0,0,0
4,rank4,29,kernel_total,1,70.654,70.654,22.863,93.51699829101562,0,0,0,0
4,rank4,29,pack_total,1,22.045,22.045,22.958,45.003021240234375,0,0,0,0
4,rank4,29,pack_input_wait,18,0.408,0.023,23.264,43.21099853515625,184320,0,0,0
4,rank4,29,pack_quantize,18,5.533,0.327,23.358,43.621002197265625,92160,198,0,0
4,rank4,29,pack_tx_publish,18,3.153,0.245,24.743,44.647003173828125,0,18,18,1152
4,rank4,29,receive_total,1,48.102,48.102,45.234,93.33599853515625,0,0,0,0
4,rank4,29,rx_flag_poll_wait,3,34.233,31.333,45.672,88.66400146484375,31,78,60,858
4,rank4,29,rx_unpack_wait,18,3.554,0.408,77.308,92.04901123046875,95040,0,0,0
4,rank4,29,rx_unpack_dequant_clear,21,1.779,0.176,77.728,92.42901611328125,92160,198,0,0
4,rank4,29,rx_output,3,1.016,0.35,80.928,92.85000610351562,30720,2,1,0
4,rank4,29,start_gate,1,20.695,20.695,2.067,22.761993408203125,0,0,0,0
4,rank4,29,pack_tx_data_submit,18,0.373,0.021,23.777,43.77001953125,101376,0,0,0
4,rank4,29,pack_first_tx_ready,1,2.141,2.141,22.971,25.11199951171875,530,0,0,0
4,rank4,29,pack_mte3_exposed_wait,18,0.033,0.003,24.66,44.269012451171875,101376,0,0,0
4,rank4,30,kernel_total,1,70.517,70.517,23.476,93.99301147460938,0,0,0,0
4,rank4,30,pack_total,1,21.82,21.82,23.571,45.391021728515625,0,0,0,0
4,rank4,30,pack_input_wait,18,0.402,0.023,23.878,43.680999755859375,184320,0,0,0
4,rank4,30,pack_quantize,18,5.594,0.339,23.972,44.0989990234375,92160,198,0,0
4,rank4,30,pack_tx_publish,18,2.947,0.231,25.372,45.071014404296875,0,18,18,1152
4,rank4,30,receive_total,1,48.216,48.216,45.606,93.822021484375,0,0,0,0
4,rank4,30,rx_flag_poll_wait,3,34.141,32.39,46.034,89.13101196289062,27,78,60,858
4,rank4,30,rx_unpack_wait,18,3.653,0.367,78.704,92.52099609375,95040,0,0,0
4,rank4,30,rx_unpack_dequant_clear,21,1.823,0.201,79.144,92.9010009765625,92160,198,0,0
4,rank4,30,rx_output,3,1.046,0.352,82.436,93.3330078125,30720,0,0,0
4,rank4,30,start_gate,1,21.352,21.352,2.023,23.375,0,0,0,0
4,rank4,30,pack_tx_data_submit,18,0.371,0.021,24.403,44.248992919921875,101376,0,0,0
4,rank4,30,pack_first_tx_ready,1,2.131,2.131,23.584,25.714996337890625,548,0,0,0
4,rank4,30,pack_mte3_exposed_wait,18,0.036,0.004,25.284,44.739013671875,101376,0,0,0
4,rank4,31,kernel_total,1,70.622,70.622,23.504,94.12600708007812,0,0,0,0
4,rank4,31,pack_total,1,23.155,23.155,23.599,46.753997802734375,0,0,0,0
4,rank4,31,pack_input_wait,19,0.425,0.023,23.906,44.938018798828125,194560,0,0,0
4,rank4,31,pack_quantize,19,5.964,0.361,24.005,45.347015380859375,97280,209,0,0
4,rank4,31,pack_tx_publish,19,3.223,0.224,25.429,46.449005126953125,0,19,19,1216
4,rank4,31,receive_total,1,46.984,46.984,46.95,93.93402099609375,0,0,0,0
4,rank4,31,rx_flag_poll_wait,3,33.305,30.129,47.319,89.447021484375,33,74,56,814
4,rank4,31,rx_unpack_wait,18,3.383,0.395,77.765,92.72201538085938,95040,0,0,0
4,rank4,31,rx_unpack_dequant_clear,21,1.791,0.191,78.272,93.10299682617188,92160,198,0,0
4,rank4,31,rx_output,3,1.029,0.349,81.399,93.53399658203125,30720,1,1,0
4,rank4,31,start_gate,1,21.767,21.767,1.636,23.40301513671875,0,0,0,0
4,rank4,31,pack_tx_data_submit,19,0.392,0.021,24.458,45.493011474609375,107008,0,0,0
4,rank4,31,pack_first_tx_ready,1,2.149,2.149,23.612,25.761016845703125,566,0,0,0
4,rank4,31,pack_mte3_exposed_wait,19,0.034,0.003,25.337,46.0989990234375,107008,0,0,0
4,rank4,32,kernel_total,1,66.564,66.564,21.738,88.302001953125,0,0,0,0
4,rank4,32,pack_total,1,20.995,20.995,21.833,42.8280029296875,0,0,0,0
4,rank4,32,pack_input_wait,18,0.401,0.023,22.139,41.12200927734375,184320,0,0,0
4,rank4,32,pack_quantize,18,5.526,0.33,22.234,41.522003173828125,92160,198,0,0
4,rank4,32,pack_tx_publish,18,2.189,0.129,23.636,42.522003173828125,0,18,18,1152
4,rank4,32,receive_total,1,45.096,45.096,43.028,88.12399291992188,0,0,0,0
4,rank4,32,rx_flag_poll_wait,3,31.088,29.788,43.388,83.42901611328125,18,69,51,759
4,rank4,32,rx_unpack_wait,18,3.807,0.423,73.45,86.9219970703125,95040,0,0,0
4,rank4,32,rx_unpack_dequant_clear,21,1.783,0.178,73.848,87.30300903320312,92160,198,0,0
4,rank4,32,rx_output,3,1.04,0.349,77.178,87.72799682617188,30720,0,0,0
4,rank4,32,start_gate,1,20.615,20.615,1.022,21.636993408203125,0,0,0,0
4,rank4,32,pack_tx_data_submit,18,0.372,0.021,22.657,41.6719970703125,101376,0,0,0
4,rank4,32,pack_first_tx_ready,1,2.028,2.028,21.845,23.873016357421875,585,0,0,0
4,rank4,32,pack_mte3_exposed_wait,18,0.035,0.003,23.548,42.178009033203125,101376,0,0,0
4,rank4,33,kernel_total,1,73.442,73.442,22.483,95.92501831054688,0,0,0,0
4,rank4,33,pack_total,1,20.806,20.806,22.578,43.384002685546875,0,0,0,0
4,rank4,33,pack_input_wait,18,0.401,0.023,22.884,41.6710205078125,184320,0,0,0
4,rank4,33,pack_quantize,18,5.561,0.346,22.979,42.0780029296875,92160,198,0,0
4,rank4,33,pack_tx_publish,18,2.026,0.122,24.378,43.058013916015625,0,18,18,1152
4,rank4,33,receive_total,1,52.161,52.161,43.587,95.74801635742188,0,0,0,0
4,rank4,33,rx_flag_poll_wait,3,38.506,35.603,43.951,91.30902099609375,23,86,68,946
4,rank4,33,rx_unpack_wait,18,3.54,0.367,79.825,94.55902099609375,95040,0,0,0
4,rank4,33,rx_unpack_dequant_clear,21,1.774,0.179,80.264,94.93899536132812,92160,198,0,0
4,rank4,33,rx_output,3,1.05,0.353,83.54,95.3690185546875,30720,1,1,0
4,rank4,33,start_gate,1,20.786,20.786,1.596,22.38201904296875,0,0,0,0
4,rank4,33,pack_tx_data_submit,18,0.367,0.021,23.417,42.227020263671875,101376,0,0,0
4,rank4,33,pack_first_tx_ready,1,2.037,2.037,22.59,24.62701416015625,603,0,0,0
4,rank4,33,pack_mte3_exposed_wait,18,0.036,0.003,24.291,42.722991943359375,101376,0,0,0
4,rank4,34,kernel_total,1,67.269,67.269,22.844,90.11300659179688,0,0,0,0
4,rank4,34,pack_total,1,22.177,22.177,22.939,45.115997314453125,0,0,0,0
4,rank4,34,pack_input_wait,19,0.431,0.023,23.245,43.462005615234375,194560,0,0,0
4,rank4,34,pack_quantize,19,5.844,0.357,23.34,43.865020751953125,97280,209,0,0
4,rank4,34,pack_tx_publish,19,2.367,0.131,24.78,44.80999755859375,0,19,19,1216
4,rank4,34,receive_total,1,44.609,44.609,45.322,89.93099975585938,0,0,0,0
4,rank4,34,rx_flag_poll_wait,3,30.847,25.832,45.676,85.31600952148438,21,67,49,737
4,rank4,34,rx_unpack_wait,18,3.674,0.381,71.779,88.76400756835938,95040,0,0,0
4,rank4,34,rx_unpack_dequant_clear,21,1.784,0.18,72.232,89.14501953125,92160,198,0,0
4,rank4,34,rx_output,3,1.016,0.344,75.414,89.55902099609375,30720,2,2,0
4,rank4,34,start_gate,1,21.931,21.931,0.812,22.743011474609375,0,0,0,0
4,rank4,34,pack_tx_data_submit,19,0.39,0.021,23.789,44.011016845703125,107008,0,0,0
4,rank4,34,pack_first_tx_ready,1,2.083,2.083,22.951,25.03399658203125,621,0,0,0
4,rank4,34,pack_mte3_exposed_wait,19,0.035,0.003,24.69,44.4940185546875,107008,0,0,0
4,rank4,35,kernel_total,1,67.77,67.77,22.153,89.92300415039062,0,0,0,0
4,rank4,35,pack_total,1,20.728,20.728,22.247,42.975006103515625,0,0,0,0
4,rank4,35,pack_input_wait,18,0.402,0.023,22.553,41.281005859375,184320,0,0,0
4,rank4,35,pack_quantize,18,5.57,0.337,22.647,41.680999755859375,92160,198,0,0
4,rank4,35,pack_tx_publish,18,1.865,0.118,24.087,42.6669921875,0,18,18,1152
4,rank4,35,receive_total,1,46.561,46.561,43.18,89.74099731445312,0,0,0,0
4,rank4,35,rx_flag_poll_wait,3,32.384,18.62,43.542,85.05001831054688,25,67,49,737
4,rank4,35,rx_unpack_wait,18,4.043,0.486,62.434,88.57101440429688,95040,0,0,0
4,rank4,35,rx_unpack_dequant_clear,21,1.788,0.184,62.89,88.95101928710938,92160,198,0,0
4,rank4,35,rx_output,3,1.037,0.353,66.094,89.37301635742188,30720,2,2,0
4,rank4,35,start_gate,1,20.664,20.664,1.388,22.052001953125,0,0,0,0
4,rank4,35,pack_tx_data_submit,18,0.373,0.021,23.077,41.83001708984375,101376,0,0,0
4,rank4,35,pack_first_tx_ready,1,2.041,2.041,22.26,24.300994873046875,640,0,0,0
4,rank4,35,pack_mte3_exposed_wait,18,0.035,0.004,23.999,42.33099365234375,101376,0,0,0
4,rank4,36,kernel_total,1,66.83,66.83,22.091,88.9210205078125,0,0,0,0
4,rank4,36,pack_total,1,20.883,20.883,22.186,43.069000244140625,0,0,0,0
4,rank4,36,pack_input_wait,18,0.406,0.023,22.493,41.34100341796875,184320,0,0,0
4,rank4,36,pack_quantize,18,5.578,0.34,22.588,41.740997314453125,92160,198,0,0
4,rank4,36,pack_tx_publish,18,2.017,0.124,23.992,42.751007080078125,0,18,18,1152
4,rank4,36,receive_total,1,45.487,45.487,43.266,88.75302124023438,0,0,0,0
4,rank4,36,rx_flag_poll_wait,3,31.565,20.594,43.632,84.08599853515625,30,64,46,704
4,rank4,36,rx_unpack_wait,18,3.772,0.355,64.511,87.5670166015625,95040,0,0,0
4,rank4,36,rx_unpack_dequant_clear,21,1.785,0.173,64.912,87.947998046875,92160,198,0,0
4,rank4,36,rx_output,3,1.026,0.346,68.197,88.37600708007812,30720,3,2,0
4,rank4,36,start_gate,1,20.649,20.649,1.341,21.990020751953125,0,0,0,0
4,rank4,36,pack_tx_data_submit,18,0.372,0.021,23.021,41.891021728515625,101376,0,0,0
4,rank4,36,pack_first_tx_ready,1,2.026,2.026,22.199,24.225006103515625,658,0,0,0
4,rank4,36,pack_mte3_exposed_wait,18,0.033,0.003,23.91,42.399993896484375,101376,0,0,0
4,rank4,37,kernel_total,1,71.493,71.493,21.787,93.27999877929688,0,0,0,0
4,rank4,37,pack_total,1,21.048,21.048,21.882,42.92999267578125,0,0,0,0
4,rank4,37,pack_input_wait,18,0.405,0.023,22.188,41.218994140625,184320,0,0,0
4,rank4,37,pack_quantize,18,5.561,0.334,22.287,41.6190185546875,92160,198,0,0
4,rank4,37,pack_tx_publish,18,2.205,0.126,23.699,42.621002197265625,0,18,18,1152
4,rank4,37,receive_total,1,49.981,49.981,43.127,93.10800170898438,0,0,0,0
4,rank4,37,rx_flag_poll_wait,3,35.884,26.296,43.495,88.58901977539062,26,79,61,869
4,rank4,37,rx_unpack_wait,18,3.899,0.399,70.065,91.92300415039062,95040,0,0,0
4,rank4,37,rx_unpack_dequant_clear,21,1.772,0.174,70.615,92.30401611328125,92160,198,0,0
4,rank4,37,rx_output,3,1.036,0.348,73.934,92.72900390625,30720,1,1,0
4,rank4,37,start_gate,1,19.766,19.766,1.92,21.686004638671875,0,0,0,0
4,rank4,37,pack_tx_data_submit,18,0.373,0.021,22.713,41.769012451171875,101376,0,0,0
4,rank4,37,pack_first_tx_ready,1,2.044,2.044,21.895,23.938995361328125,676,0,0,0
4,rank4,37,pack_mte3_exposed_wait,18,0.033,0.003,23.607,42.274017333984375,101376,0,0,0
4,rank4,38,kernel_total,1,71.984,71.984,21.896,93.8800048828125,0,0,0,0
4,rank4,38,pack_total,1,22.201,22.201,21.991,44.1920166015625,0,0,0,0
4,rank4,38,pack_input_wait,19,0.426,0.023,22.296,42.4630126953125,194560,0,0,0
4,rank4,38,pack_quantize,19,5.89,0.331,22.391,42.886016845703125,97280,209,0,0
4,rank4,38,pack_tx_publish,19,2.364,0.132,23.773,43.881011962890625,0,19,19,1216
4,rank4,38,receive_total,1,49.308,49.308,44.394,93.70199584960938,0,0,0,0
4,rank4,38,rx_flag_poll_wait,3,35.774,30.693,44.755,89.28900146484375,26,80,62,880
4,rank4,38,rx_unpack_wait,18,3.411,0.341,75.733,92.52801513671875,95040,0,0,0
4,rank4,38,rx_unpack_dequant_clear,21,1.78,0.176,76.146,92.90701293945312,92160,198,0,0
4,rank4,38,rx_output,3,1.014,0.342,79.312,93.32901000976562,30720,1,1,0
4,rank4,38,start_gate,1,20.663,20.663,1.132,21.795013427734375,0,0,0,0
4,rank4,38,pack_tx_data_submit,19,0.389,0.021,22.814,43.032012939453125,107008,0,0,0
4,rank4,38,pack_first_tx_ready,1,2.015,2.015,22.003,24.01800537109375,694,0,0,0
4,rank4,38,pack_mte3_exposed_wait,19,0.037,0.003,23.685,43.5360107421875,107008,0,0,0
4,rank4,39,kernel_total,1,66.448,66.448,21.821,88.26901245117188,0,0,0,0
4,rank4,39,pack_total,1,21.12,21.12,21.915,43.035003662109375,0,0,0,0
4,rank4,39,pack_input_wait,18,0.405,0.023,22.221,41.290008544921875,184320,0,0,0
4,rank4,39,pack_quantize,18,5.533,0.333,22.315,41.6920166015625,92160,198,0,0
4,rank4,39,pack_tx_publish,18,2.323,0.133,23.722,42.725006103515625,0,18,18,1152
4,rank4,39,receive_total,1,44.846,44.846,43.238,88.08401489257812,0,0,0,0
4,rank4,39,rx_flag_poll_wait,3,30.97,29.075,43.6,83.39199829101562,25,67,49,737
4,rank4,39,rx_unpack_wait,18,3.772,0.405,72.957,86.90301513671875,95040,0,0,0
4,rank4,39,rx_unpack_dequant_clear,21,1.771,0.176,73.397,87.28399658203125,92160,198,0,0
4,rank4,39,rx_output,3,1.014,0.346,76.491,87.7130126953125,30720,2,2,0
4,rank4,39,start_gate,1,20.765,20.765,0.955,21.720001220703125,0,0,0,0
4,rank4,39,pack_tx_data_submit,18,0.371,0.021,22.739,41.842010498046875,101376,0,0,0
4,rank4,39,pack_first_tx_ready,1,2.034,2.034,21.928,23.962005615234375,713,0,0,0
4,rank4,39,pack_mte3_exposed_wait,18,0.033,0.003,23.634,42.35699462890625,101376,0,0,0
4,rank4,40,kernel_total,1,70.128,70.128,22.188,92.31600952148438,0,0,0,0
4,rank4,40,pack_total,1,21.052,21.052,22.283,43.33502197265625,0,0,0,0
4,rank4,40,pack_input_wait,18,0.406,0.023,22.589,41.60601806640625,184320,0,0,0
4,rank4,40,pack_quantize,18,5.545,0.325,22.687,42.010009765625,92160,198,0,0
4,rank4,40,pack_tx_publish,18,2.25,0.128,24.078,43.032012939453125,0,18,18,1152
4,rank4,40,receive_total,1,48.639,48.639,43.517,92.156005859375,0,0,0,0
4,rank4,40,rx_flag_poll_wait,3,34.881,23.354,43.891,87.67401123046875,33,76,58,836
4,rank4,40,rx_unpack_wait,18,3.582,0.4,67.549,90.95901489257812,95040,0,0,0
4,rank4,40,rx_unpack_dequant_clear,21,1.762,0.165,67.95,91.34100341796875,92160,198,0,0
4,rank4,40,rx_output,3,1.046,0.356,71.154,91.77200317382812,30720,0,0,0
4,rank4,40,start_gate,1,21.398,21.398,0.689,22.087005615234375,0,0,0,0
4,rank4,40,pack_tx_data_submit,18,0.374,0.021,23.104,42.160003662109375,101376,0,0,0
4,rank4,40,pack_first_tx_ready,1,2.026,2.026,22.296,24.322021484375,731,0,0,0
4,rank4,40,pack_mte3_exposed_wait,18,0.031,0.003,23.99,42.6710205078125,101376,0,0,0
4,rank4,41,kernel_total,1,75.071,75.071,22.4,97.47100830078125,0,0,0,0
4,rank4,41,pack_total,1,22.086,22.086,22.494,44.58001708984375,0,0,0,0
4,rank4,41,pack_input_wait,19,0.429,0.023,22.8,42.8070068359375,194560,0,0,0
4,rank4,41,pack_quantize,19,5.982,0.384,22.898,43.233001708984375,97280,209,0,0
4,rank4,41,pack_tx_publish,19,2.103,0.136,24.387,44.26800537109375,0,19,19,1216
4,rank4,41,receive_total,1,52.538,52.538,44.768,97.30599975585938,0,0,0,0
4,rank4,41,rx_flag_poll_wait,4,33.948,21.515,45.145,93.01101684570312,31,73,49,803
4,rank4,41,rx_unpack_wait,24,5.189,0.54,56.055,96.21200561523438,126720,0,0,0
4,rank4,41,rx_unpack_dequant_clear,28,2.32,0.165,56.548,96.59201049804688,122880,264,0,0
4,rank4,41,rx_output,4,1.39,0.354,59.683,97.01602172851562,40960,1,1,0
4,rank4,41,start_gate,1,22.148,22.148,0.151,22.29901123046875,0,0,0,0
4,rank4,41,pack_tx_data_submit,19,0.389,0.021,23.328,43.378997802734375,107008,0,0,0
4,rank4,41,pack_first_tx_ready,1,2.108,2.108,22.507,24.615020751953125,749,0,0,0
4,rank4,41,pack_mte3_exposed_wait,19,0.033,0.003,24.299,43.89801025390625,107008,0,0,0
4,rank4,42,kernel_total,1,94.179,94.179,22.379,116.55801391601562,0,0,0,0
4,rank4,42,send_total,1,77.459,77.459,26.018,103.47702026367188,0,0,0,0
4,rank4,42,tx_meta_scan,35,5.635,0.193,27.803,83.2919921875,0,3,32,0
4,rank4,42,tx_ready_poll,44,0.099,0.003,27.535,83.0360107421875,9,35,0,0
4,rank4,42,self_copy,3,2.596,0.93,47.085,84.23199462890625,16896,0,0,0
4,rank4,42,udma_post,32,32.511,1.772,28.152,82.84500122070312,180224,32,1,0
4,rank4,42,udma_quiet,7,15.459,2.73,86.156,103.22100830078125,7,0,0,0
4,rank4,42,local_rx_wait,1,5.876,5.876,103.634,109.510009765625,42,0,0,0
4,rank4,42,round_publish,1,6.776,6.776,109.585,116.36099243164062,1,64,1,1
4,rank4,42,global_round_wait,1,3.435,3.435,22.472,25.907012939453125,1,127,0,0
4,rank4,42,start_gate,1,21.075,21.075,1.201,22.2760009765625,1,64,1,1
4,rank4,43,kernel_total,1,92.375,92.375,22.554,114.92901611328125,0,0,0,0
4,rank4,43,send_total,1,77.46,77.46,26.22,103.67999267578125,0,0,0,0
4,rank4,43,tx_meta_scan,35,5.687,0.191,28.005,84.78302001953125,0,6,29,0
4,rank4,43,tx_ready_poll,44,0.094,0.003,27.746,84.40499877929688,9,35,0,0
4,rank4,43,self_copy,6,5.28,0.955,38.034,84.18899536132812,33792,0,0,0
4,rank4,43,udma_post,29,30.113,1.66,28.361,85.92901611328125,163328,29,1,0
4,rank4,43,udma_quiet,7,14.012,2.916,87.822,103.41900634765625,7,0,0,0
4,rank4,43,local_rx_wait,1,0.552,0.552,103.741,104.29299926757812,0,0,0,0
4,rank4,43,round_publish,1,4.539,4.539,110.086,114.625,1,64,1,1
4,rank4,43,global_round_wait,1,3.462,3.462,22.647,26.1090087890625,1,127,0,0
4,rank4,43,start_gate,1,21.226,21.226,1.229,22.45501708984375,1,64,1,1
4,rank4,44,kernel_total,1,94.204,94.204,21.832,116.0360107421875,0,0,0,0
4,rank4,44,send_total,1,76.063,76.063,26.067,102.1300048828125,0,0,0,0
4,rank4,44,tx_meta_scan,35,5.681,0.242,27.949,82.90899658203125,0,4,31,0
4,rank4,44,tx_ready_poll,42,0.094,0.003,27.592,82.52999877929688,7,35,0,0
4,rank4,44,self_copy,4,3.297,0.884,40.486,56.90802001953125,22528,0,0,0
4,rank4,44,udma_post,31,31.568,1.607,28.28,83.95501708984375,174592,31,1,0
4,rank4,44,udma_quiet,6,14.722,3.301,85.808,101.89401245117188,6,0,0,0
4,rank4,44,local_rx_wait,1,0.526,0.526,102.193,102.718994140625,0,0,0,0
4,rank4,44,round_publish,1,5.582,5.582,110.165,115.74700927734375,1,64,1,1
4,rank4,44,global_round_wait,1,4.026,4.026,21.925,25.951019287109375,1,127,0,0
4,rank4,44,start_gate,1,20.28,20.28,1.454,21.7340087890625,1,64,1,1
4,rank4,45,kernel_total,1,93.911,93.911,22.036,115.947021484375,0,0,0,0
4,rank4,45,send_total,1,79.769,79.769,25.932,105.70101928710938,0,0,0,0
4,rank4,45,tx_meta_scan,35,5.874,0.224,28.939,85.9580078125,0,3,32,0
4,rank4,45,tx_ready_poll,47,0.111,0.003,27.447,85.69500732421875,12,35,0,0
4,rank4,45,self_copy,3,2.754,1.072,65.126,87.14999389648438,16896,0,0,0
4,rank4,45,udma_post,32,33.431,1.86,29.27,85.49700927734375,180224,32,1,0
4,rank4,45,udma_quiet,6,15.125,3.521,89.023,105.46600341796875,6,0,0,0
4,rank4,45,local_rx_wait,1,0.306,0.306,105.854,106.16000366210938,0,0,0,0
4,rank4,45,round_publish,1,5.519,5.519,110.138,115.65701293945312,1,64,1,1
4,rank4,45,global_round_wait,1,3.695,3.695,22.13,25.82501220703125,1,127,0,0
4,rank4,45,start_gate,1,21.301,21.301,0.637,21.938018798828125,1,64,1,1
4,rank4,46,kernel_total,1,88.729,88.729,22.116,110.84500122070312,0,0,0,0
4,rank4,46,send_total,1,79.496,79.496,25.922,105.41799926757812,0,0,0,0
4,rank4,46,tx_meta_scan,35,5.661,0.19,28.264,84.26300048828125,0,2,33,0
4,rank4,46,tx_ready_poll,44,0.099,0.003,27.443,84.0,9,35,0,0
4,rank4,46,self_copy,2,1.622,0.821,33.463,85.18301391601562,11264,0,0,0
4,rank4,46,udma_post,33,34.31,1.754,28.591,83.80902099609375,185856,33,1,0
4,rank4,46,udma_quiet,7,16.54,3.92,87.068,105.19100952148438,7,0,0,0
4,rank4,46,local_rx_wait,1,0.309,0.309,105.551,105.86001586914062,0,0,0,0
4,rank4,46,round_publish,1,0.522,0.522,110.062,110.58401489257812,0,0,0,0
4,rank4,46,global_round_wait,1,3.603,3.603,22.209,25.81201171875,0,127,0,0
4,rank4,46,start_gate,1,19.938,19.938,2.084,22.022003173828125,0,0,0,0
4,rank4,47,kernel_total,1,93.092,93.092,21.862,114.95401000976562,0,0,0,0
4,rank4,47,send_total,1,77.613,77.613,25.871,103.4840087890625,0,0,0,0
4,rank4,47,tx_meta_scan,35,5.802,0.232,28.301,83.593994140625,0,3,32,0
4,rank4,47,tx_ready_poll,47,0.108,0.003,27.389,83.2960205078125,12,35,0,0
4,rank4,47,self_copy,3,2.691,0.965,28.737,62.550018310546875,16896,0,0,0
4,rank4,47,udma_post,32,30.225,1.666,32.835,84.58700561523438,180224,32,1,0
4,rank4,47,udma_quiet,7,15.401,2.942,86.371,103.2550048828125,7,0,0,0
4,rank4,47,local_rx_wait,1,0.531,0.531,103.549,104.08001708984375,0,0,0,0
4,rank4,47,round_publish,1,4.415,4.415,110.23,114.64501953125,1,64,1,1
4,rank4,47,global_round_wait,1,3.809,3.809,21.955,25.764007568359375,1,127,0,0
4,rank4,47,start_gate,1,19.739,19.739,2.03,21.769012451171875,1,64,1,1
4,rank4,48,kernel_total,1,93.423,93.423,22.498,115.9210205078125,0,0,0,0
4,rank4,48,send_total,1,76.583,76.583,25.983,102.56600952148438,0,0,0,0
4,rank4,48,tx_meta_scan,35,5.851,0.221,28.308,82.60202026367188,0,3,32,0
4,rank4,48,tx_ready_poll,46,0.104,0.003,27.512,82.22201538085938,11,35,0,0
4,rank4,48,self_copy,3,2.623,0.941,28.767,72.9940185546875,16896,0,0,0
4,rank4,48,udma_post,32,30.151,1.588,31.121,83.49099731445312,180224,32,1,0
4,rank4,48,udma_quiet,7,15.465,4.205,85.281,102.30801391601562,7,0,0,0
4,rank4,48,local_rx_wait,1,0.516,0.516,102.721,103.23699951171875,0,0,0,0
4,rank4,48,round_publish,1,5.42,5.42,110.189,115.6090087890625,1,64,1,1
4,rank4,48,global_round_wait,1,3.281,3.281,22.591,25.87200927734375,1,127,0,0
4,rank4,48,start_gate,1,20.435,20.435,1.964,22.399017333984375,1,64,1,1
4,rank4,49,kernel_total,1,93.246,93.246,21.978,115.2239990234375,0,0,0,0
4,rank4,49,send_total,1,79.528,79.528,26.325,105.85299682617188,0,0,0,0
4,rank4,49,tx_meta_scan,35,5.675,0.222,28.653,87.02200317382812,0,5,30,0
4,rank4,49,tx_ready_poll,47,0.111,0.003,27.85,86.74899291992188,12,35,0,0
4,rank4,49,self_copy,5,4.443,1.042,29.054,74.02099609375,28160,0,0,0
4,rank4,49,udma_post,30,31.811,1.485,31.578,88.12899780273438,168960,30,1,0
4,rank4,49,udma_quiet,7,14.163,3.043,89.914,105.61300659179688,7,0,0,0
4,rank4,49,local_rx_wait,1,0.304,0.304,106.01,106.31399536132812,0,0,0,0
4,rank4,49,round_publish,1,4.816,4.816,110.108,114.92401123046875,1,64,1,1
4,rank4,49,global_round_wait,1,4.147,4.147,22.071,26.218017578125,1,127,0,0
4,rank4,49,start_gate,1,20.242,20.242,1.642,21.884002685546875,1,64,1,1
4,rank4,50,kernel_total,1,81.675,81.675,22.452,104.12701416015625,0,0,0,0
4,rank4,50,send_total,1,76.876,76.876,26.257,103.13299560546875,0,0,0,0
4,rank4,50,tx_meta_scan,35,5.903,0.277,28.603,84.64300537109375,0,6,29,0
4,rank4,50,tx_ready_poll,44,0.101,0.003,27.777,84.23699951171875,9,35,0,0
4,rank4,50,self_copy,6,6.149,1.189,35.976,79.59701538085938,33792,0,0,0
4,rank4,50,udma_post,29,29.731,2.04,28.968,85.75799560546875,163328,29,1,0
4,rank4,50,udma_quiet,6,14.057,3.925,87.543,102.88400268554688,6,0,0,0
4,rank4,50,local_rx_wait,1,0.51,0.51,103.198,103.7080078125,0,0,0,0
4,rank4,50,global_round_wait,1,3.597,3.597,22.545,26.141998291015625,0,0,0,0
4,rank4,50,start_gate,1,20.609,20.609,1.749,22.358001708984375,0,0,0,0
4,rank4,51,kernel_total,1,86.693,86.693,22.019,108.71200561523438,0,0,0,0
4,rank4,51,send_total,1,81.59,81.59,26.359,107.94900512695312,0,0,0,0
4,rank4,51,tx_meta_scan,35,5.81,0.231,28.783,88.57699584960938,0,2,33,0
4,rank4,51,tx_ready_poll,45,0.099,0.003,27.879,88.177001953125,10,35,0,0
4,rank4,51,self_copy,2,1.733,0.88,44.56,69.1090087890625,11264,0,0,0
4,rank4,51,udma_post,33,37.274,2.037,29.141,89.82400512695312,185856,33,1,0
4,rank4,51,udma_quiet,7,14.54,3.475,91.609,107.71600341796875,7,0,0,0
4,rank4,51,local_rx_wait,1,0.276,0.276,108.017,108.29299926757812,0,0,0,0
4,rank4,51,global_round_wait,1,4.14,4.14,22.112,26.25201416015625,0,0,0,0
4,rank4,51,start_gate,1,21.417,21.417,0.503,21.920013427734375,0,0,0,0
4,rank4,52,kernel_total,1,83.432,83.432,22.051,105.48300170898438,0,0,0,0
4,rank4,52,send_total,1,78.364,78.364,26.185,104.54901123046875,0,0,0,0
4,rank4,52,tx_meta_scan,35,5.691,0.222,28.544,86.10400390625,0,6,29,0
4,rank4,52,tx_ready_poll,44,0.102,0.003,27.702,85.70599365234375,9,35,0,0
4,rank4,52,self_copy,6,5.26,0.967,40.358,71.23300170898438,33792,0,0,0
4,rank4,52,udma_post,29,31.001,2.022,28.905,87.18801879882812,163328,29,1,0
4,rank4,52,udma_quiet,6,13.85,3.98,89.081,104.29501342773438,6,0,0,0
4,rank4,52,local_rx_wait,1,0.441,0.441,104.609,105.05001831054688,0,0,0,0
4,rank4,52,global_round_wait,1,3.932,3.932,22.145,26.076995849609375,0,0,0,0
4,rank4,52,start_gate,1,20.08,20.08,1.877,21.957000732421875,0,0,0,0
4,rank4,53,kernel_total,1,83.435,83.435,21.955,105.3900146484375,0,0,0,0
4,rank4,53,send_total,1,78.28,78.28,26.164,104.44400024414062,0,0,0,0
4,rank4,53,tx_meta_scan,35,5.775,0.225,28.394,84.72702026367188,0,3,32,0
4,rank4,53,tx_ready_poll,41,0.095,0.003,27.682,84.322021484375,6,35,0,0
4,rank4,53,self_copy,3,2.448,0.863,58.07,81.0050048828125,16896,0,0,0
4,rank4,53,udma_post,32,34.271,2.08,28.789,85.65301513671875,180224,32,1,0
4,rank4,53,udma_quiet,7,15.1,3.171,87.572,104.19100952148438,7,0,0,0
4,rank4,53,local_rx_wait,1,0.444,0.444,104.508,104.95199584960938,0,0,0,0
4,rank4,53,global_round_wait,1,4.0,4.0,22.048,26.048004150390625,0,0,0,0
4,rank4,53,start_gate,1,20.007,20.007,1.849,21.85601806640625,0,0,0,0
4,rank4,54,kernel_total,1,81.744,81.744,24.165,105.90899658203125,0,0,0,0
4,rank4,54,send_total,1,78.71,78.71,26.302,105.01199340820312,0,0,0,0
4,rank4,54,tx_meta_scan,35,5.65,0.197,28.357,85.4210205078125,0,4,31,0
4,rank4,54,tx_ready_poll,42,0.101,0.003,27.825,85.16000366210938,7,35,0,0
4,rank4,54,self_copy,4,3.461,0.933,36.488,67.14901733398438,22528,0,0,0
4,rank4,54,udma_post,31,32.054,1.895,28.846,86.5,174592,31,1,0
4,rank4,54,udma_quiet,7,14.895,3.283,88.391,104.7760009765625,7,0,0,0
4,rank4,54,local_rx_wait,1,0.409,0.409,105.076,105.48501586914062,0,0,0,0
4,rank4,54,global_round_wait,1,1.937,1.937,24.258,26.19500732421875,0,0,0,0
4,rank4,54,start_gate,1,24.038,24.038,0.028,24.066009521484375,0,0,0,0
4,rank4,55,kernel_total,1,83.58,83.58,22.761,106.34100341796875,0,0,0,0
4,rank4,55,send_total,1,79.289,79.289,26.275,105.56399536132812,0,0,0,0
4,rank4,55,tx_meta_scan,35,5.981,0.225,28.197,83.93899536132812,0,1,34,0
4,rank4,55,tx_ready_poll,43,0.105,0.003,27.795,83.55801391601562,8,35,0,0
4,rank4,55,self_copy,1,1.286,1.286,65.306,66.59201049804688,5632,0,0,0
4,rank4,55,udma_post,34,33.594,1.961,28.547,84.88601684570312,191488,34,1,0
4,rank4,55,udma_quiet,7,17.007,3.829,86.783,105.30999755859375,7,0,0,0
4,rank4,55,local_rx_wait,1,0.288,0.288,105.628,105.916015625,0,0,0,0
4,rank4,55,global_round_wait,1,3.314,3.314,22.854,26.167999267578125,0,0,0,0
4,rank4,55,start_gate,1,22.662,22.662,0.0,22.662017822265625,0,0,0,0
4,rank4,56,kernel_total,1,86.472,86.472,21.914,108.38601684570312,0,0,0,0
4,rank4,56,send_total,1,81.508,81.508,26.118,107.62600708007812,0,0,0,0
4,rank4,56,tx_meta_scan,35,6.138,0.266,28.075,87.17999267578125,0,2,33,0
4,rank4,56,tx_ready_poll,45,0.101,0.003,27.641,86.77902221679688,10,35,0,0
4,rank4,56,self_copy,2,2.0,1.029,36.408,75.31201171875,11264,0,0,0
4,rank4,56,udma_post,33,35.034,1.799,28.41,88.41201782226562,185856,33,1,0
4,rank4,56,udma_quiet,7,15.615,3.07,90.239,107.36199951171875,7,0,0,0
4,rank4,56,local_rx_wait,1,0.302,0.302,107.687,107.989013671875,0,0,0,0
4,rank4,56,global_round_wait,1,4.004,4.004,22.007,26.011016845703125,0,0,0,0
4,rank4,56,start_gate,1,20.503,20.503,1.312,21.81500244140625,0,0,0,0
4,rank4,57,kernel_total,1,82.188,82.188,22.582,104.77001953125,0,0,0,0
4,rank4,57,send_total,1,77.737,77.737,26.144,103.88101196289062,0,0,0,0
4,rank4,57,tx_meta_scan,35,6.057,0.294,28.129,83.30599975585938,0,2,33,0
4,rank4,57,tx_ready_poll,44,0.101,0.003,27.664,82.906005859375,9,35,0,0
4,rank4,57,self_copy,2,1.964,1.125,47.482,65.87200927734375,11264,0,0,0
4,rank4,57,udma_post,33,31.636,1.861,28.511,84.25302124023438,185856,33,1,0
4,rank4,57,udma_quiet,7,16.027,4.697,86.086,103.62399291992188,7,0,0,0
4,rank4,57,local_rx_wait,1,0.428,0.428,103.944,104.37200927734375,0,0,0,0
4,rank4,57,global_round_wait,1,3.362,3.362,22.675,26.037017822265625,0,0,0,0
4,rank4,57,start_gate,1,20.67,20.67,1.813,22.483001708984375,0,0,0,0
4,rank4,58,kernel_total,1,83.849,83.849,22.435,106.28399658203125,0,0,0,0
4,rank4,58,send_total,1,79.361,79.361,26.046,105.40701293945312,0,0,0,0
4,rank4,58,tx_meta_scan,35,5.799,0.238,29.003,86.05999755859375,0,5,30,0
4,rank4,58,tx_ready_poll,47,0.109,0.003,27.567,85.76800537109375,12,35,0,0
4,rank4,58,self_copy,5,4.264,0.9,29.347,77.62200927734375,28160,0,0,0
4,rank4,58,udma_post,30,31.881,1.918,31.281,87.09100341796875,168960,30,1,0
4,rank4,58,udma_quiet,7,14.731,2.608,88.93,105.14599609375,7,0,0,0
4,rank4,58,local_rx_wait,1,0.419,0.419,105.471,105.8900146484375,0,0,0,0
4,rank4,58,global_round_wait,1,3.41,3.41,22.529,25.938995361328125,0,0,0,0
4,rank4,58,start_gate,1,21.545,21.545,0.792,22.337005615234375,0,0,0,0
4,rank4,59,kernel_total,1,83.864,83.864,22.533,106.39700317382812,0,0,0,0
4,rank4,59,send_total,1,79.544,79.544,25.977,105.52099609375,0,0,0,0
4,rank4,59,tx_meta_scan,35,5.748,0.196,29.067,86.64999389648438,0,5,30,0
4,rank4,59,tx_ready_poll,47,0.107,0.003,27.497,86.36099243164062,12,35,0,0
4,rank4,59,self_copy,5,4.183,0.9,29.437,86.1510009765625,28160,0,0,0
4,rank4,59,udma_post,30,31.521,1.671,31.628,87.64401245117188,168960,30,1,0
4,rank4,59,udma_quiet,7,14.318,3.209,89.46,105.2650146484375,7,0,0,0
4,rank4,59,local_rx_wait,1,0.415,0.415,105.586,106.00100708007812,0,0,0,0
4,rank4,59,global_round_wait,1,3.24,3.24,22.626,25.865997314453125,0,0,0,0
4,rank4,59,start_gate,1,21.673,21.673,0.766,22.438995361328125,0,0,0,0
4,rank4,60,kernel_total,1,80.397,80.397,22.162,102.55902099609375,0,0,0,0
4,rank4,60,send_total,1,75.591,75.591,26.087,101.67800903320312,0,0,0,0
4,rank4,60,tx_meta_scan,35,5.905,0.251,28.52,83.10400390625,0,6,29,0
4,rank4,60,tx_ready_poll,44,0.103,0.003,27.625,82.697998046875,9,35,0,0
4,rank4,60,self_copy,6,4.965,1.006,38.215,84.08901977539062,33792,0,0,0
4,rank4,60,udma_post,29,28.982,1.854,28.873,82.427001953125,163328,29,1,0
4,rank4,60,udma_quiet,7,13.981,2.804,85.912,101.42901611328125,7,0,0,0
4,rank4,60,local_rx_wait,1,0.412,0.412,101.739,102.1510009765625,0,0,0,0
4,rank4,60,global_round_wait,1,3.724,3.724,22.256,25.980010986328125,0,0,0,0
4,rank4,60,start_gate,1,21.145,21.145,0.918,22.063018798828125,0,0,0,0
4,rank4,61,kernel_total,1,82.71,82.71,21.934,104.64401245117188,0,0,0,0
4,rank4,61,send_total,1,78.022,78.022,25.834,103.85601806640625,0,0,0,0
4,rank4,61,tx_meta_scan,35,5.959,0.259,28.245,84.62399291992188,0,3,32,0
4,rank4,61,tx_ready_poll,45,0.109,0.003,27.372,84.14501953125,10,35,0,0
4,rank4,61,self_copy,3,2.427,0.875,56.166,77.38101196289062,16896,0,0,0
4,rank4,61,udma_post,32,32.886,2.139,28.622,85.5670166015625,180224,32,1,0
4,rank4,61,udma_quiet,7,14.756,3.116,87.377,103.62200927734375,7,0,0,0
4,rank4,61,local_rx_wait,1,0.314,0.314,103.92,104.2340087890625,0,0,0,0
4,rank4,61,global_round_wait,1,3.7,3.7,22.027,25.727020263671875,0,0,0,0
4,rank4,61,start_gate,1,21.593,21.593,0.242,21.83502197265625,0,0,0,0
4,rank4,62,kernel_total,1,83.942,83.942,21.763,105.70501708984375,0,0,0,0
4,rank4,62,send_total,1,78.114,78.114,25.896,104.010009765625,0,0,0,0
4,rank4,62,tx_meta_scan,34,5.675,0.236,28.278,84.53302001953125,0,5,29,0
4,rank4,62,tx_ready_poll,45,0.104,0.003,27.436,84.12802124023438,11,34,0,0
4,rank4,62,self_copy,5,4.686,1.186,28.67,76.16000366210938,28160,0,0,0
4,rank4,62,udma_post,29,29.688,1.726,31.011,85.60400390625,163328,29,1,0
4,rank4,62,udma_quiet,7,14.798,4.606,87.418,103.70101928710938,7,0,0,0
4,rank4,62,local_rx_wait,1,1.149,1.149,104.145,105.29400634765625,0,0,0,0
4,rank4,62,global_round_wait,1,3.928,3.928,21.857,25.785003662109375,0,0,0,0
4,rank4,62,start_gate,1,20.147,20.147,1.518,21.665008544921875,0,0,0,0
4,rank4,63,kernel_total,1,82.258,82.258,22.635,104.89300537109375,0,0,0,0
4,rank4,63,send_total,1,78.293,78.293,25.82,104.11300659179688,0,0,0,0
4,rank4,63,tx_meta_scan,34,5.969,0.256,28.268,84.7130126953125,0,4,30,0
4,rank4,63,tx_ready_poll,45,0.109,0.003,27.362,84.35000610351562,11,34,0,0
4,rank4,63,self_copy,4,3.688,1.298,55.974,77.9630126953125,22528,0,0,0
4,rank4,63,udma_post,30,31.053,1.993,28.662,85.81399536132812,168960,30,1,0
4,rank4,63,udma_quiet,7,14.595,2.89,87.624,103.79501342773438,7,0,0,0
4,rank4,63,local_rx_wait,1,0.316,0.316,104.176,104.49200439453125,0,0,0,0
4,rank4,63,global_round_wait,1,2.981,2.981,22.728,25.709014892578125,0,0,0,0
4,rank4,63,start_gate,1,21.793,21.793,0.743,22.5360107421875,0,0,0,0
5,rank5,0,kernel_total,1,71.448,71.448,47.072,118.51998901367188,0,0,0,0
5,rank5,0,pack_total,1,22.351,22.351,47.167,69.51800537109375,0,0,0,0
5,rank5,0,pack_input_wait,18,0.4,0.023,47.566,67.53900146484375,184320,0,0,0
5,rank5,0,pack_quantize,18,5.558,0.334,47.664,67.94598388671875,92160,198,0,0
5,rank5,0,pack_tx_publish,18,3.206,0.239,49.075,69.17599487304688,0,18,18,1152
5,rank5,0,receive_total,1,48.599,48.599,69.747,118.34600830078125,0,0,0,0
5,rank5,0,rx_flag_poll_wait,3,34.837,27.42,70.263,113.7130126953125,37,75,57,825
5,rank5,0,rx_unpack_wait,18,3.419,0.359,97.968,117.06900024414062,95040,0,0,0
5,rank5,0,rx_unpack_dequant_clear,21,1.78,0.179,98.384,117.44900512695312,92160,198,0,0
5,rank5,0,rx_output,3,1.015,0.344,101.572,117.87600708007812,30720,1,1,0
5,rank5,0,start_gate,1,46.961,46.961,0.01,46.97100830078125,0,0,0,0
5,rank5,0,pack_tx_data_submit,18,0.368,0.021,48.09,68.09500122070312,101376,0,0,0
5,rank5,0,pack_first_tx_ready,1,2.235,2.235,47.18,49.415008544921875,0,0,0,0
5,rank5,0,pack_mte3_exposed_wait,18,0.036,0.003,48.986,68.60299682617188,101376,0,0,0
5,rank5,1,kernel_total,1,74.131,74.131,46.887,121.01800537109375,0,0,0,0
5,rank5,1,pack_total,1,22.498,22.498,46.982,69.48001098632812,0,0,0,0
5,rank5,1,pack_input_wait,18,0.406,0.023,47.289,67.4320068359375,184320,0,0,0
5,rank5,1,pack_quantize,18,5.522,0.321,47.388,67.83099365234375,92160,198,0,0
5,rank5,1,pack_tx_publish,18,3.448,0.242,48.776,69.1409912109375,0,18,18,1152
5,rank5,1,receive_total,1,51.132,51.132,69.71,120.84201049804688,0,0,0,0
5,rank5,1,rx_flag_poll_wait,3,37.051,27.13,70.194,116.39999389648438,30,80,62,880
5,rank5,1,rx_unpack_wait,18,3.845,0.436,97.592,119.67800903320312,95040,0,0,0
5,rank5,1,rx_unpack_dequant_clear,21,1.778,0.178,98.016,120.05801391601562,92160,198,0,0
5,rank5,1,rx_output,3,1.023,0.35,101.046,120.4739990234375,30720,2,1,0
5,rank5,1,start_gate,1,45.332,45.332,1.454,46.7860107421875,0,0,0,0
5,rank5,1,pack_tx_data_submit,18,0.372,0.021,47.8,67.98098754882812,101376,0,0,0
5,rank5,1,pack_first_tx_ready,1,2.14,2.14,46.995,49.135009765625,18,0,0,0
5,rank5,1,pack_mte3_exposed_wait,18,0.036,0.003,48.693,68.48098754882812,101376,0,0,0
5,rank5,2,kernel_total,1,73.831,73.831,46.716,120.5469970703125,0,0,0,0
5,rank5,2,pack_total,1,22.625,22.625,46.811,69.43600463867188,0,0,0,0
5,rank5,2,pack_input_wait,18,0.406,0.023,47.117,67.21600341796875,184320,0,0,0
5,rank5,2,pack_quantize,18,5.517,0.347,47.212,67.61599731445312,92160,198,0,0
5,rank5,2,pack_tx_publish,18,3.39,0.234,48.625,69.01400756835938,0,18,18,1152
5,rank5,2,receive_total,1,50.705,50.705,69.665,120.3699951171875,0,0,0,0
5,rank5,2,rx_flag_poll_wait,3,36.746,26.622,70.231,115.93701171875,43,77,59,847
5,rank5,2,rx_unpack_wait,18,3.639,0.434,97.139,119.17098999023438,95040,0,0,0
5,rank5,2,rx_unpack_dequant_clear,21,1.772,0.167,97.645,119.552001953125,92160,198,0,0
5,rank5,2,rx_output,3,1.073,0.375,100.848,119.98300170898438,30720,2,2,0
5,rank5,2,start_gate,1,46.293,46.293,0.322,46.614990234375,0,0,0,0
5,rank5,2,pack_tx_data_submit,18,0.367,0.021,47.651,67.77398681640625,101376,0,0,0
5,rank5,2,pack_first_tx_ready,1,2.154,2.154,46.824,48.977996826171875,36,0,0,0
5,rank5,2,pack_mte3_exposed_wait,18,0.036,0.003,48.539,68.28399658203125,101376,0,0,0
5,rank5,3,kernel_total,1,67.814,67.814,46.845,114.65899658203125,0,0,0,0
5,rank5,3,pack_total,1,23.291,23.291,46.94,70.23098754882812,0,0,0,0
5,rank5,3,pack_input_wait,19,0.43,0.023,47.246,68.38699340820312,194560,0,0,0
5,rank5,3,pack_quantize,19,5.861,0.347,47.341,68.79501342773438,97280,209,0,0
5,rank5,3,pack_tx_publish,19,3.391,0.234,48.749,69.9110107421875,0,19,19,1216
5,rank5,3,receive_total,1,44.049,44.049,70.434,114.48300170898438,0,0,0,0
5,rank5,3,rx_flag_poll_wait,3,30.257,16.889,70.854,109.71200561523438,25,67,49,737
5,rank5,3,rx_unpack_wait,18,3.548,0.462,88.015,113.19198608398438,95040,0,0,0
5,rank5,3,rx_unpack_dequant_clear,21,1.755,0.167,88.482,113.57098388671875,92160,198,0,0
5,rank5,3,rx_output,3,1.056,0.356,91.534,114.00100708007812,30720,2,1,0
5,rank5,3,start_gate,1,45.14,45.14,1.604,46.743988037109375,0,0,0,0
5,rank5,3,pack_tx_data_submit,19,0.392,0.021,47.781,68.94100952148438,107008,0,0,0
5,rank5,3,pack_first_tx_ready,1,2.152,2.152,46.952,49.10400390625,54,0,0,0
5,rank5,3,pack_mte3_exposed_wait,19,0.036,0.003,48.662,69.5419921875,107008,0,0,0
5,rank5,4,kernel_total,1,80.336,80.336,46.477,126.81298828125,0,0,0,0
5,rank5,4,pack_total,1,22.427,22.427,46.572,68.99899291992188,0,0,0,0
5,rank5,4,pack_input_wait,18,0.404,0.023,46.877,67.08599853515625,184320,0,0,0
5,rank5,4,pack_quantize,18,5.553,0.334,46.972,67.48699951171875,92160,198,0,0
5,rank5,4,pack_tx_publish,18,3.436,0.248,48.372,68.68301391601562,0,18,18,1152
5,rank5,4,receive_total,1,57.41,57.41,69.219,126.62899780273438,0,0,0,0
5,rank5,4,rx_flag_poll_wait,3,43.688,41.91,69.692,122.26199340820312,36,102,84,1122
5,rank5,4,rx_unpack_wait,18,3.463,0.49,111.887,125.4429931640625,95040,0,0,0
5,rank5,4,rx_unpack_dequant_clear,21,1.798,0.186,112.45,125.8380126953125,92160,198,0,0
5,rank5,4,rx_output,3,1.012,0.341,115.653,126.26199340820312,30720,0,0,0
5,rank5,4,start_gate,1,45.325,45.325,1.051,46.376007080078125,0,0,0,0
5,rank5,4,pack_tx_data_submit,18,0.368,0.021,47.399,67.635986328125,101376,0,0,0
5,rank5,4,pack_first_tx_ready,1,2.145,2.145,46.584,48.72900390625,73,0,0,0
5,rank5,4,pack_mte3_exposed_wait,18,0.034,0.003,48.284,68.27798461914062,101376,0,0,0
5,rank5,5,kernel_total,1,79.147,79.147,46.656,125.80300903320312,0,0,0,0
5,rank5,5,pack_total,1,22.478,22.478,46.75,69.22799682617188,0,0,0,0
5,rank5,5,pack_input_wait,18,0.404,0.023,47.057,67.13998413085938,184320,0,0,0
5,rank5,5,pack_quantize,18,5.562,0.336,47.152,67.5419921875,92160,198,0,0
5,rank5,5,pack_tx_publish,18,3.45,0.246,48.55,68.77301025390625,0,18,18,1152
5,rank5,5,receive_total,1,56.148,56.148,69.475,125.62298583984375,0,0,0,0
5,rank5,5,rx_flag_poll_wait,3,42.433,41.184,69.939,120.99398803710938,29,98,80,1078
5,rank5,5,rx_unpack_wait,18,3.412,0.378,111.408,124.364013671875,95040,0,0,0
5,rank5,5,rx_unpack_dequant_clear,21,1.785,0.188,111.852,124.74398803710938,92160,198,0,0
5,rank5,5,rx_output,3,1.015,0.344,114.901,125.17001342773438,30720,2,1,0
5,rank5,5,start_gate,1,45.444,45.444,1.111,46.55499267578125,0,0,0,0
5,rank5,5,pack_tx_data_submit,18,0.375,0.021,47.58,67.69198608398438,101376,0,0,0
5,rank5,5,pack_first_tx_ready,1,2.157,2.157,46.763,48.920013427734375,91,0,0,0
5,rank5,5,pack_mte3_exposed_wait,18,0.034,0.003,48.464,68.32000732421875,101376,0,0,0
5,rank5,6,kernel_total,1,67.783,67.783,46.516,114.29901123046875,0,0,0,0
5,rank5,6,pack_total,1,23.324,23.324,46.611,69.93499755859375,0,0,0,0
5,rank5,6,pack_input_wait,19,0.429,0.023,46.917,68.0889892578125,194560,0,0,0
5,rank5,6,pack_quantize,19,5.835,0.337,47.016,68.49398803710938,97280,209,0,0
5,rank5,6,pack_tx_publish,19,3.524,0.244,48.421,69.61801147460938,0,19,19,1216
5,rank5,6,receive_total,1,43.97,43.97,70.143,114.11300659179688,0,0,0,0
5,rank5,6,rx_flag_poll_wait,3,30.161,28.812,70.556,109.4849853515625,28,67,49,737
5,rank5,6,rx_unpack_wait,18,3.676,0.361,99.652,112.93399047851562,95040,0,0,0
5,rank5,6,rx_unpack_dequant_clear,21,1.77,0.163,100.058,113.31600952148438,92160,198,0,0
5,rank5,6,rx_output,3,1.02,0.346,103.346,113.73599243164062,30720,2,2,0
5,rank5,6,start_gate,1,45.476,45.476,0.934,46.410003662109375,0,0,0,0
5,rank5,6,pack_tx_data_submit,19,0.394,0.021,47.446,68.63998413085938,107008,0,0,0
5,rank5,6,pack_first_tx_ready,1,2.155,2.155,46.623,48.777984619140625,109,0,0,0
5,rank5,6,pack_mte3_exposed_wait,19,0.036,0.003,48.339,69.16000366210938,107008,0,0,0
5,rank5,7,kernel_total,1,62.191,62.191,46.817,109.00799560546875,0,0,0,0
5,rank5,7,pack_total,1,22.431,22.431,46.911,69.34201049804688,0,0,0,0
5,rank5,7,pack_input_wait,18,0.406,0.023,47.218,67.36599731445312,184320,0,0,0
5,rank5,7,pack_quantize,18,5.572,0.343,47.313,67.77301025390625,92160,198,0,0
5,rank5,7,pack_tx_publish,18,3.376,0.245,48.819,68.9949951171875,0,18,18,1152
5,rank5,7,receive_total,1,39.256,39.256,69.572,108.8280029296875,0,0,0,0
5,rank5,7,rx_flag_poll_wait,3,25.205,22.992,70.081,104.14599609375,21,55,37,605
5,rank5,7,rx_unpack_wait,18,3.701,0.329,93.358,107.52499389648438,95040,0,0,0
5,rank5,7,rx_unpack_dequant_clear,21,1.77,0.175,93.754,107.906005859375,92160,198,0,0
5,rank5,7,rx_output,3,1.046,0.358,97.084,108.34698486328125,30720,3,2,0
5,rank5,7,start_gate,1,45.918,45.918,0.798,46.71600341796875,0,0,0,0
5,rank5,7,pack_tx_data_submit,18,0.37,0.021,47.748,67.9219970703125,101376,0,0,0
5,rank5,7,pack_first_tx_ready,1,2.234,2.234,46.924,49.157989501953125,128,0,0,0
5,rank5,7,pack_mte3_exposed_wait,18,0.034,0.003,48.728,68.44000244140625,101376,0,0,0
5,rank5,8,kernel_total,1,75.387,75.387,46.396,121.78298950195312,0,0,0,0
5,rank5,8,pack_total,1,22.264,22.264,46.491,68.7550048828125,0,0,0,0
5,rank5,8,pack_input_wait,18,0.403,0.023,46.797,66.91000366210938,184320,0,0,0
5,rank5,8,pack_quantize,18,5.55,0.343,46.891,67.31100463867188,92160,198,0,0
5,rank5,8,pack_tx_publish,18,3.443,0.237,48.288,68.43499755859375,0,18,18,1152
5,rank5,8,receive_total,1,52.597,52.597,68.983,121.57998657226562,0,0,0,0
5,rank5,8,rx_flag_poll_wait,3,38.776,35.937,69.401,116.96798706054688,31,89,71,979
5,rank5,8,rx_unpack_wait,18,3.517,0.422,105.625,120.30999755859375,95040,0,0,0
5,rank5,8,rx_unpack_dequant_clear,21,1.79,0.191,106.117,120.69100952148438,92160,198,0,0
5,rank5,8,rx_output,3,1.031,0.352,109.216,121.114990234375,30720,2,1,0
5,rank5,8,start_gate,1,45.559,45.559,0.736,46.295013427734375,0,0,0,0
5,rank5,8,pack_tx_data_submit,18,0.373,0.021,47.326,67.46099853515625,101376,0,0,0
5,rank5,8,pack_first_tx_ready,1,2.134,2.134,46.504,48.63800048828125,146,0,0,0
5,rank5,8,pack_mte3_exposed_wait,18,0.035,0.004,48.2,67.98300170898438,101376,0,0,0
5,rank5,9,kernel_total,1,78.264,78.264,46.448,124.71200561523438,0,0,0,0
5,rank5,9,pack_total,1,22.34,22.34,46.542,68.88198852539062,0,0,0,0
5,rank5,9,pack_input_wait,18,0.405,0.023,46.848,67.06900024414062,184320,0,0,0
5,rank5,9,pack_quantize,18,5.582,0.342,46.943,67.47000122070312,92160,198,0,0
5,rank5,9,pack_tx_publish,18,3.404,0.345,48.376,68.51300048828125,0,18,18,1152
5,rank5,9,receive_total,1,55.408,55.408,69.111,124.51901245117188,0,0,0,0
5,rank5,9,rx_flag_poll_wait,3,41.566,39.4,69.52,119.88800048828125,24,96,78,1056
5,rank5,9,rx_unpack_wait,18,3.646,0.392,109.199,123.343994140625,95040,0,0,0
5,rank5,9,rx_unpack_dequant_clear,21,1.803,0.196,109.612,123.72500610351562,92160,198,0,0
5,rank5,9,rx_output,3,1.031,0.349,112.808,124.15701293945312,30720,3,2,0
5,rank5,9,start_gate,1,46.218,46.218,0.129,46.34698486328125,0,0,0,0
5,rank5,9,pack_tx_data_submit,18,0.369,0.021,47.378,67.61898803710938,101376,0,0,0
5,rank5,9,pack_first_tx_ready,1,2.175,2.175,46.555,48.730010986328125,164,0,0,0
5,rank5,9,pack_mte3_exposed_wait,18,0.036,0.003,48.284,68.10699462890625,101376,0,0,0
5,rank5,10,kernel_total,1,76.599,76.599,46.912,123.510986328125,0,0,0,0
5,rank5,10,pack_total,1,23.18,23.18,47.007,70.18701171875,0,0,0,0
5,rank5,10,pack_input_wait,19,0.426,0.023,47.313,68.35501098632812,194560,0,0,0
5,rank5,10,pack_quantize,19,5.831,0.326,47.408,68.76498413085938,97280,209,0,0
5,rank5,10,pack_tx_publish,19,3.292,0.226,48.787,69.86898803710938,0,19,19,1216
5,rank5,10,receive_total,1,52.917,52.917,70.407,123.32400512695312,0,0,0,0
5,rank5,10,rx_flag_poll_wait,3,38.859,33.291,70.821,118.73300170898438,37,85,67,935
5,rank5,10,rx_unpack_wait,18,3.823,0.405,104.391,122.0780029296875,95040,0,0,0
5,rank5,10,rx_unpack_dequant_clear,21,1.785,0.182,104.82,122.458984375,92160,198,0,0
5,rank5,10,rx_output,3,1.033,0.35,108.092,122.89199829101562,30720,0,0,0
5,rank5,10,start_gate,1,46.367,46.367,0.444,46.811004638671875,0,0,0,0
5,rank5,10,pack_tx_data_submit,19,0.389,0.021,47.826,68.9119873046875,107008,0,0,0
5,rank5,10,pack_first_tx_ready,1,2.106,2.106,47.02,49.126007080078125,182,0,0,0
5,rank5,10,pack_mte3_exposed_wait,19,0.037,0.004,48.705,69.53298950195312,107008,0,0,0
5,rank5,11,kernel_total,1,76.989,76.989,46.429,123.41799926757812,0,0,0,0
5,rank5,11,pack_total,1,21.885,21.885,46.523,68.40798950195312,0,0,0,0
5,rank5,11,pack_input_wait,18,0.403,0.023,46.829,66.60501098632812,184320,0,0,0
5,rank5,11,pack_quantize,18,5.52,0.335,46.923,67.01498413085938,92160,198,0,0
5,rank5,11,pack_tx_publish,18,3.048,0.242,48.34,68.08599853515625,0,18,18,1152
5,rank5,11,receive_total,1,54.601,54.601,68.629,123.23001098632812,0,0,0,0
5,rank5,11,rx_flag_poll_wait,3,40.946,36.799,69.036,118.52301025390625,29,89,71,979
5,rank5,11,rx_unpack_wait,18,3.399,0.357,106.115,121.95098876953125,95040,0,0,0
5,rank5,11,rx_unpack_dequant_clear,21,1.776,0.188,106.524,122.33099365234375,92160,198,0,0
5,rank5,11,rx_output,3,1.054,0.355,109.594,122.76998901367188,30720,1,1,0
5,rank5,11,start_gate,1,45.098,45.098,1.23,46.3280029296875,0,0,0,0
5,rank5,11,pack_tx_data_submit,18,0.369,0.021,47.351,67.16500854492188,101376,0,0,0
5,rank5,11,pack_first_tx_ready,1,2.145,2.145,46.536,48.680999755859375,201,0,0,0
5,rank5,11,pack_mte3_exposed_wait,18,0.031,0.003,48.252,67.76998901367188,101376,0,0,0
5,rank5,12,kernel_total,1,66.083,66.083,46.785,112.86801147460938,0,0,0,0
5,rank5,12,pack_total,1,22.078,22.078,46.879,68.95700073242188,0,0,0,0
5,rank5,12,pack_input_wait,18,0.404,0.023,47.185,67.1199951171875,184320,0,0,0
5,rank5,12,pack_quantize,18,5.552,0.338,47.28,67.51699829101562,92160,198,0,0
5,rank5,12,pack_tx_publish,18,3.253,0.24,48.683,68.6409912109375,0,18,18,1152
5,rank5,12,receive_total,1,43.522,43.522,69.171,112.6929931640625,0,0,0,0
5,rank5,12,rx_flag_poll_wait,3,29.769,27.107,69.592,108.06600952148438,24,63,45,693
5,rank5,12,rx_unpack_wait,18,3.474,0.354,96.98,111.4219970703125,95040,0,0,0
5,rank5,12,rx_unpack_dequant_clear,21,1.771,0.181,97.387,111.80300903320312,92160,198,0,0
5,rank5,12,rx_output,3,1.023,0.345,100.554,112.22100830078125,30720,1,1,0
5,rank5,12,start_gate,1,45.209,45.209,1.474,46.683013916015625,0,0,0,0
5,rank5,12,pack_tx_data_submit,18,0.37,0.021,47.711,67.66598510742188,101376,0,0,0
5,rank5,12,pack_first_tx_ready,1,2.158,2.158,46.892,49.04998779296875,219,0,0,0
5,rank5,12,pack_mte3_exposed_wait,18,0.035,0.003,48.598,68.28201293945312,101376,0,0,0
5,rank5,13,kernel_total,1,78.565,78.565,47.041,125.60598754882812,0,0,0,0
5,rank5,13,pack_total,1,23.139,23.139,47.136,70.27499389648438,0,0,0,0
5,rank5,13,pack_input_wait,19,0.426,0.023,47.443,68.4320068359375,194560,0,0,0
5,rank5,13,pack_quantize,19,5.879,0.331,47.538,68.84100341796875,97280,209,0,0
5,rank5,13,pack_tx_publish,19,3.232,0.217,48.927,69.93499755859375,0,19,19,1216
5,rank5,13,receive_total,1,54.943,54.943,70.488,125.43099975585938,0,0,0,0
5,rank5,13,rx_flag_poll_wait,3,41.346,39.442,70.886,121.09298706054688,30,95,77,1045
5,rank5,13,rx_unpack_wait,18,3.475,0.425,110.618,124.26400756835938,95040,0,0,0
5,rank5,13,rx_unpack_dequant_clear,21,1.779,0.176,111.114,124.64599609375,92160,198,0,0
5,rank5,13,rx_output,3,1.001,0.34,114.295,125.06201171875,30720,0,0,0
5,rank5,13,start_gate,1,45.978,45.978,0.961,46.938995361328125,0,0,0,0
5,rank5,13,pack_tx_data_submit,19,0.394,0.021,47.961,68.98800659179688,107008,0,0,0
5,rank5,13,pack_first_tx_ready,1,2.114,2.114,47.149,49.26300048828125,237,0,0,0
5,rank5,13,pack_mte3_exposed_wait,19,0.035,0.003,48.839,69.49398803710938,107008,0,0,0
5,rank5,14,kernel_total,1,68.371,68.371,46.973,115.343994140625,0,0,0,0
5,rank5,14,pack_total,1,22.041,22.041,47.068,69.1090087890625,0,0,0,0
5,rank5,14,pack_input_wait,18,0.403,0.023,47.445,67.18899536132812,184320,0,0,0
5,rank5,14,pack_quantize,18,5.532,0.337,47.54,67.59298706054688,92160,198,0,0
5,rank5,14,pack_tx_publish,18,2.994,0.231,48.942,68.72799682617188,0,18,18,1152
5,rank5,14,receive_total,1,45.865,45.865,69.314,115.17898559570312,0,0,0,0
5,rank5,14,rx_flag_poll_wait,3,32.138,26.252,69.752,110.47198486328125,29,70,52,770
5,rank5,14,rx_unpack_wait,18,3.437,0.402,96.31,113.90899658203125,95040,0,0,0
5,rank5,14,rx_unpack_dequant_clear,21,1.759,0.16,96.784,114.29000854492188,92160,198,0,0
5,rank5,14,rx_output,3,1.023,0.347,99.843,114.7130126953125,30720,2,1,0
5,rank5,14,start_gate,1,46.83,46.83,0.042,46.87200927734375,0,0,0,0
5,rank5,14,pack_tx_data_submit,18,0.372,0.021,47.969,67.74301147460938,101376,0,0,0
5,rank5,14,pack_first_tx_ready,1,2.235,2.235,47.081,49.316009521484375,256,0,0,0
5,rank5,14,pack_mte3_exposed_wait,18,0.033,0.003,48.851,68.24200439453125,101376,0,0,0
5,rank5,15,kernel_total,1,73.76,73.76,47.106,120.86599731445312,0,0,0,0
5,rank5,15,pack_total,1,22.195,22.195,47.201,69.39599609375,0,0,0,0
5,rank5,15,pack_input_wait,18,0.405,0.023,47.574,67.53201293945312,184320,0,0,0
5,rank5,15,pack_quantize,18,5.493,0.322,47.672,67.93301391601562,92160,198,0,0
5,rank5,15,pack_tx_publish,18,3.233,0.235,49.048,69.02700805664062,0,18,18,1152
5,rank5,15,receive_total,1,51.083,51.083,69.612,120.69500732421875,0,0,0,0
5,rank5,15,rx_flag_poll_wait,3,37.288,33.505,70.14,116.197998046875,24,85,67,935
5,rank5,15,rx_unpack_wait,18,3.476,0.394,103.928,119.5050048828125,95040,0,0,0
5,rank5,15,rx_unpack_dequant_clear,21,1.764,0.164,104.394,119.885009765625,92160,198,0,0
5,rank5,15,rx_output,3,1.031,0.346,107.557,120.30999755859375,30720,3,2,0
5,rank5,15,start_gate,1,46.935,46.935,0.07,47.0050048828125,0,0,0,0
5,rank5,15,pack_tx_data_submit,18,0.369,0.021,48.087,68.0830078125,101376,0,0,0
5,rank5,15,pack_first_tx_ready,1,2.189,2.189,47.214,49.402984619140625,274,0,0,0
5,rank5,15,pack_mte3_exposed_wait,18,0.033,0.003,48.966,68.56298828125,101376,0,0,0
5,rank5,16,kernel_total,1,74.126,74.126,46.553,120.67898559570312,0,0,0,0
5,rank5,16,pack_total,1,21.898,21.898,46.648,68.54598999023438,0,0,0,0
5,rank5,16,pack_input_wait,18,0.404,0.023,46.953,66.77899169921875,184320,0,0,0
5,rank5,16,pack_quantize,18,5.468,0.32,47.052,67.17498779296875,92160,198,0,0
5,rank5,16,pack_tx_publish,18,3.139,0.231,48.446,68.23098754882812,0,18,18,1152
5,rank5,16,receive_total,1,51.736,51.736,68.764,120.5,0,0,0,0
5,rank5,16,rx_flag_poll_wait,3,38.33,28.188,69.169,116.07501220703125,22,89,71,979
5,rank5,16,rx_unpack_wait,18,3.054,0.322,97.635,119.2030029296875,95040,0,0,0
5,rank5,16,rx_unpack_dequant_clear,21,1.771,0.171,98.101,119.583984375,92160,198,0,0
5,rank5,16,rx_output,3,1.028,0.343,101.16,120.010986328125,30720,3,2,0
5,rank5,16,start_gate,1,45.64,45.64,0.812,46.451995849609375,0,0,0,0
5,rank5,16,pack_tx_data_submit,18,0.371,0.021,47.464,67.32598876953125,101376,0,0,0
5,rank5,16,pack_first_tx_ready,1,2.14,2.14,46.661,48.800994873046875,292,0,0,0
5,rank5,16,pack_mte3_exposed_wait,18,0.03,0.003,48.36,67.81298828125,101376,0,0,0
5,rank5,17,kernel_total,1,75.473,75.473,46.758,122.23098754882812,0,0,0,0
5,rank5,17,pack_total,1,23.127,23.127,46.852,69.97900390625,0,0,0,0
5,rank5,17,pack_input_wait,19,0.426,0.023,47.158,68.11898803710938,194560,0,0,0
5,rank5,17,pack_quantize,19,5.809,0.334,47.253,68.53201293945312,97280,209,0,0
5,rank5,17,pack_tx_publish,19,3.242,0.231,48.678,69.63400268554688,0,19,19,1216
5,rank5,17,receive_total,1,51.854,51.854,70.197,122.05099487304688,0,0,0,0
5,rank5,17,rx_flag_poll_wait,3,38.3,36.488,70.59,117.67098999023438,33,89,71,979
5,rank5,17,rx_unpack_wait,18,3.403,0.338,107.357,120.8909912109375,95040,0,0,0
5,rank5,17,rx_unpack_dequant_clear,21,1.789,0.182,107.736,121.27099609375,92160,198,0,0
5,rank5,17,rx_output,3,1.003,0.337,110.941,121.68399047851562,30720,0,0,0
5,rank5,17,start_gate,1,45.954,45.954,0.702,46.656005859375,0,0,0,0
5,rank5,17,pack_tx_data_submit,19,0.391,0.021,47.679,68.67898559570312,107008,0,0,0
5,rank5,17,pack_first_tx_ready,1,2.137,2.137,46.865,49.00201416015625,310,0,0,0
5,rank5,17,pack_mte3_exposed_wait,19,0.034,0.003,48.591,69.29299926757812,107008,0,0,0
5,rank5,18,kernel_total,1,78.101,78.101,46.64,124.74099731445312,0,0,0,0
5,rank5,18,pack_total,1,22.295,22.295,46.735,69.02999877929688,0,0,0,0
5,rank5,18,pack_input_wait,18,0.405,0.023,47.041,67.010986328125,184320,0,0,0
5,rank5,18,pack_quantize,18,5.521,0.325,47.14,67.41500854492188,92160,198,0,0
5,rank5,18,pack_tx_publish,18,3.393,0.265,48.532,68.68499755859375,0,18,18,1152
5,rank5,18,receive_total,1,55.321,55.321,69.241,124.56201171875,0,0,0,0
5,rank5,18,rx_flag_poll_wait,3,41.808,38.735,69.653,120.23300170898438,32,98,80,1078
5,rank5,18,rx_unpack_wait,18,3.421,0.479,108.671,123.40499877929688,95040,0,0,0
5,rank5,18,rx_unpack_dequant_clear,21,1.756,0.164,109.222,123.7869873046875,92160,198,0,0
5,rank5,18,rx_output,3,1.007,0.338,112.331,124.20700073242188,30720,0,0,0
5,rank5,18,start_gate,1,45.137,45.137,1.402,46.53900146484375,0,0,0,0
5,rank5,18,pack_tx_data_submit,18,0.372,0.021,47.558,67.56500244140625,101376,0,0,0
5,rank5,18,pack_first_tx_ready,1,2.116,2.116,46.747,48.863006591796875,329,0,0,0
5,rank5,18,pack_mte3_exposed_wait,18,0.037,0.003,48.443,68.18600463867188,101376,0,0,0
5,rank5,19,kernel_total,1,69.938,69.938,46.615,116.55300903320312,0,0,0,0
5,rank5,19,pack_total,1,22.09,22.09,46.71,68.79998779296875,0,0,0,0
5,rank5,19,pack_input_wait,18,0.404,0.023,47.092,66.94699096679688,184320,0,0,0
5,rank5,19,pack_quantize,18,5.48,0.326,47.241,67.35101318359375,92160,198,0,0
5,rank5,19,pack_tx_publish,18,3.116,0.234,48.643,68.47799682617188,0,18,18,1152
5,rank5,19,receive_total,1,47.386,47.386,69.002,116.38800048828125,0,0,0,0
5,rank5,19,rx_flag_poll_wait,3,33.579,22.25,69.43,111.80899047851562,28,74,56,814
5,rank5,19,rx_unpack_wait,18,3.552,0.413,91.977,115.114990234375,95040,0,0,0
5,rank5,19,rx_unpack_dequant_clear,21,1.764,0.165,92.398,115.49600219726562,92160,198,0,0
5,rank5,19,rx_output,3,1.021,0.344,95.461,115.92300415039062,30720,0,0,0
5,rank5,19,start_gate,1,46.514,46.514,0.0,46.514007568359375,0,0,0,0
5,rank5,19,pack_tx_data_submit,18,0.369,0.021,47.63,67.50100708007812,101376,0,0,0
5,rank5,19,pack_first_tx_ready,1,2.279,2.279,46.722,49.001007080078125,347,0,0,0
5,rank5,19,pack_mte3_exposed_wait,18,0.035,0.003,48.552,68.11801147460938,101376,0,0,0
5,rank5,20,kernel_total,1,90.373,90.373,46.372,136.7449951171875,0,0,0,0
5,rank5,20,pack_total,1,23.093,23.093,46.467,69.55999755859375,0,0,0,0
5,rank5,20,pack_input_wait,19,0.429,0.023,46.773,67.5369873046875,194560,0,0,0
5,rank5,20,pack_quantize,19,5.832,0.32,46.875,67.95098876953125,97280,209,0,0
5,rank5,20,pack_tx_publish,19,3.237,0.232,48.234,69.19900512695312,0,19,19,1216
5,rank5,20,receive_total,1,66.779,66.779,69.782,136.56100463867188,0,0,0,0
5,rank5,20,rx_flag_poll_wait,4,49.232,44.479,70.306,132.23800659179688,32,117,93,1287
5,rank5,20,rx_unpack_wait,24,3.887,0.39,115.057,135.33099365234375,126720,0,0,0
5,rank5,20,rx_unpack_dequant_clear,28,2.351,0.188,115.519,135.71200561523438,122880,264,0,0
5,rank5,20,rx_output,4,1.385,0.349,118.537,136.14498901367188,40960,2,2,0
5,rank5,20,start_gate,1,44.691,44.691,1.58,46.27099609375,0,0,0,0
5,rank5,20,pack_tx_data_submit,19,0.391,0.021,47.288,68.09698486328125,107008,0,0,0
5,rank5,20,pack_first_tx_ready,1,2.096,2.096,46.48,48.57598876953125,365,0,0,0
5,rank5,20,pack_mte3_exposed_wait,19,0.032,0.003,48.152,68.7139892578125,107008,0,0,0
5,rank5,21,kernel_total,1,75.737,75.737,46.577,122.31399536132812,0,0,0,0
5,rank5,21,pack_total,1,22.167,22.167,46.672,68.8389892578125,0,0,0,0
5,rank5,21,pack_input_wait,18,0.403,0.023,46.978,66.99600219726562,184320,0,0,0
5,rank5,21,pack_quantize,18,5.507,0.326,47.073,67.4119873046875,92160,198,0,0
5,rank5,21,pack_tx_publish,18,3.356,0.235,48.475,68.50799560546875,0,18,18,1152
5,rank5,21,receive_total,1,53.068,53.068,69.061,122.12899780273438,0,0,0,0
5,rank5,21,rx_flag_poll_wait,3,39.636,38.289,69.474,117.61700439453125,28,94,76,1034
5,rank5,21,rx_unpack_wait,18,3.179,0.389,108.038,120.85699462890625,95040,0,0,0
5,rank5,21,rx_unpack_dequant_clear,21,1.783,0.185,108.456,121.23699951171875,92160,198,0,0
5,rank5,21,rx_output,3,1.011,0.339,111.627,121.65499877929688,30720,2,2,0
5,rank5,21,start_gate,1,44.867,44.867,1.609,46.47601318359375,0,0,0,0
5,rank5,21,pack_tx_data_submit,18,0.373,0.021,47.491,67.56100463867188,101376,0,0,0
5,rank5,21,pack_first_tx_ready,1,2.146,2.146,46.685,48.83099365234375,384,0,0,0
5,rank5,21,pack_mte3_exposed_wait,18,0.035,0.003,48.393,68.06201171875,101376,0,0,0
5,rank5,22,kernel_total,1,73.808,73.808,47.131,120.93899536132812,0,0,0,0
5,rank5,22,pack_total,1,22.144,22.144,47.226,69.3699951171875,0,0,0,0
5,rank5,22,pack_input_wait,18,0.402,0.023,47.532,67.57098388671875,184320,0,0,0
5,rank5,22,pack_quantize,18,5.509,0.331,47.627,67.96798706054688,92160,198,0,0
5,rank5,22,pack_tx_publish,18,3.217,0.245,49.037,69.0050048828125,0,18,18,1152
5,rank5,22,receive_total,1,51.163,51.163,69.602,120.76498413085938,0,0,0,0
5,rank5,22,rx_flag_poll_wait,3,37.22,34.464,70.117,116.30398559570312,24,88,70,968
5,rank5,22,rx_unpack_wait,18,3.612,0.351,104.862,119.49899291992188,95040,0,0,0
5,rank5,22,rx_unpack_dequant_clear,21,1.774,0.168,105.285,119.87899780273438,92160,198,0,0
5,rank5,22,rx_output,3,1.003,0.338,108.874,120.30099487304688,30720,2,1,0
5,rank5,22,start_gate,1,46.682,46.682,0.348,47.029998779296875,0,0,0,0
5,rank5,22,pack_tx_data_submit,18,0.37,0.021,48.051,68.11700439453125,101376,0,0,0
5,rank5,22,pack_first_tx_ready,1,2.15,2.15,47.238,49.38800048828125,402,0,0,0
5,rank5,22,pack_mte3_exposed_wait,18,0.034,0.003,48.949,68.62600708007812,101376,0,0,0
5,rank5,23,kernel_total,1,76.82,76.82,47.02,123.83999633789062,0,0,0,0
5,rank5,23,pack_total,1,22.141,22.141,47.115,69.25601196289062,0,0,0,0
5,rank5,23,pack_input_wait,18,0.406,0.023,47.421,67.37298583984375,184320,0,0,0
5,rank5,23,pack_quantize,18,5.52,0.333,47.521,67.77499389648438,92160,198,0,0
5,rank5,23,pack_tx_publish,18,3.227,0.237,48.907,68.84500122070312,0,18,18,1152
5,rank5,23,receive_total,1,54.169,54.169,69.497,123.66598510742188,0,0,0,0
5,rank5,23,rx_flag_poll_wait,3,40.482,38.197,70.046,119.32699584960938,32,94,76,1034
5,rank5,23,rx_unpack_wait,18,3.435,0.348,108.532,122.49700927734375,95040,0,0,0
5,rank5,23,rx_unpack_dequant_clear,21,1.76,0.169,108.952,122.87799072265625,92160,198,0,0
5,rank5,23,rx_output,3,1.016,0.34,112.257,123.302001953125,30720,1,1,0
5,rank5,23,start_gate,1,46.502,46.502,0.417,46.91900634765625,0,0,0,0
5,rank5,23,pack_tx_data_submit,18,0.37,0.021,47.946,67.92401123046875,101376,0,0,0
5,rank5,23,pack_first_tx_ready,1,2.143,2.143,47.128,49.27099609375,420,0,0,0
5,rank5,23,pack_mte3_exposed_wait,18,0.035,0.003,48.821,68.43600463867188,101376,0,0,0
5,rank5,24,kernel_total,1,75.405,75.405,47.187,122.59201049804688,0,0,0,0
5,rank5,24,pack_total,1,23.223,23.223,47.282,70.5050048828125,0,0,0,0
5,rank5,24,pack_input_wait,19,0.425,0.023,47.588,68.6610107421875,194560,0,0,0
5,rank5,24,pack_quantize,19,5.824,0.336,47.682,69.072998046875,97280,209,0,0
5,rank5,24,pack_tx_publish,19,3.39,0.23,49.089,70.18399047851562,0,19,19,1216
5,rank5,24,receive_total,1,51.718,51.718,70.705,122.42300415039062,0,0,0,0
5,rank5,24,rx_flag_poll_wait,3,37.633,27.916,71.087,117.72601318359375,31,86,68,946
5,rank5,24,rx_unpack_wait,18,3.789,0.457,99.298,121.12100219726562,95040,0,0,0
5,rank5,24,rx_unpack_dequant_clear,21,1.752,0.159,99.827,121.50100708007812,92160,198,0,0
5,rank5,24,rx_output,3,1.044,0.353,102.987,121.927001953125,30720,2,1,0
5,rank5,24,start_gate,1,45.582,45.582,1.504,47.08599853515625,0,0,0,0
5,rank5,24,pack_tx_data_submit,19,0.392,0.021,48.111,69.218994140625,107008,0,0,0
5,rank5,24,pack_first_tx_ready,1,2.143,2.143,47.295,49.43798828125,438,0,0,0
5,rank5,24,pack_mte3_exposed_wait,19,0.037,0.004,49.001,69.82901000976562,107008,0,0,0
5,rank5,25,kernel_total,1,76.358,76.358,46.741,123.0989990234375,0,0,0,0
5,rank5,25,pack_total,1,22.353,22.353,46.836,69.18899536132812,0,0,0,0
5,rank5,25,pack_input_wait,18,0.402,0.023,47.143,67.19699096679688,184320,0,0,0
5,rank5,25,pack_quantize,18,5.524,0.336,47.241,67.5989990234375,92160,198,0,0
5,rank5,25,pack_tx_publish,18,3.373,0.253,48.652,68.82098388671875,0,18,18,1152
5,rank5,25,receive_total,1,53.531,53.531,69.39,122.92098999023438,0,0,0,0
5,rank5,25,rx_flag_poll_wait,3,40.122,29.96,69.833,118.54000854492188,42,92,74,1012
5,rank5,25,rx_unpack_wait,18,3.133,0.357,100.085,121.75,95040,0,0,0
5,rank5,25,rx_unpack_dequant_clear,21,1.749,0.16,100.568,122.1300048828125,92160,198,0,0
5,rank5,25,rx_output,3,1.027,0.358,103.754,122.54400634765625,30720,1,1,0
5,rank5,25,start_gate,1,45.104,45.104,1.536,46.639984130859375,0,0,0,0
5,rank5,25,pack_tx_data_submit,18,0.369,0.021,47.669,67.74899291992188,101376,0,0,0
5,rank5,25,pack_first_tx_ready,1,2.146,2.146,46.849,48.9949951171875,457,0,0,0
5,rank5,25,pack_mte3_exposed_wait,18,0.035,0.003,48.564,68.38400268554688,101376,0,0,0
5,rank5,26,kernel_total,1,74.733,74.733,47.002,121.7349853515625,0,0,0,0
5,rank5,26,pack_total,1,22.192,22.192,47.097,69.28900146484375,0,0,0,0
5,rank5,26,pack_input_wait,18,0.403,0.023,47.402,67.27398681640625,184320,0,0,0
5,rank5,26,pack_quantize,18,5.525,0.327,47.497,67.67401123046875,92160,198,0,0
5,rank5,26,pack_tx_publish,18,3.192,0.247,48.888,68.968994140625,0,18,18,1152
5,rank5,26,receive_total,1,52.04,52.04,69.525,121.56500244140625,0,0,0,0
5,rank5,26,rx_flag_poll_wait,3,38.711,19.136,69.966,117.04998779296875,41,89,71,979
5,rank5,26,rx_unpack_wait,18,3.121,0.371,89.185,120.37100219726562,95040,0,0,0
5,rank5,26,rx_unpack_dequant_clear,21,1.734,0.145,89.581,120.75201416015625,92160,198,0,0
5,rank5,26,rx_output,3,1.026,0.347,92.575,121.18301391601562,30720,3,2,0
5,rank5,26,start_gate,1,46.5,46.5,0.401,46.9010009765625,0,0,0,0
5,rank5,26,pack_tx_data_submit,18,0.367,0.021,47.912,67.82501220703125,101376,0,0,0
5,rank5,26,pack_first_tx_ready,1,2.149,2.149,47.11,49.259002685546875,475,0,0,0
5,rank5,26,pack_mte3_exposed_wait,18,0.034,0.003,48.8,68.44598388671875,101376,0,0,0
5,rank5,27,kernel_total,1,73.173,73.173,46.545,119.71798706054688,0,0,0,0
5,rank5,27,pack_total,1,23.36,23.36,46.639,69.99899291992188,0,0,0,0
5,rank5,27,pack_input_wait,19,0.426,0.023,47.01,68.23001098632812,194560,0,0,0
5,rank5,27,pack_quantize,19,5.864,0.347,47.104,68.6510009765625,97280,209,0,0
5,rank5,27,pack_tx_publish,19,3.429,0.24,48.505,69.66799926757812,0,19,19,1216
5,rank5,27,receive_total,1,49.315,49.315,70.228,119.54299926757812,0,0,0,0
5,rank5,27,rx_flag_poll_wait,3,35.452,26.254,70.619,114.89599609375,31,80,62,880
5,rank5,27,rx_unpack_wait,18,3.525,0.322,97.204,118.2239990234375,95040,0,0,0
5,rank5,27,rx_unpack_dequant_clear,21,1.764,0.155,97.591,118.60501098632812,92160,198,0,0
5,rank5,27,rx_output,3,1.045,0.352,100.848,119.04000854492188,30720,0,0,0
5,rank5,27,start_gate,1,46.271,46.271,0.172,46.4429931640625,0,0,0,0
5,rank5,27,pack_tx_data_submit,19,0.394,0.021,47.543,68.7969970703125,107008,0,0,0
5,rank5,27,pack_first_tx_ready,1,2.212,2.212,46.652,48.864013671875,493,0,0,0
5,rank5,27,pack_mte3_exposed_wait,19,0.04,0.004,48.423,69.30398559570312,107008,0,0,0
5,rank5,28,kernel_total,1,74.315,74.315,46.862,121.177001953125,0,0,0,0
5,rank5,28,pack_total,1,22.193,22.193,46.957,69.14999389648438,0,0,0,0
5,rank5,28,pack_input_wait,18,0.405,0.023,47.263,67.23098754882812,184320,0,0,0
5,rank5,28,pack_quantize,18,5.525,0.348,47.358,67.63998413085938,92160,198,0,0
5,rank5,28,pack_tx_publish,18,3.133,0.23,48.76,68.739013671875,0,18,18,1152
5,rank5,28,receive_total,1,51.632,51.632,69.363,120.9949951171875,0,0,0,0
5,rank5,28,rx_flag_poll_wait,3,37.762,30.34,69.807,116.45999145507812,31,88,70,968
5,rank5,28,rx_unpack_wait,18,3.557,0.349,100.432,119.7030029296875,95040,0,0,0
5,rank5,28,rx_unpack_dequant_clear,21,1.775,0.175,100.853,120.0830078125,92160,198,0,0
5,rank5,28,rx_output,3,1.042,0.349,103.877,120.51498413085938,30720,2,2,0
5,rank5,28,start_gate,1,46.117,46.117,0.644,46.760986328125,0,0,0,0
5,rank5,28,pack_tx_data_submit,18,0.373,0.021,47.798,67.79000854492188,101376,0,0,0
5,rank5,28,pack_first_tx_ready,1,2.137,2.137,46.969,49.105987548828125,512,0,0,0
5,rank5,28,pack_mte3_exposed_wait,18,0.036,0.003,48.673,68.29299926757812,101376,0,0,0
5,rank5,29,kernel_total,1,78.505,78.505,46.938,125.4429931640625,0,0,0,0
5,rank5,29,pack_total,1,22.045,22.045,47.033,69.0780029296875,0,0,0,0
5,rank5,29,pack_input_wait,18,0.401,0.023,47.34,67.2919921875,184320,0,0,0
5,rank5,29,pack_quantize,18,5.534,0.328,47.435,67.68899536132812,92160,198,0,0
5,rank5,29,pack_tx_publish,18,3.122,0.237,48.827,68.71200561523438,0,18,18,1152
5,rank5,29,receive_total,1,55.969,55.969,69.289,125.25799560546875,0,0,0,0
5,rank5,29,rx_flag_poll_wait,3,42.414,39.653,69.721,120.885986328125,40,100,82,1100
5,rank5,29,rx_unpack_wait,18,3.302,0.366,109.658,124.10598754882812,95040,0,0,0
5,rank5,29,rx_unpack_dequant_clear,21,1.782,0.176,110.163,124.48599243164062,92160,198,0,0
5,rank5,29,rx_output,3,1.028,0.349,113.226,124.91000366210938,30720,2,2,0
5,rank5,29,start_gate,1,45.645,45.645,1.192,46.837005615234375,0,0,0,0
5,rank5,29,pack_tx_data_submit,18,0.371,0.021,47.853,67.8380126953125,101376,0,0,0
5,rank5,29,pack_first_tx_ready,1,2.125,2.125,47.046,49.170989990234375,530,0,0,0
5,rank5,29,pack_mte3_exposed_wait,18,0.037,0.003,48.736,68.34298706054688,101376,0,0,0
5,rank5,30,kernel_total,1,76.019,76.019,46.692,122.71099853515625,0,0,0,0
5,rank5,30,pack_total,1,22.135,22.135,46.787,68.9219970703125,0,0,0,0
5,rank5,30,pack_input_wait,18,0.405,0.023,47.094,67.17498779296875,184320,0,0,0
5,rank5,30,pack_quantize,18,5.529,0.325,47.264,67.57400512695312,92160,198,0,0
5,rank5,30,pack_tx_publish,18,3.14,0.235,48.639,68.583984375,0,18,18,1152
5,rank5,30,receive_total,1,53.394,53.394,69.134,122.52798461914062,0,0,0,0
5,rank5,30,rx_flag_poll_wait,3,39.861,21.46,69.545,118.09600830078125,37,90,72,990
5,rank5,30,rx_unpack_wait,18,3.317,0.345,91.295,121.3699951171875,95040,0,0,0
5,rank5,30,rx_unpack_dequant_clear,21,1.761,0.163,91.785,121.75100708007812,92160,198,0,0
5,rank5,30,rx_output,3,1.006,0.34,94.866,122.16500854492188,30720,2,2,0
5,rank5,30,start_gate,1,46.453,46.453,0.138,46.59100341796875,0,0,0,0
5,rank5,30,pack_tx_data_submit,18,0.374,0.021,47.655,67.7239990234375,101376,0,0,0
5,rank5,30,pack_first_tx_ready,1,2.192,2.192,46.8,48.99200439453125,548,0,0,0
5,rank5,30,pack_mte3_exposed_wait,18,0.036,0.003,48.547,68.22601318359375,101376,0,0,0
5,rank5,31,kernel_total,1,72.346,72.346,47.163,119.50900268554688,0,0,0,0
5,rank5,31,pack_total,1,23.047,23.047,47.258,70.30499267578125,0,0,0,0
5,rank5,31,pack_input_wait,19,0.428,0.023,47.563,68.42098999023438,194560,0,0,0
5,rank5,31,pack_quantize,19,5.854,0.341,47.657,68.843994140625,97280,209,0,0
5,rank5,31,pack_tx_publish,19,3.151,0.223,49.038,69.93899536132812,0,19,19,1216
5,rank5,31,receive_total,1,48.806,48.806,70.52,119.32598876953125,0,0,0,0
5,rank5,31,rx_flag_poll_wait,3,34.926,20.68,70.921,114.84100341796875,26,78,60,858
5,rank5,31,rx_unpack_wait,18,3.604,0.518,91.901,118.04598999023438,95040,0,0,0
5,rank5,31,rx_unpack_dequant_clear,21,1.77,0.164,92.349,118.42800903320312,92160,198,0,0
5,rank5,31,rx_output,3,1.012,0.344,95.555,118.843994140625,30720,2,2,0
5,rank5,31,start_gate,1,45.963,45.963,1.099,47.06201171875,0,0,0,0
5,rank5,31,pack_tx_data_submit,19,0.391,0.021,48.09,68.989990234375,107008,0,0,0
5,rank5,31,pack_first_tx_ready,1,2.113,2.113,47.27,49.38299560546875,566,0,0,0
5,rank5,31,pack_mte3_exposed_wait,19,0.036,0.003,48.955,69.58499145507812,107008,0,0,0
5,rank5,32,kernel_total,1,77.183,77.183,46.386,123.56900024414062,0,0,0,0
5,rank5,32,pack_total,1,20.823,20.823,46.48,67.30300903320312,0,0,0,0
5,rank5,32,pack_input_wait,18,0.487,0.104,46.786,65.59201049804688,184320,0,0,0
5,rank5,32,pack_quantize,18,5.48,0.321,46.966,65.989013671875,92160,198,0,0
5,rank5,32,pack_tx_publish,18,1.913,0.11,48.357,66.97900390625,0,18,18,1152
5,rank5,32,receive_total,1,55.871,55.871,67.506,123.37701416015625,0,0,0,0
5,rank5,32,rx_flag_poll_wait,3,41.977,40.537,67.872,118.70401000976562,29,93,75,1023
5,rank5,32,rx_unpack_wait,18,3.704,0.363,108.702,122.21600341796875,95040,0,0,0
5,rank5,32,rx_unpack_dequant_clear,21,1.763,0.169,109.211,122.59698486328125,92160,198,0,0
5,rank5,32,rx_output,3,1.013,0.341,112.426,123.02200317382812,30720,2,1,0
5,rank5,32,start_gate,1,46.031,46.031,0.254,46.285003662109375,0,0,0,0
5,rank5,32,pack_tx_data_submit,18,0.371,0.021,47.354,66.13900756835938,101376,0,0,0
5,rank5,32,pack_first_tx_ready,1,2.095,2.095,46.493,48.5880126953125,585,0,0,0
5,rank5,32,pack_mte3_exposed_wait,18,0.036,0.004,48.269,66.6300048828125,101376,0,0,0
5,rank5,33,kernel_total,1,81.041,81.041,46.565,127.60598754882812,0,0,0,0
5,rank5,33,pack_total,1,20.817,20.817,46.66,67.47698974609375,0,0,0,0
5,rank5,33,pack_input_wait,18,0.404,0.023,46.965,65.7080078125,184320,0,0,0
5,rank5,33,pack_quantize,18,5.542,0.343,47.06,66.1099853515625,92160,198,0,0
5,rank5,33,pack_tx_publish,18,1.94,0.11,48.459,67.135009765625,0,18,18,1152
5,rank5,33,receive_total,1,59.723,59.723,67.695,127.41799926757812,0,0,0,0
5,rank5,33,rx_flag_poll_wait,3,45.906,44.575,68.074,123.03298950195312,32,103,85,1133
5,rank5,33,rx_unpack_wait,18,3.628,0.37,112.942,126.24600219726562,95040,0,0,0
5,rank5,33,rx_unpack_dequant_clear,21,1.781,0.172,113.384,126.62799072265625,92160,198,0,0
5,rank5,33,rx_output,3,1.033,0.348,116.595,127.05899047851562,30720,2,1,0
5,rank5,33,start_gate,1,45.408,45.408,1.056,46.4639892578125,0,0,0,0
5,rank5,33,pack_tx_data_submit,18,0.37,0.021,47.495,66.260009765625,101376,0,0,0
5,rank5,33,pack_first_tx_ready,1,2.009,2.009,46.673,48.6820068359375,603,0,0,0
5,rank5,33,pack_mte3_exposed_wait,18,0.033,0.003,48.367,66.76400756835938,101376,0,0,0
5,rank5,34,kernel_total,1,72.969,72.969,46.759,119.72799682617188,0,0,0,0
5,rank5,34,pack_total,1,22.025,22.025,46.854,68.87899780273438,0,0,0,0
5,rank5,34,pack_input_wait,19,0.429,0.023,47.158,67.13900756835938,194560,0,0,0
5,rank5,34,pack_quantize,19,6.089,0.371,47.253,67.54000854492188,97280,209,0,0
5,rank5,34,pack_tx_publish,19,1.946,0.13,48.647,68.55300903320312,0,19,19,1216
5,rank5,34,receive_total,1,50.449,50.449,69.094,119.54299926757812,0,0,0,0
5,rank5,34,rx_flag_poll_wait,3,36.651,35.405,69.462,114.94699096679688,26,84,66,924
5,rank5,34,rx_unpack_wait,18,3.665,0.463,105.161,118.38998413085938,95040,0,0,0
5,rank5,34,rx_unpack_dequant_clear,21,1.768,0.176,105.696,118.77099609375,92160,198,0,0
5,rank5,34,rx_output,3,1.035,0.351,108.825,119.20098876953125,30720,2,1,0
5,rank5,34,start_gate,1,44.749,44.749,1.909,46.657989501953125,0,0,0,0
5,rank5,34,pack_tx_data_submit,19,0.391,0.021,47.679,67.6929931640625,107008,0,0,0
5,rank5,34,pack_first_tx_ready,1,1.998,1.998,46.866,48.864013671875,621,0,0,0
5,rank5,34,pack_mte3_exposed_wait,19,0.035,0.004,48.56,68.20599365234375,107008,0,0,0
5,rank5,35,kernel_total,1,65.074,65.074,47.577,112.6510009765625,0,0,0,0
5,rank5,35,pack_total,1,21.247,21.247,47.672,68.91900634765625,0,0,0,0
5,rank5,35,pack_input_wait,18,0.404,0.023,47.976,67.17098999023438,184320,0,0,0
5,rank5,35,pack_quantize,18,5.7,0.373,48.071,67.61099243164062,92160,198,0,0
5,rank5,35,pack_tx_publish,18,2.23,0.131,49.494,68.58200073242188,0,18,18,1152
5,rank5,35,receive_total,1,43.33,43.33,69.135,112.46499633789062,0,0,0,0
5,rank5,35,rx_flag_poll_wait,3,29.449,25.251,69.505,107.93399047851562,26,65,47,715
5,rank5,35,rx_unpack_wait,18,3.69,0.439,95.046,111.29998779296875,95040,0,0,0
5,rank5,35,rx_unpack_dequant_clear,21,1.783,0.18,95.447,111.68099975585938,92160,198,0,0
5,rank5,35,rx_output,3,1.047,0.357,98.782,112.12100219726562,30720,2,1,0
5,rank5,35,start_gate,1,45.933,45.933,1.543,47.47601318359375,0,0,0,0
5,rank5,35,pack_tx_data_submit,18,0.37,0.021,48.497,67.760986328125,101376,0,0,0
5,rank5,35,pack_first_tx_ready,1,2.057,2.057,47.684,49.740997314453125,640,0,0,0
5,rank5,35,pack_mte3_exposed_wait,18,0.035,0.003,49.402,68.25299072265625,101376,0,0,0
5,rank5,36,kernel_total,1,72.659,72.659,46.289,118.947998046875,0,0,0,0
5,rank5,36,pack_total,1,21.054,21.054,46.383,67.43701171875,0,0,0,0
5,rank5,36,pack_input_wait,18,0.403,0.023,46.69,65.68499755859375,184320,0,0,0
5,rank5,36,pack_quantize,18,5.584,0.342,46.785,66.09100341796875,92160,198,0,0
5,rank5,36,pack_tx_publish,18,2.174,0.131,48.183,67.1199951171875,0,18,18,1152
5,rank5,36,receive_total,1,51.135,51.135,67.635,118.76998901367188,0,0,0,0
5,rank5,36,rx_flag_poll_wait,3,37.499,32.872,68.004,114.32400512695312,29,86,68,946
5,rank5,36,rx_unpack_wait,18,3.539,0.37,101.169,117.61700439453125,95040,0,0,0
5,rank5,36,rx_unpack_dequant_clear,21,1.756,0.163,101.593,117.99700927734375,92160,198,0,0
5,rank5,36,rx_output,3,1.002,0.341,104.76,118.41000366210938,30720,0,0,0
5,rank5,36,start_gate,1,44.454,44.454,1.733,46.18701171875,0,0,0,0
5,rank5,36,pack_tx_data_submit,18,0.369,0.021,47.219,66.24099731445312,101376,0,0,0
5,rank5,36,pack_first_tx_ready,1,2.018,2.018,46.396,48.41400146484375,658,0,0,0
5,rank5,36,pack_mte3_exposed_wait,18,0.034,0.003,48.095,66.7550048828125,101376,0,0,0
5,rank5,37,kernel_total,1,74.733,74.733,46.72,121.4530029296875,0,0,0,0
5,rank5,37,pack_total,1,21.21,21.21,46.815,68.02499389648438,0,0,0,0
5,rank5,37,pack_input_wait,18,0.405,0.023,47.121,66.26199340820312,184320,0,0,0
5,rank5,37,pack_quantize,18,5.52,0.32,47.219,66.66500854492188,92160,198,0,0
5,rank5,37,pack_tx_publish,18,2.376,0.135,48.603,67.70401000976562,0,18,18,1152
5,rank5,37,receive_total,1,53.046,53.046,68.224,121.26998901367188,0,0,0,0
5,rank5,37,rx_flag_poll_wait,3,39.469,38.042,68.611,116.81900024414062,34,87,69,957
5,rank5,37,rx_unpack_wait,18,3.445,0.394,106.952,120.10400390625,95040,0,0,0
5,rank5,37,rx_unpack_dequant_clear,21,1.76,0.165,107.418,120.4849853515625,92160,198,0,0
5,rank5,37,rx_output,3,1.019,0.344,110.581,120.906005859375,30720,2,2,0
5,rank5,37,start_gate,1,44.962,44.962,1.657,46.618988037109375,0,0,0,0
5,rank5,37,pack_tx_data_submit,18,0.373,0.021,47.631,66.81600952148438,101376,0,0,0
5,rank5,37,pack_first_tx_ready,1,2.025,2.025,46.828,48.852996826171875,676,0,0,0
5,rank5,37,pack_mte3_exposed_wait,18,0.034,0.003,48.521,67.33499145507812,101376,0,0,0
5,rank5,38,kernel_total,1,74.348,74.348,46.18,120.52798461914062,0,0,0,0
5,rank5,38,pack_total,1,22.252,22.252,46.275,68.52700805664062,0,0,0,0
5,rank5,38,pack_input_wait,19,0.425,0.023,46.58,66.78900146484375,194560,0,0,0
5,rank5,38,pack_quantize,19,5.85,0.338,46.679,67.197998046875,97280,209,0,0
5,rank5,38,pack_tx_publish,19,2.42,0.139,48.102,68.21200561523438,0,19,19,1216
5,rank5,38,receive_total,1,51.604,51.604,68.739,120.34298706054688,0,0,0,0
5,rank5,38,rx_flag_poll_wait,3,37.589,36.305,69.11,115.80801391601562,33,84,66,924
5,rank5,38,rx_unpack_wait,18,3.873,0.364,105.701,119.18301391601562,95040,0,0,0
5,rank5,38,rx_unpack_dequant_clear,21,1.777,0.172,106.137,119.56399536132812,92160,198,0,0
5,rank5,38,rx_output,3,1.038,0.349,109.429,119.99099731445312,30720,0,0,0
5,rank5,38,start_gate,1,44.558,44.558,1.521,46.079010009765625,0,0,0,0
5,rank5,38,pack_tx_data_submit,19,0.391,0.021,47.109,67.343994140625,107008,0,0,0
5,rank5,38,pack_first_tx_ready,1,2.053,2.053,46.288,48.34100341796875,694,0,0,0
5,rank5,38,pack_mte3_exposed_wait,19,0.036,0.003,48.011,67.8590087890625,107008,0,0,0
5,rank5,39,kernel_total,1,76.732,76.732,46.865,123.59698486328125,0,0,0,0
5,rank5,39,pack_total,1,21.001,21.001,46.959,67.95999145507812,0,0,0,0
5,rank5,39,pack_input_wait,18,0.405,0.023,47.264,66.23001098632812,184320,0,0,0
5,rank5,39,pack_quantize,18,5.533,0.328,47.362,66.62600708007812,92160,198,0,0
5,rank5,39,pack_tx_publish,18,2.204,0.131,48.745,67.64401245117188,0,18,18,1152
5,rank5,39,receive_total,1,55.244,55.244,68.172,123.41598510742188,0,0,0,0
5,rank5,39,rx_flag_poll_wait,3,41.408,39.385,68.545,118.6820068359375,33,95,77,1045
5,rank5,39,rx_unpack_wait,18,3.675,0.333,108.22,122.23199462890625,95040,0,0,0
5,rank5,39,rx_unpack_dequant_clear,21,1.766,0.172,108.611,122.61300659179688,92160,198,0,0
5,rank5,39,rx_output,3,1.032,0.35,111.804,123.04299926757812,30720,0,0,0
5,rank5,39,start_gate,1,45.553,45.553,1.21,46.76300048828125,0,0,0,0
5,rank5,39,pack_tx_data_submit,18,0.374,0.021,47.782,66.7760009765625,101376,0,0,0
5,rank5,39,pack_first_tx_ready,1,2.025,2.025,46.972,48.99700927734375,713,0,0,0
5,rank5,39,pack_mte3_exposed_wait,18,0.034,0.003,48.659,67.29299926757812,101376,0,0,0
5,rank5,40,kernel_total,1,81.602,81.602,46.341,127.9429931640625,0,0,0,0
5,rank5,40,pack_total,1,21.105,21.105,46.436,67.54098510742188,0,0,0,0
5,rank5,40,pack_input_wait,18,0.401,0.023,46.805,65.80801391601562,184320,0,0,0
5,rank5,40,pack_quantize,18,5.56,0.343,46.9,66.20700073242188,92160,198,0,0
5,rank5,40,pack_tx_publish,18,2.122,0.132,48.296,67.21600341796875,0,18,18,1152
5,rank5,40,receive_total,1,60.042,60.042,67.732,127.77398681640625,0,0,0,0
5,rank5,40,rx_flag_poll_wait,3,46.397,44.679,68.109,123.364990234375,43,104,86,1144
5,rank5,40,rx_unpack_wait,18,3.399,0.375,113.087,126.60598754882812,95040,0,0,0
5,rank5,40,rx_unpack_dequant_clear,21,1.779,0.154,113.62,126.98599243164062,92160,198,0,0
5,rank5,40,rx_output,3,1.02,0.344,116.885,127.41400146484375,30720,2,2,0
5,rank5,40,start_gate,1,45.222,45.222,1.018,46.239990234375,0,0,0,0
5,rank5,40,pack_tx_data_submit,18,0.372,0.021,47.335,66.35699462890625,101376,0,0,0
5,rank5,40,pack_first_tx_ready,1,2.097,2.097,46.449,48.545989990234375,731,0,0,0
5,rank5,40,pack_mte3_exposed_wait,18,0.033,0.003,48.208,66.85699462890625,101376,0,0,0
5,rank5,41,kernel_total,1,82.438,82.438,46.495,128.93301391601562,0,0,0,0
5,rank5,41,pack_total,1,22.367,22.367,46.589,68.95599365234375,0,0,0,0
5,rank5,41,pack_input_wait,19,0.428,0.023,46.895,67.23599243164062,194560,0,0,0
5,rank5,41,pack_quantize,19,5.877,0.339,46.993,67.6510009765625,97280,209,0,0
5,rank5,41,pack_tx_publish,19,2.469,0.136,48.407,68.63800048828125,0,19,19,1216
5,rank5,41,receive_total,1,59.595,59.595,69.163,128.75799560546875,0,0,0,0
5,rank5,41,rx_flag_poll_wait,4,41.568,34.421,69.542,124.38101196289062,30,92,68,1012
5,rank5,41,rx_unpack_wait,24,4.71,0.406,104.256,127.67001342773438,126720,0,0,0
5,rank5,41,rx_unpack_dequant_clear,28,2.33,0.158,104.707,128.05099487304688,122880,264,0,0
5,rank5,41,rx_output,4,1.363,0.348,108.03,128.48300170898438,40960,2,1,0
5,rank5,41,start_gate,1,44.606,44.606,1.788,46.394012451171875,0,0,0,0
5,rank5,41,pack_tx_data_submit,19,0.389,0.021,47.424,67.79800415039062,107008,0,0,0
5,rank5,41,pack_first_tx_ready,1,2.062,2.062,46.602,48.66400146484375,749,0,0,0
5,rank5,41,pack_mte3_exposed_wait,19,0.032,0.003,48.316,68.28799438476562,107008,0,0,0
5,rank5,42,kernel_total,1,96.506,96.506,47.096,143.60198974609375,0,0,0,0
5,rank5,42,send_total,1,81.215,81.215,50.847,132.06201171875,0,0,0,0
5,rank5,42,tx_meta_scan,35,6.223,0.367,52.612,110.33999633789062,0,0,35,0
5,rank5,42,tx_ready_poll,44,0.097,0.003,52.369,110.0889892578125,9,35,0,0
5,rank5,42,udma_post,35,36.819,1.583,53.061,111.41400146484375,197120,35,1,0
5,rank5,42,udma_quiet,7,16.983,3.331,113.301,131.82098388671875,7,0,0,0
5,rank5,42,local_rx_wait,1,4.915,4.915,132.127,137.0419921875,42,0,0,0
5,rank5,42,round_publish,1,6.204,6.204,137.201,143.40499877929688,1,64,1,1
5,rank5,42,global_round_wait,1,3.546,3.546,47.189,50.7349853515625,1,127,0,0
5,rank5,42,start_gate,1,45.156,45.156,1.842,46.99798583984375,1,64,1,1
5,rank5,43,kernel_total,1,96.136,96.136,46.512,142.64801025390625,0,0,0,0
5,rank5,43,send_total,1,78.173,78.173,50.899,129.07199096679688,0,0,0,0
5,rank5,43,tx_meta_scan,35,6.025,0.302,52.613,110.11099243164062,0,3,32,0
5,rank5,43,tx_ready_poll,44,0.101,0.003,52.426,109.72100830078125,9,35,0,0
5,rank5,43,self_copy,3,2.548,0.886,53.094,95.12799072265625,16896,0,0,0
5,rank5,43,udma_post,32,31.73,1.653,55.354,111.26400756835938,180224,32,1,0
5,rank5,43,udma_quiet,7,14.15,2.522,113.166,128.82501220703125,7,0,0,0
5,rank5,43,local_rx_wait,1,0.566,0.566,129.232,129.79800415039062,0,0,0,0
5,rank5,43,round_publish,1,4.557,4.557,137.787,142.343994140625,1,64,1,1
5,rank5,43,global_round_wait,1,4.182,4.182,46.605,50.7869873046875,1,127,0,0
5,rank5,43,start_gate,1,44.996,44.996,1.417,46.412994384765625,1,64,1,1
5,rank5,44,kernel_total,1,96.481,96.481,46.232,142.7130126953125,0,0,0,0
5,rank5,44,send_total,1,77.147,77.147,50.691,127.8380126953125,0,0,0,0
5,rank5,44,tx_meta_scan,35,5.587,0.215,52.45,108.5159912109375,0,4,31,0
5,rank5,44,tx_ready_poll,42,0.089,0.003,52.216,108.23800659179688,7,35,0,0
5,rank5,44,self_copy,4,3.42,0.92,57.427,91.08700561523438,22528,0,0,0
5,rank5,44,udma_post,31,33.001,1.577,52.782,109.69699096679688,174592,31,1,0
5,rank5,44,udma_quiet,7,14.45,2.576,111.557,127.5159912109375,7,0,0,0
5,rank5,44,local_rx_wait,1,0.532,0.532,127.902,128.43399047851562,0,0,0,0
5,rank5,44,round_publish,1,4.714,4.714,137.728,142.44198608398438,1,64,1,1
5,rank5,44,global_round_wait,1,4.255,4.255,46.325,50.579986572265625,1,127,0,0
5,rank5,44,start_gate,1,43.993,43.993,2.14,46.13299560546875,1,64,1,1
5,rank5,45,kernel_total,1,96.02,96.02,46.536,142.55599975585938,0,0,0,0
5,rank5,45,send_total,1,77.667,77.667,51.062,128.72900390625,0,0,0,0
5,rank5,45,tx_meta_scan,35,5.733,0.221,53.385,107.8070068359375,0,1,34,0
5,rank5,45,tx_ready_poll,43,0.104,0.003,52.591,107.4110107421875,8,35,0,0
5,rank5,45,self_copy,1,0.879,0.879,53.714,54.592987060546875,5632,0,0,0
5,rank5,45,udma_post,34,33.83,1.899,55.46,108.875,191488,34,1,0
5,rank5,45,udma_quiet,7,16.188,4.063,110.737,128.4840087890625,7,0,0,0
5,rank5,45,local_rx_wait,1,0.307,0.307,128.793,129.10000610351562,0,0,0,0
5,rank5,45,round_publish,1,4.584,4.584,137.701,142.28500366210938,1,64,1,1
5,rank5,45,global_round_wait,1,4.326,4.326,46.629,50.954986572265625,1,127,0,0
5,rank5,45,start_gate,1,45.077,45.077,1.36,46.43701171875,1,64,1,1
5,rank5,46,kernel_total,1,96.28,96.28,46.596,142.87600708007812,0,0,0,0
5,rank5,46,send_total,1,76.116,76.116,50.605,126.72100830078125,0,0,0,0
5,rank5,46,tx_meta_scan,35,6.072,0.331,52.858,108.29998779296875,0,5,30,0
5,rank5,46,tx_ready_poll,44,0.099,0.003,52.13,107.90298461914062,9,35,0,0
5,rank5,46,self_copy,5,4.284,0.882,53.224,101.72299194335938,28160,0,0,0
5,rank5,46,udma_post,30,28.324,1.449,55.174,109.2130126953125,168960,30,1,0
5,rank5,46,udma_quiet,7,13.824,3.503,111.068,126.45199584960938,7,0,0,0
5,rank5,46,local_rx_wait,1,0.512,0.512,126.854,127.36599731445312,0,0,0,0
5,rank5,46,round_publish,1,4.951,4.951,137.663,142.614013671875,1,64,1,1
5,rank5,46,global_round_wait,1,3.809,3.809,46.689,50.49798583984375,1,127,0,0
5,rank5,46,start_gate,1,44.446,44.446,2.056,46.50201416015625,1,64,1,1
5,rank5,47,kernel_total,1,91.783,91.783,46.627,138.41000366210938,0,0,0,0
5,rank5,47,send_total,1,78.042,78.042,50.659,128.70098876953125,0,0,0,0
5,rank5,47,tx_meta_scan,35,6.401,0.27,52.895,108.80099487304688,0,4,31,0
5,rank5,47,tx_ready_poll,45,0.099,0.003,52.182,108.5260009765625,10,35,0,0
5,rank5,47,self_copy,4,3.691,1.297,72.788,109.71200561523438,22528,0,0,0
5,rank5,47,udma_post,31,30.414,1.815,53.322,108.33099365234375,174592,31,1,0
5,rank5,47,udma_quiet,7,15.347,3.07,111.63,128.45199584960938,7,0,0,0
5,rank5,47,local_rx_wait,1,0.287,0.287,128.841,129.12799072265625,0,0,0,0
5,rank5,47,round_publish,1,0.516,0.516,137.636,138.15200805664062,0,0,0,0
5,rank5,47,global_round_wait,1,3.828,3.828,46.72,50.548004150390625,0,127,0,0
5,rank5,47,start_gate,1,44.585,44.585,1.943,46.527984619140625,0,0,0,0
5,rank5,48,kernel_total,1,96.475,96.475,46.204,142.67898559570312,0,0,0,0
5,rank5,48,send_total,1,76.841,76.841,50.982,127.822998046875,0,0,0,0
5,rank5,48,tx_meta_scan,35,6.062,0.248,53.294,109.73599243164062,0,10,25,0
5,rank5,48,tx_ready_poll,45,0.099,0.003,52.513,109.35598754882812,10,35,0,0
5,rank5,48,self_copy,10,8.078,0.898,53.615,109.14999389648438,56320,0,0,0
5,rank5,48,udma_post,25,25.993,1.63,55.967,110.80398559570312,140800,25,1,0
5,rank5,48,udma_quiet,7,13.336,2.97,112.665,127.572998046875,7,0,0,0
5,rank5,48,local_rx_wait,1,0.555,0.555,127.968,128.52301025390625,0,0,0,0
5,rank5,48,round_publish,1,4.625,4.625,137.759,142.38400268554688,1,64,1,1
5,rank5,48,global_round_wait,1,4.578,4.578,46.297,50.875,1,127,0,0
5,rank5,48,start_gate,1,44.239,44.239,1.871,46.1099853515625,1,64,1,1
5,rank5,49,kernel_total,1,96.198,96.198,46.41,142.60800170898438,0,0,0,0
5,rank5,49,send_total,1,79.074,79.074,50.746,129.82000732421875,0,0,0,0
5,rank5,49,tx_meta_scan,35,5.827,0.232,53.019,109.82998657226562,0,2,33,0
5,rank5,49,tx_ready_poll,45,0.103,0.003,52.271,109.52301025390625,10,35,0,0
5,rank5,49,self_copy,2,1.678,0.894,84.196,99.781005859375,11264,0,0,0
5,rank5,49,udma_post,33,32.666,1.76,53.425,110.8070068359375,185856,33,1,0
5,rank5,49,udma_quiet,7,15.301,4.564,112.696,129.56900024414062,7,0,0,0
5,rank5,49,local_rx_wait,1,0.31,0.31,129.965,130.27499389648438,0,0,0,0
5,rank5,49,round_publish,1,4.445,4.445,137.844,142.28900146484375,1,64,1,1
5,rank5,49,global_round_wait,1,4.131,4.131,46.504,50.635009765625,1,127,0,0
5,rank5,49,start_gate,1,45.502,45.502,0.81,46.31201171875,1,64,1,1
5,rank5,50,kernel_total,1,80.796,80.796,46.655,127.45098876953125,0,0,0,0
5,rank5,50,send_total,1,75.68,75.68,50.768,126.447998046875,0,0,0,0
5,rank5,50,tx_meta_scan,35,6.043,0.306,53.097,108.29998779296875,0,8,27,0
5,rank5,50,tx_ready_poll,43,0.095,0.003,52.291,108.03201293945312,8,35,0,0
5,rank5,50,self_copy,8,6.799,0.969,60.959,104.843994140625,45056,0,0,0
5,rank5,50,udma_post,27,28.827,2.042,53.47,109.2130126953125,152064,27,1,0
5,rank5,50,udma_quiet,7,13.489,2.72,111.136,126.19598388671875,7,0,0,0
5,rank5,50,local_rx_wait,1,0.532,0.532,126.511,127.04299926757812,0,0,0,0
5,rank5,50,global_round_wait,1,3.905,3.905,46.748,50.652984619140625,0,0,0,0
5,rank5,50,start_gate,1,45.989,45.989,0.567,46.555999755859375,0,0,0,0
5,rank5,51,kernel_total,1,83.305,83.305,46.935,130.239990234375,0,0,0,0
5,rank5,51,send_total,1,78.422,78.422,51.03,129.45199584960938,0,0,0,0
5,rank5,51,tx_meta_scan,35,5.959,0.218,53.636,109.468994140625,0,3,32,0
5,rank5,51,tx_ready_poll,44,0.101,0.003,52.552,109.08499145507812,9,35,0,0
5,rank5,51,self_copy,3,2.669,0.951,56.733,83.63101196289062,16896,0,0,0
5,rank5,51,udma_post,32,31.409,1.696,53.975,110.39599609375,180224,32,1,0
5,rank5,51,udma_quiet,7,15.422,4.445,112.315,129.20599365234375,7,0,0,0
5,rank5,51,local_rx_wait,1,0.304,0.304,129.516,129.82000732421875,0,0,0,0
5,rank5,51,global_round_wait,1,3.891,3.891,47.028,50.91900634765625,0,0,0,0
5,rank5,51,start_gate,1,46.493,46.493,0.343,46.83599853515625,0,0,0,0
5,rank5,52,kernel_total,1,82.602,82.602,46.688,129.29000854492188,0,0,0,0
5,rank5,52,send_total,1,77.498,77.498,51.011,128.50900268554688,0,0,0,0
5,rank5,52,tx_meta_scan,35,5.962,0.259,53.049,109.29501342773438,0,5,30,0
5,rank5,52,tx_ready_poll,43,0.101,0.003,52.53,108.93099975585938,8,35,0,0
5,rank5,52,self_copy,5,4.113,0.969,53.381,97.81500244140625,28160,0,0,0
5,rank5,52,udma_post,30,30.755,1.607,56.865,110.5830078125,168960,30,1,0
5,rank5,52,udma_quiet,7,14.24,3.313,112.481,128.26400756835938,7,0,0,0
5,rank5,52,local_rx_wait,1,0.287,0.287,128.573,128.8599853515625,0,0,0,0
5,rank5,52,global_round_wait,1,4.123,4.123,46.781,50.90399169921875,0,0,0,0
5,rank5,52,start_gate,1,44.609,44.609,1.985,46.593994140625,0,0,0,0
5,rank5,53,kernel_total,1,81.225,81.225,46.82,128.04501342773438,0,0,0,0
5,rank5,53,send_total,1,76.139,76.139,50.569,126.7080078125,0,0,0,0
5,rank5,53,tx_meta_scan,35,5.752,0.227,52.521,107.05801391601562,0,3,32,0
5,rank5,53,tx_ready_poll,42,0.1,0.003,52.091,106.72100830078125,7,35,0,0
5,rank5,53,self_copy,3,2.631,0.968,81.926,94.07598876953125,16896,0,0,0
5,rank5,53,udma_post,32,31.425,1.836,52.835,108.07901000976562,180224,32,1,0
5,rank5,53,udma_quiet,7,14.93,3.623,109.978,126.45599365234375,7,0,0,0
5,rank5,53,local_rx_wait,1,0.846,0.846,126.769,127.614990234375,0,0,0,0
5,rank5,53,global_round_wait,1,3.549,3.549,46.913,50.462005615234375,0,0,0,0
5,rank5,53,start_gate,1,45.736,45.736,0.986,46.72198486328125,0,0,0,0
5,rank5,54,kernel_total,1,82.408,82.408,46.962,129.3699951171875,0,0,0,0
5,rank5,54,send_total,1,77.609,77.609,50.865,128.4739990234375,0,0,0,0
5,rank5,54,tx_meta_scan,35,5.843,0.227,52.716,108.71701049804688,0,6,29,0
5,rank5,54,tx_ready_poll,43,0.097,0.003,52.385,108.4530029296875,8,35,0,0
5,rank5,54,self_copy,6,5.479,1.203,53.14,93.80398559570312,33792,0,0,0
5,rank5,54,udma_post,29,28.856,1.708,55.543,109.66598510742188,163328,29,1,0
5,rank5,54,udma_quiet,7,15.153,3.163,111.591,128.22601318359375,7,0,0,0
5,rank5,54,local_rx_wait,1,0.421,0.421,128.538,128.958984375,0,0,0,0
5,rank5,54,global_round_wait,1,3.701,3.701,47.056,50.756988525390625,0,0,0,0
5,rank5,54,start_gate,1,45.957,45.957,0.906,46.863006591796875,0,0,0,0
5,rank5,55,kernel_total,1,85.322,85.322,46.152,131.4739990234375,0,0,0,0
5,rank5,55,send_total,1,79.899,79.899,50.797,130.69598388671875,0,0,0,0
5,rank5,55,tx_meta_scan,35,5.852,0.261,52.654,109.22000122070312,0,6,29,0
5,rank5,55,tx_ready_poll,43,0.105,0.003,52.316,108.8590087890625,8,35,0,0
5,rank5,55,self_copy,6,5.091,1.004,79.396,104.18600463867188,33792,0,0,0
5,rank5,55,udma_post,29,31.515,1.803,53.003,110.36099243164062,163328,29,1,0
5,rank5,55,udma_quiet,7,16.552,4.514,112.257,130.45498657226562,7,0,0,0
5,rank5,55,local_rx_wait,1,0.301,0.301,130.76,131.06100463867188,0,0,0,0
5,rank5,55,global_round_wait,1,4.437,4.437,46.245,50.6820068359375,0,0,0,0
5,rank5,55,start_gate,1,45.328,45.328,0.725,46.053009033203125,0,0,0,0
5,rank5,56,kernel_total,1,86.885,86.885,46.428,133.31298828125,0,0,0,0
5,rank5,56,send_total,1,82.035,82.035,50.541,132.57598876953125,0,0,0,0
5,rank5,56,tx_meta_scan,35,5.96,0.239,52.512,112.43798828125,0,2,33,0
5,rank5,56,tx_ready_poll,45,0.099,0.003,52.06,112.17898559570312,10,35,0,0
5,rank5,56,self_copy,2,1.757,1.002,90.895,94.6820068359375,11264,0,0,0
5,rank5,56,udma_post,33,35.993,1.926,52.88,113.57199096679688,185856,33,1,0
5,rank5,56,udma_quiet,7,15.494,2.689,115.389,132.33499145507812,7,0,0,0
5,rank5,56,local_rx_wait,1,0.261,0.261,132.636,132.89700317382812,0,0,0,0
5,rank5,56,global_round_wait,1,3.905,3.905,46.521,50.425994873046875,0,0,0,0
5,rank5,56,start_gate,1,44.292,44.292,2.037,46.329010009765625,0,0,0,0
5,rank5,57,kernel_total,1,83.505,83.505,46.454,129.958984375,0,0,0,0
5,rank5,57,send_total,1,78.506,78.506,50.584,129.08999633789062,0,0,0,0
5,rank5,57,tx_meta_scan,35,5.903,0.22,52.576,108.55599975585938,0,5,30,0
5,rank5,57,tx_ready_poll,45,0.103,0.003,52.108,108.29098510742188,10,35,0,0
5,rank5,57,self_copy,5,4.147,0.918,52.98,103.62799072265625,28160,0,0,0
5,rank5,57,udma_post,30,28.967,1.711,55.459,109.49398803710938,168960,30,1,0
5,rank5,57,udma_quiet,7,16.052,3.393,111.316,128.85800170898438,7,0,0,0
5,rank5,57,local_rx_wait,1,0.386,0.386,129.155,129.54098510742188,0,0,0,0
5,rank5,57,global_round_wait,1,3.93,3.93,46.547,50.47698974609375,0,0,0,0
5,rank5,57,start_gate,1,44.261,44.261,2.094,46.355010986328125,0,0,0,0
5,rank5,58,kernel_total,1,82.264,82.264,46.345,128.6090087890625,0,0,0,0
5,rank5,58,send_total,1,76.797,76.797,50.946,127.74301147460938,0,0,0,0
5,rank5,58,tx_meta_scan,35,5.93,0.224,52.906,108.18798828125,0,6,29,0
5,rank5,58,tx_ready_poll,43,0.089,0.003,52.468,107.80599975585938,8,35,0,0
5,rank5,58,self_copy,6,4.734,0.808,58.458,98.50100708007812,33792,0,0,0
5,rank5,58,udma_post,29,29.909,1.715,53.28,109.16799926757812,163328,29,1,0
5,rank5,58,udma_quiet,7,15.007,3.51,110.982,127.48001098632812,7,0,0,0
5,rank5,58,local_rx_wait,1,0.387,0.387,127.807,128.19400024414062,0,0,0,0
5,rank5,58,global_round_wait,1,4.392,4.392,46.439,50.83099365234375,0,0,0,0
5,rank5,58,start_gate,1,45.931,45.931,0.316,46.24700927734375,0,0,0,0
5,rank5,59,kernel_total,1,82.118,82.118,46.575,128.6929931640625,0,0,0,0
5,rank5,59,send_total,1,77.192,77.192,50.63,127.82199096679688,0,0,0,0
5,rank5,59,tx_meta_scan,35,6.366,0.313,52.764,107.37100219726562,0,3,32,0
5,rank5,59,tx_ready_poll,42,0.093,0.003,52.153,106.885986328125,7,35,0,0
5,rank5,59,self_copy,3,2.673,0.963,79.815,108.4530029296875,16896,0,0,0
5,rank5,59,udma_post,32,31.528,1.884,53.177,106.68701171875,180224,32,1,0
5,rank5,59,udma_quiet,7,15.619,3.05,110.396,127.45199584960938,7,0,0,0
5,rank5,59,local_rx_wait,1,0.395,0.395,127.883,128.27798461914062,0,0,0,0
5,rank5,59,global_round_wait,1,3.854,3.854,46.669,50.52301025390625,0,0,0,0
5,rank5,59,start_gate,1,45.992,45.992,0.484,46.47601318359375,0,0,0,0
5,rank5,60,kernel_total,1,81.823,81.823,46.739,128.56201171875,0,0,0,0
5,rank5,60,send_total,1,76.849,76.849,50.828,127.677001953125,0,0,0,0
5,rank5,60,tx_meta_scan,35,5.7,0.203,53.406,109.18899536132812,0,6,29,0
5,rank5,60,tx_ready_poll,44,0.1,0.003,52.364,108.91299438476562,9,35,0,0
5,rank5,60,self_copy,6,5.013,0.918,63.596,95.63900756835938,33792,0,0,0
5,rank5,60,udma_post,29,28.688,1.791,53.761,110.24200439453125,163328,29,1,0
5,rank5,60,udma_quiet,6,14.125,4.47,112.036,127.42898559570312,6,0,0,0
5,rank5,60,local_rx_wait,1,0.392,0.392,127.741,128.13299560546875,0,0,0,0
5,rank5,60,global_round_wait,1,3.879,3.879,46.833,50.712005615234375,0,0,0,0
5,rank5,60,start_gate,1,46.226,46.226,0.415,46.6409912109375,0,0,0,0
5,rank5,61,kernel_total,1,83.336,83.336,46.791,130.12701416015625,0,0,0,0
5,rank5,61,send_total,1,78.64,78.64,50.726,129.36599731445312,0,0,0,0
5,rank5,61,tx_meta_scan,35,6.119,0.297,53.198,108.44400024414062,0,2,33,0
5,rank5,61,tx_ready_poll,43,0.101,0.003,52.264,108.17300415039062,8,35,0,0
5,rank5,61,self_copy,2,1.504,0.795,69.663,79.98001098632812,11264,0,0,0
5,rank5,61,udma_post,33,33.484,1.866,53.54,109.44198608398438,185856,33,1,0
5,rank5,61,udma_quiet,7,16.285,3.878,111.378,129.12701416015625,7,0,0,0
5,rank5,61,local_rx_wait,1,0.268,0.268,129.43,129.697998046875,0,0,0,0
5,rank5,61,global_round_wait,1,3.727,3.727,46.884,50.610992431640625,0,0,0,0
5,rank5,61,start_gate,1,46.25,46.25,0.442,46.691986083984375,0,0,0,0
5,rank5,62,kernel_total,1,90.186,90.186,47.065,137.25100708007812,0,0,0,0
5,rank5,62,send_total,1,78.666,78.666,50.911,129.57699584960938,0,0,0,0
5,rank5,62,tx_meta_scan,34,5.685,0.24,53.269,107.4169921875,0,1,33,0
5,rank5,62,tx_ready_poll,42,0.097,0.003,52.446,107.02398681640625,8,34,0,0
5,rank5,62,self_copy,1,0.852,0.852,70.986,71.8380126953125,5632,0,0,0
5,rank5,62,udma_post,33,32.433,1.813,53.67,108.42599487304688,185856,33,1,0
5,rank5,62,udma_quiet,7,17.536,4.647,110.288,129.30398559570312,7,0,0,0
5,rank5,62,local_rx_wait,1,7.192,7.192,129.641,136.8330078125,0,0,0,0
5,rank5,62,global_round_wait,1,3.645,3.645,47.159,50.803985595703125,0,0,0,0
5,rank5,62,start_gate,1,46.674,46.674,0.292,46.96600341796875,0,0,0,0
5,rank5,63,kernel_total,1,84.107,84.107,46.251,130.35800170898438,0,0,0,0
5,rank5,63,send_total,1,78.987,78.987,50.502,129.489013671875,0,0,0,0
5,rank5,63,tx_meta_scan,34,6.09,0.273,52.948,110.20001220703125,0,5,29,0
5,rank5,63,tx_ready_poll,43,0.097,0.003,52.039,109.78298950195312,9,34,0,0
5,rank5,63,self_copy,5,4.202,0.902,62.935,90.60699462890625,28160,0,0,0
5,rank5,63,udma_post,29,31.496,2.203,53.352,111.24899291992188,163328,29,1,0
5,rank5,63,udma_quiet,7,14.599,3.9,113.115,129.25201416015625,7,0,0,0
5,rank5,63,local_rx_wait,1,0.385,0.385,129.553,129.93798828125,0,0,0,0
5,rank5,63,global_round_wait,1,4.05,4.05,46.344,50.394012451171875,0,0,0,0
5,rank5,63,start_gate,1,45.92,45.92,0.232,46.152008056640625,0,0,0,0
6,rank6,0,kernel_total,1,73.022,73.022,128.008,201.02999877929688,0,0,0,0
6,rank6,0,pack_total,1,22.049,22.049,128.102,150.1510009765625,0,0,0,0
6,rank6,0,pack_input_wait,18,0.404,0.023,128.408,148.22698974609375,184320,0,0,0
6,rank6,0,pack_quantize,18,5.534,0.325,128.502,148.64401245117188,92160,198,0,0
6,rank6,0,pack_tx_publish,18,3.088,0.225,129.908,149.75198364257812,0,18,18,1152
6,rank6,0,receive_total,1,50.464,50.464,150.386,200.85000610351562,0,0,0,0
6,rank6,0,rx_flag_poll_wait,3,36.752,24.995,150.797,196.38299560546875,36,81,63,891
6,rank6,0,rx_unpack_wait,18,3.596,0.437,176.063,199.6829833984375,95040,0,0,0
6,rank6,0,rx_unpack_dequant_clear,21,1.783,0.184,176.449,200.06399536132812,92160,198,0,0
6,rank6,0,rx_output,3,1.015,0.342,179.529,200.48599243164062,30720,3,2,0
6,rank6,0,start_gate,1,125.921,125.921,1.986,127.90701293945312,0,0,0,0
6,rank6,0,pack_tx_data_submit,18,0.369,0.021,128.918,148.79299926757812,101376,0,0,0
6,rank6,0,pack_first_tx_ready,1,2.135,2.135,128.115,130.25,0,0,0,0
6,rank6,0,pack_mte3_exposed_wait,18,0.036,0.004,129.822,149.29000854492188,101376,0,0,0
6,rank6,1,kernel_total,1,68.245,68.245,128.036,196.281005859375,0,0,0,0
6,rank6,1,pack_total,1,22.237,22.237,128.13,150.36700439453125,0,0,0,0
6,rank6,1,pack_input_wait,18,0.405,0.023,128.435,148.45199584960938,184320,0,0,0
6,rank6,1,pack_quantize,18,5.61,0.359,128.533,148.8590087890625,92160,198,0,0
6,rank6,1,pack_tx_publish,18,3.284,0.246,129.961,150.01901245117188,0,18,18,1152
6,rank6,1,receive_total,1,45.504,45.504,150.597,196.10101318359375,0,0,0,0
6,rank6,1,rx_flag_poll_wait,3,31.374,19.944,151.022,191.2869873046875,20,70,52,770
6,rank6,1,rx_unpack_wait,18,3.88,0.381,171.246,194.8389892578125,95040,0,0,0
6,rank6,1,rx_unpack_dequant_clear,21,1.786,0.189,171.699,195.218994140625,92160,198,0,0
6,rank6,1,rx_output,3,1.026,0.346,174.925,195.63900756835938,30720,1,1,0
6,rank6,1,start_gate,1,125.92,125.92,2.015,127.93499755859375,0,0,0,0
6,rank6,1,pack_tx_data_submit,18,0.375,0.021,128.984,149.010009765625,101376,0,0,0
6,rank6,1,pack_first_tx_ready,1,2.171,2.171,128.143,130.31399536132812,18,0,0,0
6,rank6,1,pack_mte3_exposed_wait,18,0.036,0.003,129.878,149.52899169921875,101376,0,0,0
6,rank6,2,kernel_total,1,75.662,75.662,127.56,203.22198486328125,0,0,0,0
6,rank6,2,pack_total,1,22.272,22.272,127.655,149.927001953125,0,0,0,0
6,rank6,2,pack_input_wait,18,0.405,0.023,127.963,148.0,184320,0,0,0
6,rank6,2,pack_quantize,18,5.547,0.332,128.058,148.40899658203125,92160,198,0,0
6,rank6,2,pack_tx_publish,18,3.333,0.251,129.457,149.58200073242188,0,18,18,1152
6,rank6,2,receive_total,1,52.887,52.887,150.145,203.03201293945312,0,0,0,0
6,rank6,2,rx_flag_poll_wait,3,39.45,31.589,150.568,198.67401123046875,29,88,70,968
6,rank6,2,rx_unpack_wait,18,3.315,0.381,182.416,201.87899780273438,95040,0,0,0
6,rank6,2,rx_unpack_dequant_clear,21,1.789,0.19,182.865,202.25900268554688,92160,198,0,0
6,rank6,2,rx_output,3,1.046,0.356,186.026,202.69000244140625,30720,0,0,0
6,rank6,2,start_gate,1,124.697,124.697,2.762,127.458984375,0,0,0,0
6,rank6,2,pack_tx_data_submit,18,0.371,0.021,128.481,148.55899047851562,101376,0,0,0
6,rank6,2,pack_first_tx_ready,1,2.156,2.156,127.668,129.82400512695312,36,0,0,0
6,rank6,2,pack_mte3_exposed_wait,18,0.036,0.004,129.369,149.07598876953125,101376,0,0,0
6,rank6,3,kernel_total,1,65.113,65.113,127.974,193.08700561523438,0,0,0,0
6,rank6,3,pack_total,1,23.395,23.395,128.069,151.4639892578125,0,0,0,0
6,rank6,3,pack_input_wait,19,0.425,0.023,128.376,149.583984375,194560,0,0,0
6,rank6,3,pack_quantize,19,5.847,0.33,128.473,150.00698852539062,97280,209,0,0
6,rank6,3,pack_tx_publish,19,3.557,0.239,129.874,151.14199829101562,0,19,19,1216
6,rank6,3,receive_total,1,41.206,41.206,151.688,192.89401245117188,0,0,0,0
6,rank6,3,rx_flag_poll_wait,3,27.364,13.77,152.089,188.156005859375,19,61,43,671
6,rank6,3,rx_unpack_wait,18,3.636,0.455,166.124,191.61801147460938,95040,0,0,0
6,rank6,3,rx_unpack_dequant_clear,21,1.775,0.186,166.528,192.0,92160,198,0,0
6,rank6,3,rx_output,3,1.063,0.363,169.635,192.44699096679688,30720,3,2,0
6,rank6,3,start_gate,1,125.223,125.223,2.65,127.87298583984375,0,0,0,0
6,rank6,3,pack_tx_data_submit,19,0.393,0.021,128.895,150.15298461914062,107008,0,0,0
6,rank6,3,pack_first_tx_ready,1,2.132,2.132,128.082,130.2139892578125,54,0,0,0
6,rank6,3,pack_mte3_exposed_wait,19,0.036,0.003,129.788,150.7869873046875,107008,0,0,0
6,rank6,4,kernel_total,1,80.635,80.635,127.665,208.29998779296875,0,0,0,0
6,rank6,4,pack_total,1,22.204,22.204,127.759,149.9630126953125,0,0,0,0
6,rank6,4,pack_input_wait,18,0.406,0.023,128.064,148.09500122070312,184320,0,0,0
6,rank6,4,pack_quantize,18,5.569,0.337,128.158,148.49301147460938,92160,198,0,0
6,rank6,4,pack_tx_publish,18,3.269,0.245,129.559,149.61700439453125,0,18,18,1152
6,rank6,4,receive_total,1,57.94,57.94,150.18,208.1199951171875,0,0,0,0
6,rank6,4,rx_flag_poll_wait,3,44.521,42.227,150.596,203.7860107421875,29,102,84,1122
6,rank6,4,rx_unpack_wait,18,3.247,0.333,193.112,206.93798828125,95040,0,0,0
6,rank6,4,rx_unpack_dequant_clear,21,1.781,0.18,193.507,207.32000732421875,92160,198,0,0
6,rank6,4,rx_output,3,1.015,0.341,196.71,207.739990234375,30720,2,1,0
6,rank6,4,start_gate,1,126.105,126.105,1.458,127.56298828125,0,0,0,0
6,rank6,4,pack_tx_data_submit,18,0.37,0.021,128.587,148.64199829101562,101376,0,0,0
6,rank6,4,pack_first_tx_ready,1,2.131,2.131,127.772,129.90298461914062,73,0,0,0
6,rank6,4,pack_mte3_exposed_wait,18,0.032,0.003,129.472,149.26901245117188,101376,0,0,0
6,rank6,5,kernel_total,1,72.161,72.161,127.831,199.99200439453125,0,0,0,0
6,rank6,5,pack_total,1,22.268,22.268,127.925,150.1929931640625,0,0,0,0
6,rank6,5,pack_input_wait,18,0.406,0.023,128.23,148.23098754882812,184320,0,0,0
6,rank6,5,pack_quantize,18,5.526,0.322,128.329,148.62399291992188,92160,198,0,0
6,rank6,5,pack_tx_publish,18,3.316,0.246,129.725,149.802001953125,0,18,18,1152
6,rank6,5,receive_total,1,49.39,49.39,150.422,199.81201171875,0,0,0,0
6,rank6,5,rx_flag_poll_wait,3,35.605,28.375,150.841,195.31698608398438,34,78,60,858
6,rank6,5,rx_unpack_wait,18,3.488,0.383,179.511,198.53900146484375,95040,0,0,0
6,rank6,5,rx_unpack_dequant_clear,21,1.786,0.184,179.966,198.91900634765625,92160,198,0,0
6,rank6,5,rx_output,3,1.034,0.364,183.001,199.33099365234375,30720,3,2,0
6,rank6,5,start_gate,1,124.486,124.486,3.243,127.72900390625,0,0,0,0
6,rank6,5,pack_tx_data_submit,18,0.37,0.021,128.743,148.781005859375,101376,0,0,0
6,rank6,5,pack_first_tx_ready,1,2.157,2.157,127.938,130.09500122070312,91,0,0,0
6,rank6,5,pack_mte3_exposed_wait,18,0.032,0.003,129.643,149.4219970703125,101376,0,0,0
6,rank6,6,kernel_total,1,72.469,72.469,127.775,200.24398803710938,0,0,0,0
6,rank6,6,pack_total,1,23.172,23.172,127.869,151.04098510742188,0,0,0,0
6,rank6,6,pack_input_wait,19,0.424,0.023,128.174,149.20199584960938,194560,0,0,0
6,rank6,6,pack_quantize,19,5.928,0.338,128.272,149.61700439453125,97280,209,0,0
6,rank6,6,pack_tx_publish,19,3.26,0.232,129.672,150.72198486328125,0,19,19,1216
6,rank6,6,receive_total,1,48.819,48.819,151.239,200.0579833984375,0,0,0,0
6,rank6,6,rx_flag_poll_wait,3,34.802,30.655,151.644,195.31100463867188,23,78,60,858
6,rank6,6,rx_unpack_wait,18,3.727,0.345,182.579,198.80099487304688,95040,0,0,0
6,rank6,6,rx_unpack_dequant_clear,21,1.779,0.181,182.978,199.17999267578125,92160,198,0,0
6,rank6,6,rx_output,3,1.03,0.349,186.21,199.61099243164062,30720,0,0,0
6,rank6,6,start_gate,1,125.74,125.74,1.933,127.67300415039062,0,0,0,0
6,rank6,6,pack_tx_data_submit,19,0.391,0.021,128.702,149.76400756835938,107008,0,0,0
6,rank6,6,pack_first_tx_ready,1,2.129,2.129,127.882,130.010986328125,109,0,0,0
6,rank6,6,pack_mte3_exposed_wait,19,0.035,0.003,129.585,150.27398681640625,107008,0,0,0
6,rank6,7,kernel_total,1,78.324,78.324,127.492,205.81600952148438,0,0,0,0
6,rank6,7,pack_total,1,22.181,22.181,127.586,149.76699829101562,0,0,0,0
6,rank6,7,pack_input_wait,18,0.405,0.023,127.892,147.88800048828125,184320,0,0,0
6,rank6,7,pack_quantize,18,5.496,0.334,127.987,148.29098510742188,92160,198,0,0
6,rank6,7,pack_tx_publish,18,3.354,0.232,129.378,149.41500854492188,0,18,18,1152
6,rank6,7,receive_total,1,55.637,55.637,149.988,205.625,0,0,0,0
6,rank6,7,rx_flag_poll_wait,3,42.315,40.009,150.391,201.34698486328125,36,96,78,1056
6,rank6,7,rx_unpack_wait,18,3.24,0.402,190.689,204.47799682617188,95040,0,0,0
6,rank6,7,rx_unpack_dequant_clear,21,1.775,0.182,191.163,204.8599853515625,92160,198,0,0
6,rank6,7,rx_output,3,1.031,0.351,194.361,205.28298950195312,30720,0,0,0
6,rank6,7,start_gate,1,124.824,124.824,2.567,127.3909912109375,0,0,0,0
6,rank6,7,pack_tx_data_submit,18,0.368,0.021,128.413,148.44198608398438,101376,0,0,0
6,rank6,7,pack_first_tx_ready,1,2.123,2.123,127.599,129.72198486328125,128,0,0,0
6,rank6,7,pack_mte3_exposed_wait,18,0.037,0.004,129.291,148.95700073242188,101376,0,0,0
6,rank6,8,kernel_total,1,76.862,76.862,127.314,204.17599487304688,0,0,0,0
6,rank6,8,pack_total,1,22.478,22.478,127.409,149.88699340820312,0,0,0,0
6,rank6,8,pack_input_wait,18,0.403,0.023,127.715,148.0,184320,0,0,0
6,rank6,8,pack_quantize,18,5.567,0.331,127.81,148.4110107421875,92160,198,0,0
6,rank6,8,pack_tx_publish,18,3.52,0.244,129.214,149.55899047851562,0,18,18,1152
6,rank6,8,receive_total,1,53.91,53.91,150.095,204.0050048828125,0,0,0,0
6,rank6,8,rx_flag_poll_wait,3,39.921,38.624,150.519,199.44598388671875,31,90,72,990
6,rank6,8,rx_unpack_wait,18,3.662,0.484,189.452,202.72698974609375,95040,0,0,0
6,rank6,8,rx_unpack_dequant_clear,21,1.776,0.171,189.918,203.10800170898438,92160,198,0,0
6,rank6,8,rx_output,3,1.046,0.354,193.118,203.54498291015625,30720,2,2,0
6,rank6,8,start_gate,1,124.394,124.394,2.819,127.2130126953125,0,0,0,0
6,rank6,8,pack_tx_data_submit,18,0.369,0.021,128.233,148.55999755859375,101376,0,0,0
6,rank6,8,pack_first_tx_ready,1,2.152,2.152,127.422,129.57400512695312,146,0,0,0
6,rank6,8,pack_mte3_exposed_wait,18,0.035,0.003,129.122,149.05398559570312,101376,0,0,0
6,rank6,9,kernel_total,1,77.234,77.234,127.74,204.9739990234375,0,0,0,0
6,rank6,9,pack_total,1,22.163,22.163,127.835,149.99798583984375,0,0,0,0
6,rank6,9,pack_input_wait,18,0.404,0.023,128.141,148.13998413085938,184320,0,0,0
6,rank6,9,pack_quantize,18,5.539,0.339,128.236,148.53500366210938,92160,198,0,0
6,rank6,9,pack_tx_publish,18,3.314,0.228,129.656,149.65200805664062,0,18,18,1152
6,rank6,9,receive_total,1,54.595,54.595,150.211,204.80599975585938,0,0,0,0
6,rank6,9,rx_flag_poll_wait,3,41.0,39.672,150.638,200.30599975585938,43,91,73,1001
6,rank6,9,rx_unpack_wait,18,3.418,0.382,190.601,203.63699340820312,95040,0,0,0
6,rank6,9,rx_unpack_dequant_clear,21,1.775,0.171,191.055,204.01800537109375,92160,198,0,0
6,rank6,9,rx_output,3,1.032,0.347,194.18,204.44500732421875,30720,2,2,0
6,rank6,9,start_gate,1,124.565,124.565,3.073,127.63800048828125,0,0,0,0
6,rank6,9,pack_tx_data_submit,18,0.37,0.021,128.667,148.68399047851562,101376,0,0,0
6,rank6,9,pack_first_tx_ready,1,2.151,2.151,127.847,129.99798583984375,164,0,0,0
6,rank6,9,pack_mte3_exposed_wait,18,0.036,0.003,129.565,149.197998046875,101376,0,0,0
6,rank6,10,kernel_total,1,69.004,69.004,127.332,196.33599853515625,0,0,0,0
6,rank6,10,pack_total,1,23.143,23.143,127.426,150.56900024414062,0,0,0,0
6,rank6,10,pack_input_wait,19,0.427,0.023,127.732,148.75900268554688,194560,0,0,0
6,rank6,10,pack_quantize,19,5.842,0.333,127.827,149.177001953125,97280,209,0,0
6,rank6,10,pack_tx_publish,19,3.233,0.219,129.23,150.23800659179688,0,19,19,1216
6,rank6,10,receive_total,1,45.385,45.385,150.777,196.1619873046875,0,0,0,0
6,rank6,10,rx_flag_poll_wait,3,31.191,29.907,151.205,191.47601318359375,25,68,50,748
6,rank6,10,rx_unpack_wait,18,3.989,0.422,181.404,195.00299072265625,95040,0,0,0
6,rank6,10,rx_unpack_dequant_clear,21,1.773,0.169,181.837,195.38299560546875,92160,198,0,0
6,rank6,10,rx_output,3,1.023,0.349,185.255,195.81100463867188,30720,2,2,0
6,rank6,10,start_gate,1,124.895,124.895,2.335,127.23001098632812,0,0,0,0
6,rank6,10,pack_tx_data_submit,19,0.393,0.021,128.252,149.322998046875,107008,0,0,0
6,rank6,10,pack_first_tx_ready,1,2.128,2.128,127.439,129.56698608398438,182,0,0,0
6,rank6,10,pack_mte3_exposed_wait,19,0.035,0.003,129.144,149.91299438476562,107008,0,0,0
6,rank6,11,kernel_total,1,66.424,66.424,127.758,194.1820068359375,0,0,0,0
6,rank6,11,pack_total,1,21.829,21.829,127.852,149.68099975585938,0,0,0,0
6,rank6,11,pack_input_wait,18,0.403,0.023,128.159,147.83599853515625,184320,0,0,0
6,rank6,11,pack_quantize,18,5.525,0.337,128.254,148.23300170898438,92160,198,0,0
6,rank6,11,pack_tx_publish,18,2.972,0.231,129.666,149.35800170898438,0,18,18,1152
6,rank6,11,receive_total,1,44.118,44.118,149.889,194.00698852539062,0,0,0,0
6,rank6,11,rx_flag_poll_wait,3,29.958,24.224,150.305,189.1300048828125,24,66,48,726
6,rank6,11,rx_unpack_wait,18,3.911,0.396,174.828,192.74301147460938,95040,0,0,0
6,rank6,11,rx_unpack_dequant_clear,21,1.764,0.169,175.291,193.12399291992188,92160,198,0,0
6,rank6,11,rx_output,3,1.039,0.356,178.437,193.54901123046875,30720,2,1,0
6,rank6,11,start_gate,1,125.288,125.288,2.368,127.656005859375,0,0,0,0
6,rank6,11,pack_tx_data_submit,18,0.372,0.021,128.684,148.38299560546875,101376,0,0,0
6,rank6,11,pack_first_tx_ready,1,2.123,2.123,127.865,129.98800659179688,201,0,0,0
6,rank6,11,pack_mte3_exposed_wait,18,0.035,0.003,129.574,149.00799560546875,101376,0,0,0
6,rank6,12,kernel_total,1,69.759,69.759,127.882,197.6409912109375,0,0,0,0
6,rank6,12,pack_total,1,22.27,22.27,127.977,150.24700927734375,0,0,0,0
6,rank6,12,pack_input_wait,18,0.406,0.023,128.283,148.23699951171875,184320,0,0,0
6,rank6,12,pack_quantize,18,5.501,0.324,128.382,148.64801025390625,92160,198,0,0
6,rank6,12,pack_tx_publish,18,3.288,0.237,129.751,149.82998657226562,0,18,18,1152
6,rank6,12,receive_total,1,46.988,46.988,150.484,197.47198486328125,0,0,0,0
6,rank6,12,rx_flag_poll_wait,3,33.112,28.941,150.908,192.97299194335938,26,73,55,803
6,rank6,12,rx_unpack_wait,18,3.567,0.44,180.139,196.20199584960938,95040,0,0,0
6,rank6,12,rx_unpack_dequant_clear,21,1.785,0.177,180.571,196.5830078125,92160,198,0,0
6,rank6,12,rx_output,3,1.018,0.343,183.742,197.010009765625,30720,2,1,0
6,rank6,12,start_gate,1,124.759,124.759,3.021,127.77999877929688,0,0,0,0
6,rank6,12,pack_tx_data_submit,18,0.372,0.021,128.796,148.79800415039062,101376,0,0,0
6,rank6,12,pack_first_tx_ready,1,2.114,2.114,127.989,130.10299682617188,219,0,0,0
6,rank6,12,pack_mte3_exposed_wait,18,0.036,0.004,129.663,149.4169921875,101376,0,0,0
6,rank6,13,kernel_total,1,73.21,73.21,127.479,200.68899536132812,0,0,0,0
6,rank6,13,pack_total,1,23.405,23.405,127.574,150.97900390625,0,0,0,0
6,rank6,13,pack_input_wait,19,0.426,0.023,127.88,149.08999633789062,194560,0,0,0
6,rank6,13,pack_quantize,19,5.868,0.327,127.98,149.51699829101562,97280,209,0,0
6,rank6,13,pack_tx_publish,19,3.427,0.25,129.364,150.65701293945312,0,19,19,1216
6,rank6,13,receive_total,1,49.351,49.351,151.17,200.52099609375,0,0,0,0
6,rank6,13,rx_flag_poll_wait,3,35.843,23.562,151.567,195.97500610351562,27,79,61,869
6,rank6,13,rx_unpack_wait,18,3.353,0.365,175.424,199.36398315429688,95040,0,0,0
6,rank6,13,rx_unpack_dequant_clear,21,1.764,0.174,175.794,199.74398803710938,92160,198,0,0
6,rank6,13,rx_output,3,0.999,0.336,178.941,200.1610107421875,30720,2,1,0
6,rank6,13,start_gate,1,125.888,125.888,1.49,127.37799072265625,0,0,0,0
6,rank6,13,pack_tx_data_submit,19,0.391,0.021,128.396,149.67098999023438,107008,0,0,0
6,rank6,13,pack_first_tx_ready,1,2.12,2.12,127.586,129.70599365234375,237,0,0,0
6,rank6,13,pack_mte3_exposed_wait,19,0.037,0.003,129.276,150.19198608398438,107008,0,0,0
6,rank6,14,kernel_total,1,70.133,70.133,127.61,197.74301147460938,0,0,0,0
6,rank6,14,pack_total,1,22.124,22.124,127.705,149.82901000976562,0,0,0,0
6,rank6,14,pack_input_wait,18,0.404,0.023,128.011,147.97799682617188,184320,0,0,0
6,rank6,14,pack_quantize,18,5.494,0.325,128.106,148.38400268554688,92160,198,0,0
6,rank6,14,pack_tx_publish,18,3.342,0.233,129.501,149.49600219726562,0,18,18,1152
6,rank6,14,receive_total,1,47.495,47.495,150.059,197.55398559570312,0,0,0,0
6,rank6,14,rx_flag_poll_wait,3,33.381,27.679,150.472,192.885986328125,26,74,56,814
6,rank6,14,rx_unpack_wait,18,3.84,0.384,178.438,196.28399658203125,95040,0,0,0
6,rank6,14,rx_unpack_dequant_clear,21,1.777,0.179,178.878,196.66500854492188,92160,198,0,0
6,rank6,14,rx_output,3,1.013,0.341,182.096,197.0880126953125,30720,2,1,0
6,rank6,14,start_gate,1,124.381,124.381,3.128,127.50900268554688,0,0,0,0
6,rank6,14,pack_tx_data_submit,18,0.369,0.021,128.523,148.53399658203125,101376,0,0,0
6,rank6,14,pack_first_tx_ready,1,2.137,2.137,127.718,129.85501098632812,256,0,0,0
6,rank6,14,pack_mte3_exposed_wait,18,0.037,0.004,129.414,149.052001953125,101376,0,0,0
6,rank6,15,kernel_total,1,75.626,75.626,127.422,203.04800415039062,0,0,0,0
6,rank6,15,pack_total,1,22.051,22.051,127.517,149.5679931640625,0,0,0,0
6,rank6,15,pack_input_wait,18,0.404,0.023,127.82,147.73699951171875,184320,0,0,0
6,rank6,15,pack_quantize,18,5.49,0.342,127.914,148.13198852539062,92160,198,0,0
6,rank6,15,pack_tx_publish,18,3.281,0.238,129.317,149.25198364257812,0,18,18,1152
6,rank6,15,receive_total,1,53.076,53.076,149.786,202.86199951171875,0,0,0,0
6,rank6,15,rx_flag_poll_wait,3,39.126,23.57,150.179,198.2349853515625,42,86,68,946
6,rank6,15,rx_unpack_wait,18,3.765,0.364,174.037,201.69198608398438,95040,0,0,0
6,rank6,15,rx_unpack_dequant_clear,21,1.771,0.18,174.454,202.072998046875,92160,198,0,0
6,rank6,15,rx_output,3,1.037,0.351,177.683,202.50198364257812,30720,0,0,0
6,rank6,15,start_gate,1,124.168,124.168,3.153,127.32098388671875,0,0,0,0
6,rank6,15,pack_tx_data_submit,18,0.371,0.021,128.348,148.28298950195312,101376,0,0,0
6,rank6,15,pack_first_tx_ready,1,2.139,2.139,127.529,129.66799926757812,274,0,0,0
6,rank6,15,pack_mte3_exposed_wait,18,0.033,0.003,129.235,148.7969970703125,101376,0,0,0
6,rank6,16,kernel_total,1,69.406,69.406,127.859,197.26498413085938,0,0,0,0
6,rank6,16,pack_total,1,22.079,22.079,127.955,150.03399658203125,0,0,0,0
6,rank6,16,pack_input_wait,18,0.407,0.023,128.261,148.14498901367188,184320,0,0,0
6,rank6,16,pack_quantize,18,5.478,0.331,128.355,148.53900146484375,92160,198,0,0
6,rank6,16,pack_tx_publish,18,3.281,0.232,129.753,149.6829833984375,0,18,18,1152
6,rank6,16,receive_total,1,46.828,46.828,150.268,197.09600830078125,0,0,0,0
6,rank6,16,rx_flag_poll_wait,3,32.954,30.536,150.67,192.468994140625,31,73,55,803
6,rank6,16,rx_unpack_wait,18,3.608,0.374,181.496,195.82598876953125,95040,0,0,0
6,rank6,16,rx_unpack_dequant_clear,21,1.777,0.168,181.922,196.20498657226562,92160,198,0,0
6,rank6,16,rx_output,3,1.024,0.343,185.059,196.63198852539062,30720,3,2,0
6,rank6,16,start_gate,1,125.485,125.485,2.273,127.75799560546875,0,0,0,0
6,rank6,16,pack_tx_data_submit,18,0.368,0.021,128.778,148.68798828125,101376,0,0,0
6,rank6,16,pack_first_tx_ready,1,2.136,2.136,127.967,130.10299682617188,292,0,0,0
6,rank6,16,pack_mte3_exposed_wait,18,0.034,0.003,129.665,149.2030029296875,101376,0,0,0
6,rank6,17,kernel_total,1,69.943,69.943,127.411,197.35400390625,0,0,0,0
6,rank6,17,pack_total,1,23.211,23.211,127.506,150.71701049804688,0,0,0,0
6,rank6,17,pack_input_wait,19,0.429,0.023,127.893,148.90399169921875,194560,0,0,0
6,rank6,17,pack_quantize,19,5.771,0.326,127.992,149.30599975585938,97280,209,0,0
6,rank6,17,pack_tx_publish,19,3.239,0.228,129.371,150.39999389648438,0,19,19,1216
6,rank6,17,receive_total,1,46.262,46.262,150.923,197.18499755859375,0,0,0,0
6,rank6,17,rx_flag_poll_wait,3,32.216,20.379,151.325,192.44000244140625,29,68,50,748
6,rank6,17,rx_unpack_wait,18,3.713,0.43,172.008,195.88800048828125,95040,0,0,0
6,rank6,17,rx_unpack_dequant_clear,21,1.769,0.169,172.595,196.26699829101562,92160,198,0,0
6,rank6,17,rx_output,3,1.0,0.335,175.718,196.68600463867188,30720,3,2,0
6,rank6,17,start_gate,1,125.051,125.051,2.258,127.30899047851562,0,0,0,0
6,rank6,17,pack_tx_data_submit,19,0.392,0.021,128.41,149.45098876953125,107008,0,0,0
6,rank6,17,pack_first_tx_ready,1,2.201,2.201,127.518,129.718994140625,310,0,0,0
6,rank6,17,pack_mte3_exposed_wait,19,0.038,0.004,129.289,150.04998779296875,107008,0,0,0
6,rank6,18,kernel_total,1,74.47,74.47,127.921,202.3909912109375,0,0,0,0
6,rank6,18,pack_total,1,22.095,22.095,128.016,150.11099243164062,0,0,0,0
6,rank6,18,pack_input_wait,18,0.404,0.023,128.325,148.21701049804688,184320,0,0,0
6,rank6,18,pack_quantize,18,5.475,0.342,128.419,148.61801147460938,92160,198,0,0
6,rank6,18,pack_tx_publish,18,3.215,0.231,129.833,149.72500610351562,0,18,18,1152
6,rank6,18,receive_total,1,51.861,51.861,150.349,202.20999145507812,0,0,0,0
6,rank6,18,rx_flag_poll_wait,3,38.078,35.333,150.759,197.64401245117188,28,88,70,968
6,rank6,18,rx_unpack_wait,18,3.637,0.488,186.371,201.0469970703125,95040,0,0,0
6,rank6,18,rx_unpack_dequant_clear,21,1.774,0.177,186.931,201.427001953125,92160,198,0,0
6,rank6,18,rx_output,3,1.009,0.339,190.115,201.8489990234375,30720,2,2,0
6,rank6,18,start_gate,1,125.522,125.522,2.297,127.81900024414062,0,0,0,0
6,rank6,18,pack_tx_data_submit,18,0.37,0.021,128.853,148.76800537109375,101376,0,0,0
6,rank6,18,pack_first_tx_ready,1,2.153,2.153,128.029,130.1820068359375,329,0,0,0
6,rank6,18,pack_mte3_exposed_wait,18,0.033,0.003,129.746,149.38400268554688,101376,0,0,0
6,rank6,19,kernel_total,1,66.669,66.669,127.282,193.95098876953125,0,0,0,0
6,rank6,19,pack_total,1,22.121,22.121,127.376,149.49700927734375,0,0,0,0
6,rank6,19,pack_input_wait,18,0.403,0.023,127.682,147.54800415039062,184320,0,0,0
6,rank6,19,pack_quantize,18,5.503,0.33,127.78,147.94900512695312,92160,198,0,0
6,rank6,19,pack_tx_publish,18,3.294,0.238,129.178,149.177001953125,0,18,18,1152
6,rank6,19,receive_total,1,44.059,44.059,149.709,193.76800537109375,0,0,0,0
6,rank6,19,rx_flag_poll_wait,3,29.697,27.872,150.094,188.8280029296875,22,65,47,715
6,rank6,19,rx_unpack_wait,18,4.01,0.456,178.249,192.49798583984375,95040,0,0,0
6,rank6,19,rx_unpack_dequant_clear,21,1.782,0.178,178.712,192.87899780273438,92160,198,0,0
6,rank6,19,rx_output,3,1.028,0.346,181.901,193.30300903320312,30720,0,0,0
6,rank6,19,start_gate,1,125.372,125.372,1.809,127.18099975585938,0,0,0,0
6,rank6,19,pack_tx_data_submit,18,0.371,0.021,128.203,148.0989990234375,101376,0,0,0
6,rank6,19,pack_first_tx_ready,1,2.143,2.143,127.388,129.531005859375,347,0,0,0
6,rank6,19,pack_mte3_exposed_wait,18,0.034,0.003,129.092,148.72000122070312,101376,0,0,0
6,rank6,20,kernel_total,1,78.444,78.444,127.53,205.9739990234375,0,0,0,0
6,rank6,20,pack_total,1,23.522,23.522,127.625,151.14700317382812,0,0,0,0
6,rank6,20,pack_input_wait,19,0.43,0.023,127.931,149.343994140625,194560,0,0,0
6,rank6,20,pack_quantize,19,5.911,0.365,128.032,149.74899291992188,97280,209,0,0
6,rank6,20,pack_tx_publish,19,3.579,0.233,129.44,150.82901000976562,0,19,19,1216
6,rank6,20,receive_total,1,54.466,54.466,151.35,205.81600952148438,0,0,0,0
6,rank6,20,rx_flag_poll_wait,4,36.348,30.293,151.757,201.6610107421875,21,81,57,891
6,rank6,20,rx_unpack_wait,24,4.711,0.399,182.325,204.74700927734375,126720,0,0,0
6,rank6,20,rx_unpack_dequant_clear,28,2.358,0.188,182.884,205.12799072265625,122880,264,0,0
6,rank6,20,rx_output,4,1.384,0.348,186.112,205.5570068359375,40960,2,1,0
6,rank6,20,start_gate,1,125.874,125.874,1.555,127.42898559570312,0,0,0,0
6,rank6,20,pack_tx_data_submit,19,0.391,0.021,128.458,149.89498901367188,107008,0,0,0
6,rank6,20,pack_first_tx_ready,1,2.15,2.15,127.637,129.7869873046875,365,0,0,0
6,rank6,20,pack_mte3_exposed_wait,19,0.038,0.003,129.352,150.3909912109375,107008,0,0,0
6,rank6,21,kernel_total,1,75.387,75.387,127.695,203.08200073242188,0,0,0,0
6,rank6,21,pack_total,1,21.923,21.923,127.79,149.7130126953125,0,0,0,0
6,rank6,21,pack_input_wait,18,0.402,0.023,128.096,147.85299682617188,184320,0,0,0
6,rank6,21,pack_quantize,18,5.667,0.38,128.191,148.24899291992188,92160,198,0,0
6,rank6,21,pack_tx_publish,18,2.889,0.232,129.586,149.3599853515625,0,18,18,1152
6,rank6,21,receive_total,1,53.007,53.007,149.915,202.9219970703125,0,0,0,0
6,rank6,21,rx_flag_poll_wait,3,39.527,37.173,150.335,198.50601196289062,27,90,72,990
6,rank6,21,rx_unpack_wait,18,3.279,0.374,187.783,201.65899658203125,95040,0,0,0
6,rank6,21,rx_unpack_dequant_clear,21,1.758,0.169,188.22,202.04000854492188,92160,198,0,0
6,rank6,21,rx_output,3,1.01,0.338,191.375,202.46200561523438,30720,0,0,0
6,rank6,21,start_gate,1,126.011,126.011,1.583,127.593994140625,0,0,0,0
6,rank6,21,pack_tx_data_submit,18,0.37,0.021,128.619,148.39801025390625,101376,0,0,0
6,rank6,21,pack_first_tx_ready,1,2.105,2.105,127.803,129.90798950195312,384,0,0,0
6,rank6,21,pack_mte3_exposed_wait,18,0.035,0.004,129.504,148.89898681640625,101376,0,0,0
6,rank6,22,kernel_total,1,71.712,71.712,127.449,199.1610107421875,0,0,0,0
6,rank6,22,pack_total,1,21.791,21.791,127.544,149.33499145507812,0,0,0,0
6,rank6,22,pack_input_wait,18,0.405,0.023,127.85,147.64401245117188,184320,0,0,0
6,rank6,22,pack_quantize,18,5.523,0.346,127.945,148.04000854492188,92160,198,0,0
6,rank6,22,pack_tx_publish,18,2.936,0.226,129.344,149.01998901367188,0,18,18,1152
6,rank6,22,receive_total,1,49.447,49.447,149.542,198.98898315429688,0,0,0,0
6,rank6,22,rx_flag_poll_wait,3,35.684,33.28,149.931,194.6669921875,25,81,63,891
6,rank6,22,rx_unpack_wait,18,3.559,0.385,183.503,197.82998657226562,95040,0,0,0
6,rank6,22,rx_unpack_dequant_clear,21,1.767,0.171,184.044,198.20999145507812,92160,198,0,0
6,rank6,22,rx_output,3,1.004,0.336,187.162,198.6300048828125,30720,1,1,0
6,rank6,22,start_gate,1,125.508,125.508,1.84,127.34799194335938,0,0,0,0
6,rank6,22,pack_tx_data_submit,18,0.37,0.021,128.383,148.19000244140625,101376,0,0,0
6,rank6,22,pack_first_tx_ready,1,2.126,2.126,127.557,129.6829833984375,402,0,0,0
6,rank6,22,pack_mte3_exposed_wait,18,0.037,0.004,129.256,148.68600463867188,101376,0,0,0
6,rank6,23,kernel_total,1,71.551,71.551,127.379,198.92999267578125,0,0,0,0
6,rank6,23,pack_total,1,21.745,21.745,127.474,149.218994140625,0,0,0,0
6,rank6,23,pack_input_wait,18,0.406,0.023,127.779,147.5159912109375,184320,0,0,0
6,rank6,23,pack_quantize,18,5.516,0.328,127.874,147.92599487304688,92160,198,0,0
6,rank6,23,pack_tx_publish,18,2.928,0.226,129.259,148.90200805664062,0,18,18,1152
6,rank6,23,receive_total,1,49.319,49.319,149.427,198.74600219726562,0,0,0,0
6,rank6,23,rx_flag_poll_wait,3,35.465,33.64,149.818,194.14300537109375,26,82,64,902
6,rank6,23,rx_unpack_wait,18,3.622,0.39,183.733,197.4739990234375,95040,0,0,0
6,rank6,23,rx_unpack_dequant_clear,21,1.782,0.176,184.176,197.85501098632812,92160,198,0,0
6,rank6,23,rx_output,3,1.027,0.349,187.334,198.28201293945312,30720,2,1,0
6,rank6,23,start_gate,1,125.721,125.721,1.557,127.27798461914062,0,0,0,0
6,rank6,23,pack_tx_data_submit,18,0.371,0.021,128.294,148.07598876953125,101376,0,0,0
6,rank6,23,pack_first_tx_ready,1,2.12,2.12,127.486,129.60598754882812,420,0,0,0
6,rank6,23,pack_mte3_exposed_wait,18,0.033,0.003,129.171,148.5679931640625,101376,0,0,0
6,rank6,24,kernel_total,1,68.87,68.87,127.549,196.41900634765625,0,0,0,0
6,rank6,24,pack_total,1,23.201,23.201,127.644,150.84500122070312,0,0,0,0
6,rank6,24,pack_input_wait,19,0.424,0.023,127.951,149.00399780273438,194560,0,0,0
6,rank6,24,pack_quantize,19,5.863,0.333,128.045,149.42098999023438,97280,209,0,0
6,rank6,24,pack_tx_publish,19,3.347,0.232,129.437,150.52899169921875,0,19,19,1216
6,rank6,24,receive_total,1,45.181,45.181,151.057,196.23800659179688,0,0,0,0
6,rank6,24,rx_flag_poll_wait,3,31.05,26.0,151.44,191.37698364257812,24,68,50,748
6,rank6,24,rx_unpack_wait,18,3.797,0.43,177.729,194.9530029296875,95040,0,0,0
6,rank6,24,rx_unpack_dequant_clear,21,1.773,0.176,178.214,195.333984375,92160,198,0,0
6,rank6,24,rx_output,3,1.043,0.359,181.389,195.77700805664062,30720,2,1,0
6,rank6,24,start_gate,1,124.479,124.479,2.969,127.447998046875,0,0,0,0
6,rank6,24,pack_tx_data_submit,19,0.391,0.021,128.47,149.56698608398438,107008,0,0,0
6,rank6,24,pack_first_tx_ready,1,2.114,2.114,127.657,129.77099609375,438,0,0,0
6,rank6,24,pack_mte3_exposed_wait,19,0.038,0.003,129.35,150.1820068359375,107008,0,0,0
6,rank6,25,kernel_total,1,73.316,73.316,127.957,201.27301025390625,0,0,0,0
6,rank6,25,pack_total,1,22.23,22.23,128.051,150.281005859375,0,0,0,0
6,rank6,25,pack_input_wait,18,0.4,0.023,128.358,148.32098388671875,184320,0,0,0
6,rank6,25,pack_quantize,18,5.527,0.336,128.455,148.7340087890625,92160,198,0,0
6,rank6,25,pack_tx_publish,18,3.151,0.235,129.86,149.86398315429688,0,18,18,1152
6,rank6,25,receive_total,1,50.57,50.57,150.522,201.09201049804688,0,0,0,0
6,rank6,25,rx_flag_poll_wait,3,36.773,28.557,150.945,196.5830078125,27,80,62,880
6,rank6,25,rx_unpack_wait,18,3.6,0.39,179.796,199.92800903320312,95040,0,0,0
6,rank6,25,rx_unpack_dequant_clear,21,1.772,0.177,180.208,200.3079833984375,92160,198,0,0
6,rank6,25,rx_output,3,1.034,0.351,183.487,200.74200439453125,30720,3,2,0
6,rank6,25,start_gate,1,125.254,125.254,2.601,127.85501098632812,0,0,0,0
6,rank6,25,pack_tx_data_submit,18,0.371,0.021,128.884,148.88400268554688,101376,0,0,0
6,rank6,25,pack_first_tx_ready,1,2.149,2.149,128.064,130.2130126953125,457,0,0,0
6,rank6,25,pack_mte3_exposed_wait,18,0.034,0.003,129.768,149.50100708007812,101376,0,0,0
6,rank6,26,kernel_total,1,73.678,73.678,127.637,201.31500244140625,0,0,0,0
6,rank6,26,pack_total,1,22.34,22.34,127.732,150.07199096679688,0,0,0,0
6,rank6,26,pack_input_wait,18,0.4,0.023,128.038,148.11898803710938,184320,0,0,0
6,rank6,26,pack_quantize,18,5.543,0.334,128.133,148.51800537109375,92160,198,0,0
6,rank6,26,pack_tx_publish,18,3.445,0.255,129.53,149.70498657226562,0,18,18,1152
6,rank6,26,receive_total,1,50.814,50.814,150.308,201.12200927734375,0,0,0,0
6,rank6,26,rx_flag_poll_wait,3,36.865,35.138,150.726,196.46798706054688,28,82,64,902
6,rank6,26,rx_unpack_wait,18,3.611,0.406,186.15,199.85501098632812,95040,0,0,0
6,rank6,26,rx_unpack_dequant_clear,21,1.79,0.174,186.628,200.23599243164062,92160,198,0,0
6,rank6,26,rx_output,3,1.032,0.347,189.9,200.6669921875,30720,2,2,0
6,rank6,26,start_gate,1,124.541,124.541,2.995,127.5360107421875,0,0,0,0
6,rank6,26,pack_tx_data_submit,18,0.372,0.021,128.559,148.6669921875,101376,0,0,0
6,rank6,26,pack_first_tx_ready,1,2.135,2.135,127.745,129.8800048828125,475,0,0,0
6,rank6,26,pack_mte3_exposed_wait,18,0.033,0.003,129.439,149.30499267578125,101376,0,0,0
6,rank6,27,kernel_total,1,74.669,74.669,127.354,202.02301025390625,0,0,0,0
6,rank6,27,pack_total,1,23.081,23.081,127.449,150.52999877929688,0,0,0,0
6,rank6,27,pack_input_wait,19,0.423,0.023,127.756,148.73001098632812,194560,0,0,0
6,rank6,27,pack_quantize,19,5.879,0.328,127.85,149.14801025390625,97280,209,0,0
6,rank6,27,pack_tx_publish,19,3.199,0.241,129.238,150.20098876953125,0,19,19,1216
6,rank6,27,receive_total,1,51.096,51.096,150.737,201.8330078125,0,0,0,0
6,rank6,27,rx_flag_poll_wait,3,37.204,34.905,151.095,197.25,33,85,67,935
6,rank6,27,rx_unpack_wait,18,3.751,0.37,186.286,200.66900634765625,95040,0,0,0
6,rank6,27,rx_unpack_dequant_clear,21,1.786,0.175,186.728,201.04901123046875,92160,198,0,0
6,rank6,27,rx_output,3,1.04,0.357,189.883,201.489990234375,30720,0,0,0
6,rank6,27,start_gate,1,125.5,125.5,1.753,127.25299072265625,0,0,0,0
6,rank6,27,pack_tx_data_submit,19,0.39,0.021,128.271,149.29400634765625,107008,0,0,0
6,rank6,27,pack_first_tx_ready,1,2.117,2.117,127.461,129.5780029296875,493,0,0,0
6,rank6,27,pack_mte3_exposed_wait,19,0.03,0.003,129.151,149.82098388671875,107008,0,0,0
6,rank6,28,kernel_total,1,75.055,75.055,127.91,202.96499633789062,0,0,0,0
6,rank6,28,pack_total,1,22.314,22.314,128.004,150.3179931640625,0,0,0,0
6,rank6,28,pack_input_wait,18,0.406,0.023,128.309,148.4840087890625,184320,0,0,0
6,rank6,28,pack_quantize,18,5.71,0.346,128.405,148.88699340820312,92160,198,0,0
6,rank6,28,pack_tx_publish,18,3.173,0.247,129.806,149.94699096679688,0,18,18,1152
6,rank6,28,receive_total,1,52.251,52.251,150.545,202.79598999023438,0,0,0,0
6,rank6,28,rx_flag_poll_wait,3,38.74,36.985,150.977,198.49899291992188,42,87,69,957
6,rank6,28,rx_unpack_wait,18,3.249,0.418,188.259,201.625,95040,0,0,0
6,rank6,28,rx_unpack_dequant_clear,21,1.758,0.164,188.825,202.00399780273438,92160,198,0,0
6,rank6,28,rx_output,3,1.039,0.353,191.951,202.43099975585938,30720,3,2,0
6,rank6,28,start_gate,1,124.756,124.756,3.052,127.8079833984375,0,0,0,0
6,rank6,28,pack_tx_data_submit,18,0.372,0.021,128.837,149.0360107421875,101376,0,0,0
6,rank6,28,pack_first_tx_ready,1,2.134,2.134,128.017,130.1510009765625,512,0,0,0
6,rank6,28,pack_mte3_exposed_wait,18,0.033,0.004,129.719,149.55499267578125,101376,0,0,0
6,rank6,29,kernel_total,1,73.078,73.078,127.814,200.89199829101562,0,0,0,0
6,rank6,29,pack_total,1,22.303,22.303,127.91,150.2130126953125,0,0,0,0
6,rank6,29,pack_input_wait,18,0.404,0.023,128.215,148.34600830078125,184320,0,0,0
6,rank6,29,pack_quantize,18,5.594,0.327,128.314,148.74798583984375,92160,198,0,0
6,rank6,29,pack_tx_publish,18,3.287,0.247,129.72,149.77301025390625,0,18,18,1152
6,rank6,29,receive_total,1,50.27,50.27,150.452,200.72198486328125,0,0,0,0
6,rank6,29,rx_flag_poll_wait,3,36.767,33.567,150.87,196.2139892578125,32,84,66,924
6,rank6,29,rx_unpack_wait,18,3.208,0.362,184.733,199.42800903320312,95040,0,0,0
6,rank6,29,rx_unpack_dequant_clear,21,1.751,0.16,185.167,199.8070068359375,92160,198,0,0
6,rank6,29,rx_output,3,1.033,0.349,188.169,200.2340087890625,30720,0,0,0
6,rank6,29,start_gate,1,124.762,124.762,2.951,127.7130126953125,0,0,0,0
6,rank6,29,pack_tx_data_submit,18,0.368,0.021,128.733,148.89700317382812,101376,0,0,0
6,rank6,29,pack_first_tx_ready,1,2.17,2.17,127.922,130.09201049804688,530,0,0,0
6,rank6,29,pack_mte3_exposed_wait,18,0.037,0.004,129.634,149.39700317382812,101376,0,0,0
6,rank6,30,kernel_total,1,72.622,72.622,127.712,200.333984375,0,0,0,0
6,rank6,30,pack_total,1,21.981,21.981,127.807,149.78799438476562,0,0,0,0
6,rank6,30,pack_input_wait,18,0.406,0.023,128.113,147.96600341796875,184320,0,0,0
6,rank6,30,pack_quantize,18,5.58,0.334,128.211,148.38101196289062,92160,198,0,0
6,rank6,30,pack_tx_publish,18,3.005,0.23,129.612,149.42300415039062,0,18,18,1152
6,rank6,30,receive_total,1,50.132,50.132,150.016,200.14801025390625,0,0,0,0
6,rank6,30,rx_flag_poll_wait,3,36.898,26.053,150.419,195.72900390625,38,85,67,935
6,rank6,30,rx_unpack_wait,18,3.096,0.353,176.763,198.98898315429688,95040,0,0,0
6,rank6,30,rx_unpack_dequant_clear,21,1.758,0.166,177.144,199.3699951171875,92160,198,0,0
6,rank6,30,rx_output,3,1.009,0.34,180.095,199.7860107421875,30720,2,2,0
6,rank6,30,start_gate,1,124.393,124.393,3.218,127.61099243164062,0,0,0,0
6,rank6,30,pack_tx_data_submit,18,0.371,0.021,128.637,148.531005859375,101376,0,0,0
6,rank6,30,pack_first_tx_ready,1,2.138,2.138,127.819,129.95700073242188,548,0,0,0
6,rank6,30,pack_mte3_exposed_wait,18,0.036,0.003,129.521,149.0419921875,101376,0,0,0
6,rank6,31,kernel_total,1,70.494,70.494,127.594,198.0880126953125,0,0,0,0
6,rank6,31,pack_total,1,22.928,22.928,127.689,150.61700439453125,0,0,0,0
6,rank6,31,pack_input_wait,19,0.427,0.023,127.995,148.78500366210938,194560,0,0,0
6,rank6,31,pack_quantize,19,5.846,0.333,128.09,149.1929931640625,97280,209,0,0
6,rank6,31,pack_tx_publish,19,3.099,0.213,129.495,150.2869873046875,0,19,19,1216
6,rank6,31,receive_total,1,47.086,47.086,150.82,197.906005859375,0,0,0,0
6,rank6,31,rx_flag_poll_wait,3,33.048,27.817,151.236,193.15298461914062,30,74,56,814
6,rank6,31,rx_unpack_wait,18,3.685,0.429,179.342,196.62100219726562,95040,0,0,0
6,rank6,31,rx_unpack_dequant_clear,21,1.782,0.17,179.728,197.00100708007812,92160,198,0,0
6,rank6,31,rx_output,3,1.031,0.346,183.004,197.42999267578125,30720,0,0,0
6,rank6,31,start_gate,1,124.157,124.157,3.336,127.49301147460938,0,0,0,0
6,rank6,31,pack_tx_data_submit,19,0.391,0.021,128.514,149.3389892578125,107008,0,0,0
6,rank6,31,pack_first_tx_ready,1,2.128,2.128,127.701,129.82901000976562,566,0,0,0
6,rank6,31,pack_mte3_exposed_wait,19,0.036,0.003,129.41,149.93600463867188,107008,0,0,0
6,rank6,32,kernel_total,1,73.318,73.318,127.313,200.63101196289062,0,0,0,0
6,rank6,32,pack_total,1,20.819,20.819,127.408,148.22698974609375,0,0,0,0
6,rank6,32,pack_input_wait,18,0.404,0.023,127.782,146.5260009765625,184320,0,0,0
6,rank6,32,pack_quantize,18,5.545,0.328,127.881,146.92498779296875,92160,198,0,0
6,rank6,32,pack_tx_publish,18,1.941,0.11,129.275,147.91400146484375,0,18,18,1152
6,rank6,32,receive_total,1,52.024,52.024,148.425,200.44900512695312,0,0,0,0
6,rank6,32,rx_flag_poll_wait,3,38.112,33.612,148.795,195.82199096679688,31,85,67,935
6,rank6,32,rx_unpack_wait,18,3.719,0.335,182.707,199.27798461914062,95040,0,0,0
6,rank6,32,rx_unpack_dequant_clear,21,1.755,0.163,183.106,199.65798950195312,92160,198,0,0
6,rank6,32,rx_output,3,1.027,0.349,186.437,200.07901000976562,30720,2,2,0
6,rank6,32,start_gate,1,127.097,127.097,0.114,127.21099853515625,0,0,0,0
6,rank6,32,pack_tx_data_submit,18,0.372,0.021,128.301,147.07501220703125,101376,0,0,0
6,rank6,32,pack_first_tx_ready,1,2.082,2.082,127.421,129.50299072265625,585,0,0,0
6,rank6,32,pack_mte3_exposed_wait,18,0.034,0.003,129.187,147.56900024414062,101376,0,0,0
6,rank6,33,kernel_total,1,74.066,74.066,127.17,201.23599243164062,0,0,0,0
6,rank6,33,pack_total,1,20.687,20.687,127.265,147.95199584960938,0,0,0,0
6,rank6,33,pack_input_wait,18,0.404,0.023,127.572,146.23898315429688,184320,0,0,0
6,rank6,33,pack_quantize,18,5.536,0.348,127.666,146.65200805664062,92160,198,0,0
6,rank6,33,pack_tx_publish,18,1.906,0.109,129.068,147.63400268554688,0,18,18,1152
6,rank6,33,receive_total,1,52.879,52.879,148.152,201.031005859375,0,0,0,0
6,rank6,33,rx_flag_poll_wait,3,39.008,32.789,148.522,196.36199951171875,24,90,72,990
6,rank6,33,rx_unpack_wait,18,3.697,0.42,181.607,199.85400390625,95040,0,0,0
6,rank6,33,rx_unpack_dequant_clear,21,1.762,0.161,182.03,200.2340087890625,92160,198,0,0
6,rank6,33,rx_output,3,1.035,0.349,185.133,200.6619873046875,30720,2,1,0
6,rank6,33,start_gate,1,125.142,125.142,1.927,127.06900024414062,0,0,0,0
6,rank6,33,pack_tx_data_submit,18,0.371,0.021,128.107,146.80300903320312,101376,0,0,0
6,rank6,33,pack_first_tx_ready,1,2.017,2.017,127.278,129.29498291015625,603,0,0,0
6,rank6,33,pack_mte3_exposed_wait,18,0.035,0.003,128.98,147.2919921875,101376,0,0,0
6,rank6,34,kernel_total,1,73.1,73.1,126.987,200.08700561523438,0,0,0,0
6,rank6,34,pack_total,1,22.02,22.02,127.081,149.10101318359375,0,0,0,0
6,rank6,34,pack_input_wait,19,0.424,0.023,127.387,147.40298461914062,194560,0,0,0
6,rank6,34,pack_quantize,19,5.818,0.331,127.482,147.80899047851562,97280,209,0,0
6,rank6,34,pack_tx_publish,19,2.174,0.118,128.88,148.78500366210938,0,19,19,1216
6,rank6,34,receive_total,1,50.62,50.62,149.297,199.9169921875,0,0,0,0
6,rank6,34,rx_flag_poll_wait,3,36.703,33.919,149.683,195.35800170898438,23,84,66,924
6,rank6,34,rx_unpack_wait,18,3.667,0.425,183.908,198.72601318359375,95040,0,0,0
6,rank6,34,rx_unpack_dequant_clear,21,1.766,0.156,184.346,199.10598754882812,92160,198,0,0
6,rank6,34,rx_output,3,1.054,0.356,187.447,199.54098510742188,30720,2,1,0
6,rank6,34,start_gate,1,125.106,125.106,1.779,126.885009765625,0,0,0,0
6,rank6,34,pack_tx_data_submit,19,0.388,0.021,127.905,147.95498657226562,107008,0,0,0
6,rank6,34,pack_first_tx_ready,1,2.022,2.022,127.094,129.11599731445312,621,0,0,0
6,rank6,34,pack_mte3_exposed_wait,19,0.037,0.003,128.789,148.4429931640625,107008,0,0,0
6,rank6,35,kernel_total,1,73.567,73.567,127.416,200.98300170898438,0,0,0,0
6,rank6,35,pack_total,1,20.813,20.813,127.51,148.322998046875,0,0,0,0
6,rank6,35,pack_input_wait,18,0.404,0.023,127.816,146.5830078125,184320,0,0,0
6,rank6,35,pack_quantize,18,5.558,0.332,127.911,146.98898315429688,92160,198,0,0
6,rank6,35,pack_tx_publish,18,1.971,0.124,129.311,148.00799560546875,0,18,18,1152
6,rank6,35,receive_total,1,52.298,52.298,148.519,200.81698608398438,0,0,0,0
6,rank6,35,rx_flag_poll_wait,3,38.611,36.355,148.906,196.37399291992188,27,89,71,979
6,rank6,35,rx_unpack_wait,18,3.494,0.443,185.58,199.63198852539062,95040,0,0,0
6,rank6,35,rx_unpack_dequant_clear,21,1.76,0.157,186.094,200.01199340820312,92160,198,0,0
6,rank6,35,rx_output,3,1.041,0.352,189.171,200.43499755859375,30720,0,0,0
6,rank6,35,start_gate,1,125.22,125.22,2.094,127.31399536132812,0,0,0,0
6,rank6,35,pack_tx_data_submit,18,0.372,0.021,128.335,147.13800048828125,101376,0,0,0
6,rank6,35,pack_first_tx_ready,1,2.014,2.014,127.523,129.5369873046875,640,0,0,0
6,rank6,35,pack_mte3_exposed_wait,18,0.031,0.003,129.22,147.64498901367188,101376,0,0,0
6,rank6,36,kernel_total,1,75.144,75.144,127.381,202.52499389648438,0,0,0,0
6,rank6,36,pack_total,1,21.047,21.047,127.476,148.52301025390625,0,0,0,0
6,rank6,36,pack_input_wait,18,0.404,0.023,127.784,146.7969970703125,184320,0,0,0
6,rank6,36,pack_quantize,18,5.524,0.329,127.878,147.19598388671875,92160,198,0,0
6,rank6,36,pack_tx_publish,18,2.133,0.121,129.358,148.20999145507812,0,18,18,1152
6,rank6,36,receive_total,1,53.614,53.614,148.725,202.3389892578125,0,0,0,0
6,rank6,36,rx_flag_poll_wait,3,39.697,36.845,149.104,197.81698608398438,25,91,73,1001
6,rank6,36,rx_unpack_wait,18,3.787,0.379,186.241,201.177001953125,95040,0,0,0
6,rank6,36,rx_unpack_dequant_clear,21,1.772,0.17,186.692,201.5570068359375,92160,198,0,0
6,rank6,36,rx_output,3,0.999,0.336,189.864,201.97698974609375,30720,2,2,0
6,rank6,36,start_gate,1,126.223,126.223,1.057,127.27999877929688,0,0,0,0
6,rank6,36,pack_tx_data_submit,18,0.372,0.021,128.296,147.34600830078125,101376,0,0,0
6,rank6,36,pack_first_tx_ready,1,2.116,2.116,127.489,129.60501098632812,658,0,0,0
6,rank6,36,pack_mte3_exposed_wait,18,0.035,0.003,129.276,147.84600830078125,101376,0,0,0
6,rank6,37,kernel_total,1,74.538,74.538,127.453,201.99099731445312,0,0,0,0
6,rank6,37,pack_total,1,21.031,21.031,127.548,148.57901000976562,0,0,0,0
6,rank6,37,pack_input_wait,18,0.407,0.023,127.854,146.85400390625,184320,0,0,0
6,rank6,37,pack_quantize,18,5.648,0.354,127.949,147.26800537109375,92160,198,0,0
6,rank6,37,pack_tx_publish,18,2.091,0.12,129.403,148.260009765625,0,18,18,1152
6,rank6,37,receive_total,1,53.032,53.032,148.777,201.80899047851562,0,0,0,0
6,rank6,37,rx_flag_poll_wait,3,39.364,38.002,149.143,197.25900268554688,35,89,71,979
6,rank6,37,rx_unpack_wait,18,3.572,0.379,187.44,200.65200805664062,95040,0,0,0
6,rank6,37,rx_unpack_dequant_clear,21,1.766,0.167,187.891,201.03201293945312,92160,198,0,0
6,rank6,37,rx_output,3,1.011,0.34,191.194,201.45401000976562,30720,2,1,0
6,rank6,37,start_gate,1,125.86,125.86,1.491,127.35101318359375,0,0,0,0
6,rank6,37,pack_tx_data_submit,18,0.37,0.021,128.372,147.41799926757812,101376,0,0,0
6,rank6,37,pack_first_tx_ready,1,2.083,2.083,127.561,129.64401245117188,676,0,0,0
6,rank6,37,pack_mte3_exposed_wait,18,0.033,0.003,129.315,147.91500854492188,101376,0,0,0
6,rank6,38,kernel_total,1,72.236,72.236,127.151,199.38699340820312,0,0,0,0
6,rank6,38,pack_total,1,22.23,22.23,127.245,149.47500610351562,0,0,0,0
6,rank6,38,pack_input_wait,19,0.424,0.023,127.551,147.75799560546875,194560,0,0,0
6,rank6,38,pack_quantize,19,6.002,0.369,127.645,148.16598510742188,97280,209,0,0
6,rank6,38,pack_tx_publish,19,2.24,0.126,129.078,149.15899658203125,0,19,19,1216
6,rank6,38,receive_total,1,49.541,49.541,149.677,199.21798706054688,0,0,0,0
6,rank6,38,rx_flag_poll_wait,3,36.08,27.635,150.072,194.62298583984375,23,81,63,891
6,rank6,38,rx_unpack_wait,18,3.293,0.488,178.002,198.04800415039062,95040,0,0,0
6,rank6,38,rx_unpack_dequant_clear,21,1.755,0.159,178.404,198.42898559570312,92160,198,0,0
6,rank6,38,rx_output,3,1.035,0.35,181.361,198.85598754882812,30720,1,1,0
6,rank6,38,start_gate,1,125.053,125.053,1.996,127.04901123046875,0,0,0,0
6,rank6,38,pack_tx_data_submit,19,0.392,0.021,128.106,148.31201171875,107008,0,0,0
6,rank6,38,pack_first_tx_ready,1,2.062,2.062,127.258,129.32000732421875,694,0,0,0
6,rank6,38,pack_mte3_exposed_wait,19,0.031,0.003,128.99,148.81100463867188,107008,0,0,0
6,rank6,39,kernel_total,1,73.73,73.73,127.128,200.85800170898438,0,0,0,0
6,rank6,39,pack_total,1,21.144,21.144,127.222,148.36599731445312,0,0,0,0
6,rank6,39,pack_input_wait,18,0.405,0.023,127.528,146.59100341796875,184320,0,0,0
6,rank6,39,pack_quantize,18,5.584,0.327,127.627,146.98800659179688,92160,198,0,0
6,rank6,39,pack_tx_publish,18,2.216,0.127,129.016,148.0360107421875,0,18,18,1152
6,rank6,39,receive_total,1,52.105,52.105,148.58,200.68499755859375,0,0,0,0
6,rank6,39,rx_flag_poll_wait,3,38.504,32.121,148.964,196.27899169921875,39,84,66,924
6,rank6,39,rx_unpack_wait,18,3.403,0.406,181.377,199.50799560546875,95040,0,0,0
6,rank6,39,rx_unpack_dequant_clear,21,1.761,0.161,181.855,199.88900756835938,92160,198,0,0
6,rank6,39,rx_output,3,1.042,0.351,185.041,200.31500244140625,30720,2,1,0
6,rank6,39,start_gate,1,124.908,124.908,2.118,127.0260009765625,0,0,0,0
6,rank6,39,pack_tx_data_submit,18,0.367,0.021,128.047,147.13800048828125,101376,0,0,0
6,rank6,39,pack_first_tx_ready,1,2.019,2.019,127.235,129.25399780273438,713,0,0,0
6,rank6,39,pack_mte3_exposed_wait,18,0.036,0.003,128.934,147.64801025390625,101376,0,0,0
6,rank6,40,kernel_total,1,70.91,70.91,127.613,198.52301025390625,0,0,0,0
6,rank6,40,pack_total,1,21.191,21.191,127.708,148.89898681640625,0,0,0,0
6,rank6,40,pack_input_wait,18,0.405,0.023,128.012,147.16400146484375,184320,0,0,0
6,rank6,40,pack_quantize,18,5.527,0.324,128.112,147.56201171875,92160,198,0,0
6,rank6,40,pack_tx_publish,18,2.351,0.133,129.517,148.58099365234375,0,18,18,1152
6,rank6,40,receive_total,1,49.22,49.22,149.109,198.32901000976562,0,0,0,0
6,rank6,40,rx_flag_poll_wait,3,35.463,14.863,149.465,193.77999877929688,26,77,59,847
6,rank6,40,rx_unpack_wait,18,3.696,0.42,159.514,197.17498779296875,95040,0,0,0
6,rank6,40,rx_unpack_dequant_clear,21,1.76,0.166,159.919,197.55599975585938,92160,198,0,0
6,rank6,40,rx_output,3,1.026,0.346,163.053,197.97601318359375,30720,1,1,0
6,rank6,40,start_gate,1,126.603,126.603,0.91,127.51300048828125,0,0,0,0
6,rank6,40,pack_tx_data_submit,18,0.369,0.021,128.529,147.71200561523438,101376,0,0,0
6,rank6,40,pack_first_tx_ready,1,2.104,2.104,127.72,129.82400512695312,731,0,0,0
6,rank6,40,pack_mte3_exposed_wait,18,0.031,0.003,129.43,148.22698974609375,101376,0,0,0
6,rank6,41,kernel_total,1,73.686,73.686,127.518,201.20401000976562,0,0,0,0
6,rank6,41,pack_total,1,22.186,22.186,127.612,149.79800415039062,0,0,0,0
6,rank6,41,pack_input_wait,19,0.426,0.023,127.917,147.99099731445312,194560,0,0,0
6,rank6,41,pack_quantize,19,5.881,0.339,128.015,148.40899658203125,97280,209,0,0
6,rank6,41,pack_tx_publish,19,2.239,0.143,129.429,149.47799682617188,0,19,19,1216
6,rank6,41,receive_total,1,50.996,50.996,150.01,201.00601196289062,0,0,0,0
6,rank6,41,rx_flag_poll_wait,4,32.544,14.477,150.37,196.49600219726562,24,70,46,770
6,rank6,41,rx_unpack_wait,24,5.2,0.535,160.606,199.91500854492188,126720,0,0,0
6,rank6,41,rx_unpack_dequant_clear,28,2.323,0.175,161.05,200.29498291015625,122880,264,0,0
6,rank6,41,rx_output,4,1.365,0.35,164.137,200.70999145507812,40960,1,1,0
6,rank6,41,start_gate,1,127.262,127.262,0.155,127.4169921875,0,0,0,0
6,rank6,41,pack_tx_data_submit,19,0.395,0.021,128.446,148.55499267578125,107008,0,0,0
6,rank6,41,pack_first_tx_ready,1,2.109,2.109,127.625,129.7340087890625,749,0,0,0
6,rank6,41,pack_mte3_exposed_wait,19,0.037,0.003,129.343,149.0880126953125,107008,0,0,0
6,rank6,42,kernel_total,1,94.186,94.186,127.333,221.51901245117188,0,0,0,0
6,rank6,42,send_total,1,78.539,78.539,131.424,209.9630126953125,0,0,0,0
6,rank6,42,tx_meta_scan,35,5.884,0.259,133.304,190.78900146484375,0,6,29,0
6,rank6,42,tx_ready_poll,44,0.086,0.003,132.943,190.52499389648438,9,35,0,0
6,rank6,42,self_copy,6,5.346,1.027,139.598,190.30899047851562,33792,0,0,0
6,rank6,42,udma_post,29,31.282,1.764,133.729,191.90298461914062,163328,29,1,0
6,rank6,42,udma_quiet,7,14.359,3.801,193.798,209.68701171875,7,0,0,0
6,rank6,42,local_rx_wait,1,4.192,4.192,210.024,214.21600341796875,42,0,0,0
6,rank6,42,round_publish,1,6.942,6.942,214.392,221.333984375,1,64,1,1
6,rank6,42,global_round_wait,1,3.887,3.887,127.426,131.31298828125,1,127,0,0
6,rank6,42,start_gate,1,125.0,125.0,2.235,127.2349853515625,1,64,1,1
6,rank6,43,kernel_total,1,91.721,91.721,127.86,219.58099365234375,0,0,0,0
6,rank6,43,send_total,1,79.003,79.003,131.122,210.125,0,0,0,0
6,rank6,43,tx_meta_scan,35,5.884,0.328,132.894,190.42898559570312,0,4,31,0
6,rank6,43,tx_ready_poll,44,0.104,0.003,132.647,190.04598999023438,9,35,0,0
6,rank6,43,self_copy,4,3.431,0.912,138.848,173.65701293945312,22528,0,0,0
6,rank6,43,udma_post,31,31.691,1.937,133.27,191.43499755859375,174592,31,1,0
6,rank6,43,udma_quiet,7,15.018,3.822,193.326,209.86199951171875,7,0,0,0
6,rank6,43,local_rx_wait,1,0.441,0.441,210.273,210.7139892578125,0,0,0,0
6,rank6,43,round_publish,1,4.357,4.357,214.944,219.30099487304688,1,64,1,1
6,rank6,43,global_round_wait,1,3.056,3.056,127.954,131.010009765625,1,127,0,0
6,rank6,43,start_gate,1,125.582,125.582,2.179,127.760986328125,1,64,1,1
6,rank6,44,kernel_total,1,93.077,93.077,127.591,220.66799926757812,0,0,0,0
6,rank6,44,send_total,1,76.177,76.177,131.396,207.572998046875,0,0,0,0
6,rank6,44,tx_meta_scan,35,5.621,0.187,133.234,188.2239990234375,0,5,30,0
6,rank6,44,tx_ready_poll,42,0.095,0.003,132.919,187.82998657226562,7,35,0,0
6,rank6,44,self_copy,5,3.963,0.877,155.239,189.22000122070312,28160,0,0,0
6,rank6,44,udma_post,30,30.71,1.932,133.562,187.54400634765625,168960,30,1,0
6,rank6,44,udma_quiet,7,14.69,3.649,191.099,207.31201171875,7,0,0,0
6,rank6,44,local_rx_wait,1,0.538,0.538,207.634,208.1719970703125,0,0,0,0
6,rank6,44,round_publish,1,5.562,5.562,214.835,220.39700317382812,1,64,1,1
6,rank6,44,global_round_wait,1,3.599,3.599,127.685,131.28399658203125,1,127,0,0
6,rank6,44,start_gate,1,127.118,127.118,0.374,127.49200439453125,1,64,1,1
6,rank6,45,kernel_total,1,93.033,93.033,126.996,220.02899169921875,0,0,0,0
6,rank6,45,send_total,1,77.034,77.034,131.373,208.40701293945312,0,0,0,0
6,rank6,45,tx_meta_scan,35,5.629,0.216,134.493,189.61599731445312,0,3,32,0
6,rank6,45,tx_ready_poll,47,0.101,0.003,132.899,189.35101318359375,12,35,0,0
6,rank6,45,self_copy,3,2.53,0.89,153.49,157.35198974609375,16896,0,0,0
6,rank6,45,udma_post,32,31.754,1.631,134.822,190.54400634765625,180224,32,1,0
6,rank6,45,udma_quiet,7,14.302,2.975,192.415,208.15798950195312,7,0,0,0
6,rank6,45,local_rx_wait,1,0.283,0.283,208.545,208.8280029296875,0,0,0,0
6,rank6,45,round_publish,1,4.948,4.948,214.812,219.760009765625,1,64,1,1
6,rank6,45,global_round_wait,1,4.175,4.175,127.09,131.26498413085938,1,127,0,0
6,rank6,45,start_gate,1,125.896,125.896,1.001,126.89700317382812,1,64,1,1
6,rank6,46,kernel_total,1,93.16,93.16,127.029,220.18899536132812,0,0,0,0
6,rank6,46,send_total,1,76.284,76.284,131.555,207.8389892578125,0,0,0,0
6,rank6,46,tx_meta_scan,35,5.608,0.19,133.937,186.81298828125,0,1,34,0
6,rank6,46,tx_ready_poll,43,0.101,0.003,133.077,186.4329833984375,8,35,0,0
6,rank6,46,self_copy,1,0.752,0.752,166.238,166.989990234375,5632,0,0,0
6,rank6,46,udma_post,34,32.216,1.625,134.354,187.8599853515625,191488,34,1,0
6,rank6,46,udma_quiet,7,16.402,4.014,189.711,207.59298706054688,7,0,0,0
6,rank6,46,local_rx_wait,1,0.615,0.615,207.994,208.6090087890625,0,0,0,0
6,rank6,46,round_publish,1,5.102,5.102,214.796,219.89801025390625,1,64,1,1
6,rank6,46,global_round_wait,1,4.322,4.322,127.123,131.44500732421875,1,127,0,0
6,rank6,46,start_gate,1,126.198,126.198,0.732,126.92999267578125,1,64,1,1
6,rank6,47,kernel_total,1,91.505,91.505,127.078,218.5830078125,0,0,0,0
6,rank6,47,send_total,1,77.567,77.567,131.335,208.90200805664062,0,0,0,0
6,rank6,47,tx_meta_scan,35,5.862,0.31,133.636,189.29800415039062,0,1,34,0
6,rank6,47,tx_ready_poll,45,0.11,0.003,132.859,189.03298950195312,10,35,0,0
6,rank6,47,self_copy,1,0.99,0.99,169.157,170.14700317382812,5632,0,0,0
6,rank6,47,udma_post,34,33.395,1.682,134.032,190.18701171875,191488,34,1,0
6,rank6,47,udma_quiet,7,15.167,3.995,192.037,208.66598510742188,7,0,0,0
6,rank6,47,local_rx_wait,1,0.398,0.398,208.966,209.36398315429688,0,0,0,0
6,rank6,47,round_publish,1,3.426,3.426,214.869,218.29498291015625,1,64,1,1
6,rank6,47,global_round_wait,1,4.056,4.056,127.172,131.22799682617188,1,127,0,0
6,rank6,47,start_gate,1,125.795,125.795,1.183,126.97799682617188,1,64,1,1
6,rank6,48,kernel_total,1,88.814,88.814,126.874,215.68798828125,0,0,0,0
6,rank6,48,send_total,1,78.746,78.746,131.224,209.97000122070312,0,0,0,0
6,rank6,48,tx_meta_scan,35,5.61,0.2,133.535,189.55300903320312,0,2,33,0
6,rank6,48,tx_ready_poll,46,0.106,0.003,132.744,189.16900634765625,11,35,0,0
6,rank6,48,self_copy,2,1.627,0.847,139.509,151.05398559570312,11264,0,0,0
6,rank6,48,udma_post,33,32.608,1.783,133.865,190.6199951171875,185856,33,1,0
6,rank6,48,udma_quiet,7,15.764,3.665,192.447,209.70401000976562,7,0,0,0
6,rank6,48,local_rx_wait,1,0.541,0.541,210.103,210.64401245117188,0,0,0,0
6,rank6,48,round_publish,1,0.524,0.524,214.903,215.427001953125,0,0,0,0
6,rank6,48,global_round_wait,1,4.149,4.149,126.967,131.11599731445312,0,127,0,0
6,rank6,48,start_gate,1,126.075,126.075,0.7,126.77499389648438,0,0,0,0
6,rank6,49,kernel_total,1,92.767,92.767,127.088,219.85501098632812,0,0,0,0
6,rank6,49,send_total,1,79.112,79.112,131.627,210.73898315429688,0,0,0,0
6,rank6,49,tx_meta_scan,35,5.917,0.254,133.876,191.66998291015625,0,5,30,0
6,rank6,49,tx_ready_poll,47,0.112,0.003,133.145,191.40499877929688,12,35,0,0
6,rank6,49,self_copy,5,4.204,0.936,145.381,177.13800048828125,28160,0,0,0
6,rank6,49,udma_post,30,30.926,1.488,134.332,192.67098999023438,168960,30,1,0
6,rank6,49,udma_quiet,7,14.504,3.609,194.463,210.40200805664062,7,0,0,0
6,rank6,49,local_rx_wait,1,0.286,0.286,210.803,211.0889892578125,0,0,0,0
6,rank6,49,round_publish,1,4.709,4.709,214.88,219.5889892578125,1,64,1,1
6,rank6,49,global_round_wait,1,4.334,4.334,127.182,131.5159912109375,1,127,0,0
6,rank6,49,start_gate,1,124.844,124.844,2.145,126.98898315429688,1,64,1,1
6,rank6,50,kernel_total,1,84.637,84.637,127.242,211.87899780273438,0,0,0,0
6,rank6,50,send_total,1,79.562,79.562,131.221,210.78298950195312,0,0,0,0
6,rank6,50,tx_meta_scan,35,5.612,0.192,133.549,189.83200073242188,0,4,31,0
6,rank6,50,tx_ready_poll,43,0.101,0.003,132.741,189.54998779296875,8,35,0,0
6,rank6,50,self_copy,4,3.309,0.863,161.759,187.7869873046875,22528,0,0,0
6,rank6,50,udma_post,31,34.146,2.037,133.897,191.05599975585938,174592,31,1,0
6,rank6,50,udma_quiet,7,16.045,2.905,192.983,210.53399658203125,7,0,0,0
6,rank6,50,local_rx_wait,1,0.53,0.53,210.846,211.37600708007812,0,0,0,0
6,rank6,50,global_round_wait,1,3.772,3.772,127.335,131.10699462890625,0,0,0,0
6,rank6,50,start_gate,1,125.746,125.746,1.397,127.14300537109375,0,0,0,0
6,rank6,51,kernel_total,1,85.997,85.997,127.431,213.42800903320312,0,0,0,0
6,rank6,51,send_total,1,80.965,80.965,131.614,212.57901000976562,0,0,0,0
6,rank6,51,tx_meta_scan,35,5.701,0.206,133.852,192.260986328125,0,5,30,0
6,rank6,51,tx_ready_poll,45,0.094,0.003,133.136,191.89801025390625,10,35,0,0
6,rank6,51,self_copy,5,4.663,1.134,144.159,185.05499267578125,28160,0,0,0
6,rank6,51,udma_post,30,32.271,1.964,134.221,193.42498779296875,168960,30,1,0
6,rank6,51,udma_quiet,7,15.651,3.694,195.213,212.3380126953125,7,0,0,0
6,rank6,51,local_rx_wait,1,0.279,0.279,212.642,212.92098999023438,0,0,0,0
6,rank6,51,global_round_wait,1,3.88,3.88,127.619,131.49899291992188,0,0,0,0
6,rank6,51,start_gate,1,126.699,126.699,0.634,127.3330078125,0,0,0,0
6,rank6,52,kernel_total,1,82.754,82.754,127.465,210.218994140625,0,0,0,0
6,rank6,52,send_total,1,77.921,77.921,131.275,209.19598388671875,0,0,0,0
6,rank6,52,tx_meta_scan,35,5.834,0.277,133.678,190.76800537109375,0,8,27,0
6,rank6,52,tx_ready_poll,44,0.098,0.003,132.795,190.375,9,35,0,0
6,rank6,52,self_copy,8,6.694,1.096,138.927,183.63198852539062,45056,0,0,0
6,rank6,52,udma_post,27,29.111,1.6,134.08,191.79998779296875,152064,27,1,0
6,rank6,52,udma_quiet,7,13.783,3.445,193.7,208.93701171875,7,0,0,0
6,rank6,52,local_rx_wait,1,0.456,0.456,209.26,209.71600341796875,0,0,0,0
6,rank6,52,global_round_wait,1,3.606,3.606,127.559,131.16500854492188,0,0,0,0
6,rank6,52,start_gate,1,125.168,125.168,2.199,127.36700439453125,0,0,0,0
6,rank6,53,kernel_total,1,83.405,83.405,126.914,210.31900024414062,0,0,0,0
6,rank6,53,send_total,1,77.877,77.877,131.469,209.34600830078125,0,0,0,0
6,rank6,53,tx_meta_scan,35,5.902,0.218,133.345,188.65499877929688,0,5,30,0
6,rank6,53,tx_ready_poll,42,0.096,0.003,132.992,188.25399780273438,7,35,0,0
6,rank6,53,self_copy,5,4.324,0.974,146.323,180.281005859375,28160,0,0,0
6,rank6,53,udma_post,30,29.752,1.859,133.678,189.5989990234375,168960,30,1,0
6,rank6,53,udma_quiet,6,16.323,4.339,191.497,209.09201049804688,6,0,0,0
6,rank6,53,local_rx_wait,1,0.413,0.413,209.41,209.822998046875,0,0,0,0
6,rank6,53,global_round_wait,1,4.347,4.347,127.007,131.35400390625,0,0,0,0
6,rank6,53,start_gate,1,126.82,126.82,0.0,126.82000732421875,0,0,0,0
6,rank6,54,kernel_total,1,82.309,82.309,127.884,210.1929931640625,0,0,0,0
6,rank6,54,send_total,1,78.015,78.015,131.188,209.2030029296875,0,0,0,0
6,rank6,54,tx_meta_scan,35,5.646,0.228,133.154,188.93798828125,0,5,30,0
6,rank6,54,tx_ready_poll,42,0.095,0.003,132.711,188.65798950195312,7,35,0,0
6,rank6,54,self_copy,5,4.122,0.899,140.897,182.39498901367188,28160,0,0,0
6,rank6,54,udma_post,30,31.209,1.867,133.5,190.04598999023438,168960,30,1,0
6,rank6,54,udma_quiet,7,15.54,3.091,191.942,208.9530029296875,7,0,0,0
6,rank6,54,local_rx_wait,1,0.423,0.423,209.267,209.69000244140625,0,0,0,0
6,rank6,54,global_round_wait,1,3.104,3.104,127.977,131.08099365234375,0,0,0,0
6,rank6,54,start_gate,1,127.578,127.578,0.207,127.78500366210938,0,0,0,0
6,rank6,55,kernel_total,1,85.207,85.207,127.048,212.2550048828125,0,0,0,0
6,rank6,55,send_total,1,79.897,79.897,131.505,211.40200805664062,0,0,0,0
6,rank6,55,tx_meta_scan,35,5.886,0.228,133.462,190.87799072265625,0,4,31,0
6,rank6,55,tx_ready_poll,43,0.1,0.003,133.022,190.56500244140625,8,35,0,0
6,rank6,55,self_copy,4,3.355,0.962,154.642,187.15701293945312,22528,0,0,0
6,rank6,55,udma_post,31,33.969,1.843,133.825,191.94500732421875,174592,31,1,0
6,rank6,55,udma_quiet,7,15.624,4.524,193.834,211.15798950195312,7,0,0,0
6,rank6,55,local_rx_wait,1,0.286,0.286,211.466,211.75198364257812,0,0,0,0
6,rank6,55,global_round_wait,1,4.157,4.157,127.233,131.38998413085938,0,0,0,0
6,rank6,55,start_gate,1,126.775,126.775,0.174,126.94900512695312,0,0,0,0
6,rank6,56,kernel_total,1,84.638,84.638,127.281,211.91900634765625,0,0,0,0
6,rank6,56,send_total,1,79.911,79.911,131.163,211.07400512695312,0,0,0,0
6,rank6,56,tx_meta_scan,35,5.892,0.238,133.104,192.29901123046875,0,6,29,0
6,rank6,56,tx_ready_poll,45,0.093,0.003,132.684,192.02301025390625,10,35,0,0
6,rank6,56,self_copy,6,5.433,1.108,143.54,177.43798828125,33792,0,0,0
6,rank6,56,udma_post,29,30.665,1.889,133.459,193.27700805664062,163328,29,1,0
6,rank6,56,udma_quiet,7,14.089,2.58,195.09,210.83099365234375,7,0,0,0
6,rank6,56,local_rx_wait,1,0.282,0.282,211.141,211.42300415039062,0,0,0,0
6,rank6,56,global_round_wait,1,3.674,3.674,127.374,131.04800415039062,0,0,0,0
6,rank6,56,start_gate,1,126.516,126.516,0.667,127.1829833984375,0,0,0,0
6,rank6,57,kernel_total,1,83.374,83.374,127.541,210.91500854492188,0,0,0,0
6,rank6,57,send_total,1,78.5,78.5,131.451,209.95098876953125,0,0,0,0
6,rank6,57,tx_meta_scan,35,5.846,0.267,133.45,189.35501098632812,0,4,31,0
6,rank6,57,tx_ready_poll,41,0.091,0.003,132.972,188.9639892578125,6,35,0,0
6,rank6,57,self_copy,4,3.217,0.834,141.542,183.989990234375,22528,0,0,0
6,rank6,57,udma_post,31,32.653,2.006,133.788,190.4119873046875,174592,31,1,0
6,rank6,57,udma_quiet,7,15.666,3.165,192.368,209.70700073242188,7,0,0,0
6,rank6,57,local_rx_wait,1,0.401,0.401,210.016,210.4169921875,0,0,0,0
6,rank6,57,global_round_wait,1,3.701,3.701,127.635,131.33599853515625,0,0,0,0
6,rank6,57,start_gate,1,125.638,125.638,1.805,127.4429931640625,0,0,0,0
6,rank6,58,kernel_total,1,83.743,83.743,126.906,210.64898681640625,0,0,0,0
6,rank6,58,send_total,1,78.14,78.14,131.533,209.67300415039062,0,0,0,0
6,rank6,58,tx_meta_scan,35,6.204,0.295,133.486,190.58599853515625,0,7,28,0
6,rank6,58,tx_ready_poll,42,0.098,0.003,133.055,190.32998657226562,7,35,0,0
6,rank6,58,self_copy,7,6.077,0.964,150.647,178.21200561523438,39424,0,0,0
6,rank6,58,udma_post,28,29.268,1.977,133.946,191.5159912109375,157696,28,1,0
6,rank6,58,udma_quiet,7,14.293,2.683,193.469,209.41500854492188,7,0,0,0
6,rank6,58,local_rx_wait,1,0.413,0.413,209.734,210.14700317382812,0,0,0,0
6,rank6,58,global_round_wait,1,4.419,4.419,126.999,131.41799926757812,0,0,0,0
6,rank6,58,start_gate,1,124.973,124.973,1.834,126.8070068359375,0,0,0,0
6,rank6,59,kernel_total,1,84.656,84.656,126.954,211.6099853515625,0,0,0,0
6,rank6,59,send_total,1,79.39,79.39,131.363,210.75299072265625,0,0,0,0
6,rank6,59,tx_meta_scan,35,5.898,0.232,133.871,191.25799560546875,0,5,30,0
6,rank6,59,tx_ready_poll,44,0.095,0.003,132.885,190.87698364257812,9,35,0,0
6,rank6,59,self_copy,5,4.229,1.032,141.704,182.99398803710938,28160,0,0,0
6,rank6,59,udma_post,30,31.943,1.952,134.3,192.36199951171875,168960,30,1,0
6,rank6,59,udma_quiet,7,14.784,3.056,194.151,210.49600219726562,7,0,0,0
6,rank6,59,local_rx_wait,1,0.291,0.291,210.814,211.10501098632812,0,0,0,0
6,rank6,59,global_round_wait,1,4.201,4.201,127.047,131.24798583984375,0,0,0,0
6,rank6,59,start_gate,1,125.888,125.888,0.967,126.85501098632812,0,0,0,0
6,rank6,60,kernel_total,1,82.604,82.604,127.346,209.95001220703125,0,0,0,0
6,rank6,60,send_total,1,77.699,77.699,131.295,208.99398803710938,0,0,0,0
6,rank6,60,tx_meta_scan,35,5.798,0.233,133.84,188.708984375,0,6,29,0
6,rank6,60,tx_ready_poll,43,0.099,0.003,132.831,188.41998291015625,8,35,0,0
6,rank6,60,self_copy,6,4.97,0.903,153.306,188.21200561523438,33792,0,0,0
6,rank6,60,udma_post,29,29.468,1.853,134.264,189.77398681640625,163328,29,1,0
6,rank6,60,udma_quiet,7,15.525,3.607,191.716,208.75,7,0,0,0
6,rank6,60,local_rx_wait,1,0.397,0.397,209.055,209.45199584960938,0,0,0,0
6,rank6,60,global_round_wait,1,3.749,3.749,127.439,131.18798828125,0,0,0,0
6,rank6,60,start_gate,1,125.645,125.645,1.602,127.24700927734375,0,0,0,0
6,rank6,61,kernel_total,1,83.468,83.468,127.632,211.10000610351562,0,0,0,0
6,rank6,61,send_total,1,79.011,79.011,131.248,210.25900268554688,0,0,0,0
6,rank6,61,tx_meta_scan,35,6.051,0.252,133.752,190.27899169921875,0,5,30,0
6,rank6,61,tx_ready_poll,45,0.105,0.003,132.782,189.81201171875,10,35,0,0
6,rank6,61,self_copy,5,4.399,0.995,136.87,158.66598510742188,28160,0,0,0
6,rank6,61,udma_post,30,30.726,1.777,134.119,191.3489990234375,168960,30,1,0
6,rank6,61,udma_quiet,7,15.103,3.159,193.146,209.73300170898438,7,0,0,0
6,rank6,61,local_rx_wait,1,0.281,0.281,210.323,210.60400390625,0,0,0,0
6,rank6,61,global_round_wait,1,3.411,3.411,127.726,131.13699340820312,0,0,0,0
6,rank6,61,start_gate,1,126.422,126.422,1.111,127.53298950195312,0,0,0,0
6,rank6,62,kernel_total,1,84.222,84.222,127.189,211.4110107421875,0,0,0,0
6,rank6,62,send_total,1,79.006,79.006,131.584,210.58999633789062,0,0,0,0
6,rank6,62,tx_meta_scan,34,5.713,0.226,134.029,190.17800903320312,0,2,32,0
6,rank6,62,tx_ready_poll,45,0.106,0.003,133.119,189.78799438476562,11,34,0,0
6,rank6,62,self_copy,2,1.736,0.892,177.921,191.18899536132812,11264,0,0,0
6,rank6,62,udma_post,32,32.79,1.895,134.397,189.59600830078125,180224,32,1,0
6,rank6,62,udma_quiet,7,15.848,4.016,193.018,210.33200073242188,7,0,0,0
6,rank6,62,local_rx_wait,1,0.178,0.178,210.721,210.89898681640625,0,0,0,0
6,rank6,62,global_round_wait,1,4.187,4.187,127.282,131.468994140625,0,0,0,0
6,rank6,62,start_gate,1,125.551,125.551,1.539,127.08999633789062,0,0,0,0
6,rank6,63,kernel_total,1,82.175,82.175,127.261,209.43600463867188,0,0,0,0
6,rank6,63,send_total,1,77.276,77.276,131.139,208.41500854492188,0,0,0,0
6,rank6,63,tx_meta_scan,34,5.669,0.239,133.614,189.32501220703125,0,4,30,0
6,rank6,63,tx_ready_poll,44,0.103,0.003,132.678,188.9119873046875,10,34,0,0
6,rank6,63,self_copy,4,3.724,1.171,154.371,190.37200927734375,22528,0,0,0
6,rank6,63,udma_post,30,30.678,2.116,133.988,188.71600341796875,168960,30,1,0
6,rank6,63,udma_quiet,7,14.451,2.99,192.248,208.16900634765625,7,0,0,0
6,rank6,63,local_rx_wait,1,0.396,0.396,208.48,208.87600708007812,0,0,0,0
6,rank6,63,global_round_wait,1,3.672,3.672,127.355,131.02700805664062,0,0,0,0
6,rank6,63,start_gate,1,126.081,126.081,1.081,127.1619873046875,0,0,0,0
7,rank7,0,kernel_total,1,75.069,75.069,75.804,150.87301635742188,0,0,0,0
7,rank7,0,pack_total,1,22.255,22.255,75.898,98.15301513671875,0,0,0,0
7,rank7,0,pack_input_wait,18,0.405,0.023,76.205,96.23001098632812,184320,0,0,0
7,rank7,0,pack_quantize,18,5.539,0.342,76.3,96.6290283203125,92160,198,0,0
7,rank7,0,pack_tx_publish,18,3.335,0.248,77.701,97.791015625,0,18,18,1152
7,rank7,0,receive_total,1,52.322,52.322,98.379,150.70101928710938,0,0,0,0
7,rank7,0,rx_flag_poll_wait,3,38.527,35.74,98.824,146.13201904296875,34,88,70,968
7,rank7,0,rx_unpack_wait,18,3.473,0.431,134.85,149.40802001953125,95040,0,0,0
7,rank7,0,rx_unpack_dequant_clear,21,1.782,0.173,135.285,149.79202270507812,92160,198,0,0
7,rank7,0,rx_output,3,1.033,0.346,138.448,150.2239990234375,30720,1,1,0
7,rank7,0,start_gate,1,73.726,73.726,1.976,75.7020263671875,0,0,0,0
7,rank7,0,pack_tx_data_submit,18,0.372,0.021,76.734,96.780029296875,101376,0,0,0
7,rank7,0,pack_first_tx_ready,1,2.132,2.132,75.911,78.04299926757812,0,0,0,0
7,rank7,0,pack_mte3_exposed_wait,18,0.034,0.003,77.61,97.291015625,101376,0,0,0
7,rank7,1,kernel_total,1,76.908,76.908,75.981,152.88900756835938,0,0,0,0
7,rank7,1,pack_total,1,22.287,22.287,76.076,98.36300659179688,0,0,0,0
7,rank7,1,pack_input_wait,18,0.408,0.023,76.383,96.5050048828125,184320,0,0,0
7,rank7,1,pack_quantize,18,5.579,0.323,76.487,96.89901733398438,92160,198,0,0
7,rank7,1,pack_tx_publish,18,3.337,0.248,77.897,98.0260009765625,0,18,18,1152
7,rank7,1,receive_total,1,54.137,54.137,98.584,152.72100830078125,0,0,0,0
7,rank7,1,rx_flag_poll_wait,3,40.089,36.479,99.005,148.135009765625,28,92,74,1012
7,rank7,1,rx_unpack_wait,18,3.826,0.427,135.768,151.53500366210938,95040,0,0,0
7,rank7,1,rx_unpack_dequant_clear,21,1.789,0.173,136.223,151.916015625,92160,198,0,0
7,rank7,1,rx_output,3,1.048,0.352,139.59,152.3489990234375,30720,2,1,0
7,rank7,1,start_gate,1,74.019,74.019,1.861,75.8800048828125,0,0,0,0
7,rank7,1,pack_tx_data_submit,18,0.37,0.021,76.899,97.05599975585938,101376,0,0,0
7,rank7,1,pack_first_tx_ready,1,2.169,2.169,76.089,78.25802612304688,18,0,0,0
7,rank7,1,pack_mte3_exposed_wait,18,0.033,0.003,77.806,97.54202270507812,101376,0,0,0
7,rank7,2,kernel_total,1,82.991,82.991,75.912,158.90301513671875,0,0,0,0
7,rank7,2,pack_total,1,21.879,21.879,76.007,97.88601684570312,0,0,0,0
7,rank7,2,pack_input_wait,18,0.405,0.023,76.314,95.989013671875,184320,0,0,0
7,rank7,2,pack_quantize,18,5.536,0.334,76.409,96.39901733398438,92160,198,0,0
7,rank7,2,pack_tx_publish,18,3.009,0.221,77.809,97.55300903320312,0,18,18,1152
7,rank7,2,receive_total,1,60.667,60.667,98.072,158.739013671875,0,0,0,0
7,rank7,2,rx_flag_poll_wait,3,47.227,45.997,98.461,154.28402709960938,29,111,93,1221
7,rank7,2,rx_unpack_wait,18,3.208,0.386,144.763,157.44900512695312,95040,0,0,0
7,rank7,2,rx_unpack_dequant_clear,21,1.755,0.161,145.221,157.83102416992188,92160,198,0,0
7,rank7,2,rx_output,3,1.018,0.347,148.352,158.24700927734375,30720,2,1,0
7,rank7,2,start_gate,1,74.064,74.064,1.747,75.81100463867188,0,0,0,0
7,rank7,2,pack_tx_data_submit,18,0.372,0.021,76.835,96.54901123046875,101376,0,0,0
7,rank7,2,pack_first_tx_ready,1,2.133,2.133,76.019,78.15200805664062,36,0,0,0
7,rank7,2,pack_mte3_exposed_wait,18,0.034,0.003,77.723,97.05001831054688,101376,0,0,0
7,rank7,3,kernel_total,1,80.147,80.147,76.219,156.36602783203125,0,0,0,0
7,rank7,3,pack_total,1,22.945,22.945,76.314,99.25900268554688,0,0,0,0
7,rank7,3,pack_input_wait,19,0.431,0.023,76.62,97.46102905273438,194560,0,0,0
7,rank7,3,pack_quantize,19,5.877,0.332,76.715,97.87301635742188,97280,209,0,0
7,rank7,3,pack_tx_publish,19,3.054,0.218,78.124,98.94802856445312,0,19,19,1216
7,rank7,3,receive_total,1,56.756,56.756,99.444,156.20001220703125,0,0,0,0
7,rank7,3,rx_flag_poll_wait,3,42.863,41.405,99.822,151.63302612304688,34,100,82,1100
7,rank7,3,rx_unpack_wait,18,3.587,0.425,141.552,154.89300537109375,95040,0,0,0
7,rank7,3,rx_unpack_dequant_clear,21,1.77,0.164,142.049,155.2750244140625,92160,198,0,0
7,rank7,3,rx_output,3,1.037,0.352,145.436,155.71102905273438,30720,2,2,0
7,rank7,3,start_gate,1,74.223,74.223,1.894,76.11700439453125,0,0,0,0
7,rank7,3,pack_tx_data_submit,19,0.393,0.021,77.14,98.02001953125,107008,0,0,0
7,rank7,3,pack_first_tx_ready,1,2.134,2.134,76.326,78.46002197265625,54,0,0,0
7,rank7,3,pack_mte3_exposed_wait,19,0.037,0.003,78.037,98.60601806640625,107008,0,0,0
7,rank7,4,kernel_total,1,70.997,70.997,76.499,147.49600219726562,0,0,0,0
7,rank7,4,pack_total,1,22.073,22.073,76.594,98.66702270507812,0,0,0,0
7,rank7,4,pack_input_wait,18,0.402,0.023,76.899,96.81402587890625,184320,0,0,0
7,rank7,4,pack_quantize,18,5.489,0.331,76.993,97.2230224609375,92160,198,0,0
7,rank7,4,pack_tx_publish,18,3.24,0.234,78.38,98.34600830078125,0,18,18,1152
7,rank7,4,receive_total,1,48.437,48.437,98.883,147.32000732421875,0,0,0,0
7,rank7,4,rx_flag_poll_wait,3,34.532,32.841,99.313,142.6510009765625,30,77,59,847
7,rank7,4,rx_unpack_wait,18,3.624,0.393,132.427,146.04299926757812,95040,0,0,0
7,rank7,4,rx_unpack_dequant_clear,21,1.775,0.176,132.828,146.42401123046875,92160,198,0,0
7,rank7,4,rx_output,3,1.035,0.347,136.131,146.85302734375,30720,3,2,0
7,rank7,4,start_gate,1,74.099,74.099,2.299,76.39801025390625,0,0,0,0
7,rank7,4,pack_tx_data_submit,18,0.369,0.021,77.416,97.37200927734375,101376,0,0,0
7,rank7,4,pack_first_tx_ready,1,2.115,2.115,76.606,78.72100830078125,73,0,0,0
7,rank7,4,pack_mte3_exposed_wait,18,0.036,0.003,78.294,97.99301147460938,101376,0,0,0
7,rank7,5,kernel_total,1,74.517,74.517,75.954,150.47100830078125,0,0,0,0
7,rank7,5,pack_total,1,21.959,21.959,76.048,98.00701904296875,0,0,0,0
7,rank7,5,pack_input_wait,18,0.405,0.023,76.354,96.14300537109375,184320,0,0,0
7,rank7,5,pack_quantize,18,5.535,0.322,76.449,96.53900146484375,92160,198,0,0
7,rank7,5,pack_tx_publish,18,3.081,0.229,77.844,97.69000244140625,0,18,18,1152
7,rank7,5,receive_total,1,52.086,52.086,98.208,150.29400634765625,0,0,0,0
7,rank7,5,rx_flag_poll_wait,3,38.531,36.093,98.617,145.88201904296875,28,89,71,979
7,rank7,5,rx_unpack_wait,18,3.43,0.426,134.985,149.13601684570312,95040,0,0,0
7,rank7,5,rx_unpack_dequant_clear,21,1.772,0.178,135.483,149.51602172851562,92160,198,0,0
7,rank7,5,rx_output,3,1.028,0.349,138.657,149.9320068359375,30720,2,2,0
7,rank7,5,start_gate,1,74.163,74.163,1.689,75.85202026367188,0,0,0,0
7,rank7,5,pack_tx_data_submit,18,0.369,0.021,76.863,96.68902587890625,101376,0,0,0
7,rank7,5,pack_first_tx_ready,1,2.129,2.129,76.061,78.19000244140625,91,0,0,0
7,rank7,5,pack_mte3_exposed_wait,18,0.033,0.003,77.756,97.29901123046875,101376,0,0,0
7,rank7,6,kernel_total,1,79.629,79.629,75.805,155.43402099609375,0,0,0,0
7,rank7,6,pack_total,1,23.139,23.139,75.899,99.03802490234375,0,0,0,0
7,rank7,6,pack_input_wait,19,0.427,0.023,76.205,97.23300170898438,194560,0,0,0
7,rank7,6,pack_quantize,19,5.842,0.345,76.303,97.63400268554688,97280,209,0,0
7,rank7,6,pack_tx_publish,19,3.289,0.224,77.712,98.73202514648438,0,19,19,1216
7,rank7,6,receive_total,1,56.043,56.043,99.228,155.27102661132812,0,0,0,0
7,rank7,6,rx_flag_poll_wait,3,42.583,34.536,99.599,150.89700317382812,36,99,81,1089
7,rank7,6,rx_unpack_wait,18,3.308,0.405,134.436,154.09500122070312,95040,0,0,0
7,rank7,6,rx_unpack_dequant_clear,21,1.774,0.168,134.836,154.47601318359375,92160,198,0,0
7,rank7,6,rx_output,3,1.023,0.342,138.072,154.9010009765625,30720,1,1,0
7,rank7,6,start_gate,1,74.294,74.294,1.41,75.70401000976562,0,0,0,0
7,rank7,6,pack_tx_data_submit,19,0.393,0.021,76.74,97.780029296875,107008,0,0,0
7,rank7,6,pack_first_tx_ready,1,2.139,2.139,75.912,78.051025390625,109,0,0,0
7,rank7,6,pack_mte3_exposed_wait,19,0.036,0.003,77.621,98.280029296875,107008,0,0,0
7,rank7,7,kernel_total,1,77.092,77.092,76.19,153.28201293945312,0,0,0,0
7,rank7,7,pack_total,1,22.157,22.157,76.285,98.4420166015625,0,0,0,0
7,rank7,7,pack_input_wait,18,0.403,0.023,76.591,96.47802734375,184320,0,0,0
7,rank7,7,pack_quantize,18,5.546,0.327,76.69,96.88201904296875,92160,198,0,0
7,rank7,7,pack_tx_publish,18,3.176,0.232,78.091,98.0570068359375,0,18,18,1152
7,rank7,7,receive_total,1,54.454,54.454,98.657,153.11102294921875,0,0,0,0
7,rank7,7,rx_flag_poll_wait,3,40.267,38.988,99.066,148.56500244140625,36,90,72,990
7,rank7,7,rx_unpack_wait,18,3.846,0.392,138.355,151.82302856445312,95040,0,0,0
7,rank7,7,rx_unpack_dequant_clear,21,1.771,0.165,138.81,152.20401000976562,92160,198,0,0
7,rank7,7,rx_output,3,1.019,0.346,142.052,152.62600708007812,30720,0,0,0
7,rank7,7,start_gate,1,74.686,74.686,1.403,76.08901977539062,0,0,0,0
7,rank7,7,pack_tx_data_submit,18,0.366,0.021,77.109,97.03201293945312,101376,0,0,0
7,rank7,7,pack_first_tx_ready,1,2.122,2.122,76.297,78.41900634765625,128,0,0,0
7,rank7,7,pack_mte3_exposed_wait,18,0.035,0.003,78.0,97.52902221679688,101376,0,0,0
7,rank7,8,kernel_total,1,82.062,82.062,76.025,158.08700561523438,0,0,0,0
7,rank7,8,pack_total,1,22.369,22.369,76.12,98.489013671875,0,0,0,0
7,rank7,8,pack_input_wait,18,0.406,0.023,76.426,96.4990234375,184320,0,0,0
7,rank7,8,pack_quantize,18,5.666,0.354,76.521,96.91400146484375,92160,198,0,0
7,rank7,8,pack_tx_publish,18,3.3,0.254,77.937,98.10400390625,0,18,18,1152
7,rank7,8,receive_total,1,59.213,59.213,98.695,157.90802001953125,0,0,0,0
7,rank7,8,rx_flag_poll_wait,3,45.36,44.131,99.1,153.42401123046875,39,104,86,1144
7,rank7,8,rx_unpack_wait,18,3.703,0.398,143.499,156.72601318359375,95040,0,0,0
7,rank7,8,rx_unpack_dequant_clear,21,1.788,0.189,143.968,157.10702514648438,92160,198,0,0
7,rank7,8,rx_output,3,1.038,0.354,147.328,157.53402709960938,30720,0,0,0
7,rank7,8,start_gate,1,73.316,73.316,2.608,75.92401123046875,0,0,0,0
7,rank7,8,pack_tx_data_submit,18,0.373,0.021,76.966,97.06301879882812,101376,0,0,0
7,rank7,8,pack_first_tx_ready,1,2.137,2.137,76.133,78.27001953125,146,0,0,0
7,rank7,8,pack_mte3_exposed_wait,18,0.035,0.003,77.849,97.58001708984375,101376,0,0,0
7,rank7,9,kernel_total,1,72.552,72.552,76.0,148.552001953125,0,0,0,0
7,rank7,9,pack_total,1,22.547,22.547,76.095,98.64202880859375,0,0,0,0
7,rank7,9,pack_input_wait,18,0.407,0.023,76.402,96.80502319335938,184320,0,0,0
7,rank7,9,pack_quantize,18,5.62,0.341,76.496,97.20001220703125,92160,198,0,0
7,rank7,9,pack_tx_publish,18,3.583,0.254,77.881,98.32000732421875,0,18,18,1152
7,rank7,9,receive_total,1,49.518,49.518,98.849,148.36700439453125,0,0,0,0
7,rank7,9,rx_flag_poll_wait,3,35.674,33.835,99.279,143.71200561523438,25,82,64,902
7,rank7,9,rx_unpack_wait,18,3.557,0.39,133.375,147.07501220703125,95040,0,0,0
7,rank7,9,rx_unpack_dequant_clear,21,1.779,0.186,133.826,147.45602416992188,92160,198,0,0
7,rank7,9,rx_output,3,1.054,0.357,137.008,147.88800048828125,30720,2,2,0
7,rank7,9,start_gate,1,73.337,73.337,2.562,75.89901733398438,0,0,0,0
7,rank7,9,pack_tx_data_submit,18,0.369,0.021,76.912,97.35800170898438,101376,0,0,0
7,rank7,9,pack_first_tx_ready,1,2.147,2.147,76.108,78.2550048828125,164,0,0,0
7,rank7,9,pack_mte3_exposed_wait,18,0.031,0.003,77.792,97.85800170898438,101376,0,0,0
7,rank7,10,kernel_total,1,74.278,74.278,75.852,150.1300048828125,0,0,0,0
7,rank7,10,pack_total,1,23.409,23.409,75.947,99.35601806640625,0,0,0,0
7,rank7,10,pack_input_wait,19,0.425,0.023,76.254,97.50201416015625,194560,0,0,0
7,rank7,10,pack_quantize,19,5.819,0.339,76.349,97.91201782226562,97280,209,0,0
7,rank7,10,pack_tx_publish,19,3.551,0.232,77.737,99.05001831054688,0,19,19,1216
7,rank7,10,receive_total,1,50.392,50.392,99.557,149.94900512695312,0,0,0,0
7,rank7,10,rx_flag_poll_wait,3,36.601,21.225,99.965,145.39300537109375,23,80,62,880
7,rank7,10,rx_unpack_wait,18,3.547,0.409,121.461,148.67202758789062,95040,0,0,0
7,rank7,10,rx_unpack_dequant_clear,21,1.773,0.179,121.857,149.05300903320312,92160,198,0,0
7,rank7,10,rx_output,3,1.037,0.352,125.113,149.48300170898438,30720,1,1,0
7,rank7,10,start_gate,1,73.53,73.53,2.222,75.75201416015625,0,0,0,0
7,rank7,10,pack_tx_data_submit,19,0.389,0.021,76.781,98.05902099609375,107008,0,0,0
7,rank7,10,pack_first_tx_ready,1,2.129,2.129,75.96,78.08901977539062,182,0,0,0
7,rank7,10,pack_mte3_exposed_wait,19,0.037,0.003,77.648,98.676025390625,107008,0,0,0
7,rank7,11,kernel_total,1,76.457,76.457,76.261,152.718017578125,0,0,0,0
7,rank7,11,pack_total,1,22.168,22.168,76.356,98.52401733398438,0,0,0,0
7,rank7,11,pack_input_wait,18,0.401,0.023,76.663,96.59201049804688,184320,0,0,0
7,rank7,11,pack_quantize,18,5.533,0.337,76.757,96.9990234375,92160,198,0,0
7,rank7,11,pack_tx_publish,18,3.221,0.235,78.157,98.15802001953125,0,18,18,1152
7,rank7,11,receive_total,1,53.809,53.809,98.727,152.5360107421875,0,0,0,0
7,rank7,11,rx_flag_poll_wait,3,39.998,37.674,99.141,147.9000244140625,27,93,75,1023
7,rank7,11,rx_unpack_wait,18,3.658,0.363,137.096,151.35702514648438,95040,0,0,0
7,rank7,11,rx_unpack_dequant_clear,21,1.798,0.193,137.519,151.73699951171875,92160,198,0,0
7,rank7,11,rx_output,3,1.017,0.342,140.732,152.16302490234375,30720,0,0,0
7,rank7,11,start_gate,1,73.992,73.992,2.168,76.16000366210938,0,0,0,0
7,rank7,11,pack_tx_data_submit,18,0.368,0.021,77.186,97.14801025390625,101376,0,0,0
7,rank7,11,pack_first_tx_ready,1,2.162,2.162,76.369,78.531005859375,201,0,0,0
7,rank7,11,pack_mte3_exposed_wait,18,0.035,0.003,78.069,97.76800537109375,101376,0,0,0
7,rank7,12,kernel_total,1,66.412,66.412,75.925,142.33700561523438,0,0,0,0
7,rank7,12,pack_total,1,22.04,22.04,76.019,98.05902099609375,0,0,0,0
7,rank7,12,pack_input_wait,18,0.405,0.023,76.325,96.17202758789062,184320,0,0,0
7,rank7,12,pack_quantize,18,5.534,0.332,76.42,96.56802368164062,92160,198,0,0
7,rank7,12,pack_tx_publish,18,3.174,0.237,77.824,97.71200561523438,0,18,18,1152
7,rank7,12,receive_total,1,43.891,43.891,98.269,142.16000366210938,0,0,0,0
7,rank7,12,rx_flag_poll_wait,3,30.181,24.447,98.704,137.46002197265625,20,67,49,737
7,rank7,12,rx_unpack_wait,18,3.368,0.403,123.444,140.89901733398438,95040,0,0,0
7,rank7,12,rx_unpack_dequant_clear,21,1.798,0.172,123.848,141.280029296875,92160,198,0,0
7,rank7,12,rx_output,3,1.003,0.34,126.983,141.697021484375,30720,3,2,0
7,rank7,12,start_gate,1,75.488,75.488,0.335,75.82302856445312,0,0,0,0
7,rank7,12,pack_tx_data_submit,18,0.369,0.021,76.844,96.718017578125,101376,0,0,0
7,rank7,12,pack_first_tx_ready,1,2.152,2.152,76.032,78.18402099609375,219,0,0,0
7,rank7,12,pack_mte3_exposed_wait,18,0.034,0.003,77.738,97.32901000976562,101376,0,0,0
7,rank7,13,kernel_total,1,76.492,76.492,76.526,153.01800537109375,0,0,0,0
7,rank7,13,pack_total,1,23.053,23.053,76.62,99.67300415039062,0,0,0,0
7,rank7,13,pack_input_wait,19,0.424,0.023,76.926,97.81301879882812,194560,0,0,0
7,rank7,13,pack_quantize,19,5.831,0.326,77.02,98.23501586914062,97280,209,0,0
7,rank7,13,pack_tx_publish,19,3.206,0.228,78.402,99.36102294921875,0,19,19,1216
7,rank7,13,receive_total,1,52.981,52.981,99.861,152.84201049804688,0,0,0,0
7,rank7,13,rx_flag_poll_wait,3,39.295,28.573,100.25,148.406005859375,32,90,72,990
7,rank7,13,rx_unpack_wait,18,3.553,0.335,129.098,151.68002319335938,95040,0,0,0
7,rank7,13,rx_unpack_dequant_clear,21,1.781,0.171,129.505,152.06002807617188,92160,198,0,0
7,rank7,13,rx_output,3,1.018,0.341,132.867,152.48202514648438,30720,2,1,0
7,rank7,13,start_gate,1,73.939,73.939,2.485,76.42401123046875,0,0,0,0
7,rank7,13,pack_tx_data_submit,19,0.392,0.021,77.439,98.38101196289062,107008,0,0,0
7,rank7,13,pack_first_tx_ready,1,2.099,2.099,76.633,78.73202514648438,237,0,0,0
7,rank7,13,pack_mte3_exposed_wait,19,0.036,0.003,78.319,98.88702392578125,107008,0,0,0
7,rank7,14,kernel_total,1,77.092,77.092,75.833,152.92501831054688,0,0,0,0
7,rank7,14,pack_total,1,21.927,21.927,75.927,97.85400390625,0,0,0,0
7,rank7,14,pack_input_wait,18,0.406,0.023,76.234,95.98202514648438,184320,0,0,0
7,rank7,14,pack_quantize,18,5.512,0.34,76.33,96.38400268554688,92160,198,0,0
7,rank7,14,pack_tx_publish,18,3.075,0.245,77.728,97.54400634765625,0,18,18,1152
7,rank7,14,receive_total,1,54.728,54.728,98.027,152.7550048828125,0,0,0,0
7,rank7,14,rx_flag_poll_wait,3,41.026,38.825,98.426,148.18701171875,31,96,78,1056
7,rank7,14,rx_unpack_wait,18,3.406,0.374,137.554,151.48800659179688,95040,0,0,0
7,rank7,14,rx_unpack_dequant_clear,21,1.752,0.159,137.948,151.86801147460938,92160,198,0,0
7,rank7,14,rx_output,3,1.043,0.351,141.194,152.2960205078125,30720,2,2,0
7,rank7,14,start_gate,1,75.111,75.111,0.621,75.73202514648438,0,0,0,0
7,rank7,14,pack_tx_data_submit,18,0.37,0.021,76.763,96.53302001953125,101376,0,0,0
7,rank7,14,pack_first_tx_ready,1,2.118,2.118,75.94,78.05801391601562,256,0,0,0
7,rank7,14,pack_mte3_exposed_wait,18,0.033,0.003,77.645,97.04202270507812,101376,0,0,0
7,rank7,15,kernel_total,1,78.902,78.902,76.139,155.041015625,0,0,0,0
7,rank7,15,pack_total,1,22.6,22.6,76.234,98.83401489257812,0,0,0,0
7,rank7,15,pack_input_wait,18,0.408,0.023,76.542,96.90200805664062,184320,0,0,0
7,rank7,15,pack_quantize,18,5.523,0.338,76.637,97.29800415039062,92160,198,0,0
7,rank7,15,pack_tx_publish,18,3.749,0.288,78.024,98.52200317382812,0,18,18,1152
7,rank7,15,receive_total,1,55.84,55.84,99.027,154.86700439453125,0,0,0,0
7,rank7,15,rx_flag_poll_wait,3,42.33,40.569,99.427,150.4320068359375,29,97,79,1067
7,rank7,15,rx_unpack_wait,18,3.353,0.397,140.298,153.71102905273438,95040,0,0,0
7,rank7,15,rx_unpack_dequant_clear,21,1.771,0.156,140.767,154.09002685546875,92160,198,0,0
7,rank7,15,rx_output,3,1.013,0.341,143.992,154.510009765625,30720,2,1,0
7,rank7,15,start_gate,1,74.571,74.571,1.466,76.03701782226562,0,0,0,0
7,rank7,15,pack_tx_data_submit,18,0.37,0.021,77.067,97.447021484375,101376,0,0,0
7,rank7,15,pack_first_tx_ready,1,2.148,2.148,76.247,78.39501953125,274,0,0,0
7,rank7,15,pack_mte3_exposed_wait,18,0.034,0.003,77.942,98.06002807617188,101376,0,0,0
7,rank7,16,kernel_total,1,77.97,77.97,76.049,154.01901245117188,0,0,0,0
7,rank7,16,pack_total,1,22.1,22.1,76.144,98.2440185546875,0,0,0,0
7,rank7,16,pack_input_wait,18,0.4,0.023,76.451,96.43099975585938,184320,0,0,0
7,rank7,16,pack_quantize,18,5.504,0.338,76.545,96.8270263671875,92160,198,0,0
7,rank7,16,pack_tx_publish,18,3.267,0.24,77.946,97.92001342773438,0,18,18,1152
7,rank7,16,receive_total,1,55.365,55.365,98.469,153.83401489257812,0,0,0,0
7,rank7,16,rx_flag_poll_wait,3,41.836,40.121,98.908,149.39501953125,29,98,80,1078
7,rank7,16,rx_unpack_wait,18,3.352,0.382,139.319,152.66799926757812,95040,0,0,0
7,rank7,16,rx_unpack_dequant_clear,21,1.778,0.174,139.748,153.05001831054688,92160,198,0,0
7,rank7,16,rx_output,3,1.009,0.337,142.907,153.47100830078125,30720,2,1,0
7,rank7,16,start_gate,1,73.584,73.584,2.364,75.94802856445312,0,0,0,0
7,rank7,16,pack_tx_data_submit,18,0.368,0.021,76.975,96.97601318359375,101376,0,0,0
7,rank7,16,pack_first_tx_ready,1,2.146,2.146,76.157,78.30300903320312,292,0,0,0
7,rank7,16,pack_mte3_exposed_wait,18,0.034,0.003,77.855,97.46701049804688,101376,0,0,0
7,rank7,17,kernel_total,1,76.147,76.147,76.469,152.61602783203125,0,0,0,0
7,rank7,17,pack_total,1,22.913,22.913,76.563,99.47601318359375,0,0,0,0
7,rank7,17,pack_input_wait,19,0.427,0.023,76.869,97.69601440429688,194560,0,0,0
7,rank7,17,pack_quantize,19,5.823,0.33,76.963,98.09701538085938,97280,209,0,0
7,rank7,17,pack_tx_publish,19,3.128,0.215,78.349,99.16702270507812,0,19,19,1216
7,rank7,17,receive_total,1,52.753,52.753,99.688,152.44100952148438,0,0,0,0
7,rank7,17,rx_flag_poll_wait,3,38.966,35.022,100.089,147.79702758789062,27,90,72,990
7,rank7,17,rx_unpack_wait,18,3.42,0.332,135.393,151.17800903320312,95040,0,0,0
7,rank7,17,rx_unpack_dequant_clear,21,1.781,0.173,135.854,151.56002807617188,92160,198,0,0
7,rank7,17,rx_output,3,1.026,0.345,138.978,151.9840087890625,30720,1,1,0
7,rank7,17,start_gate,1,76.054,76.054,0.313,76.36700439453125,0,0,0,0
7,rank7,17,pack_tx_data_submit,19,0.391,0.021,77.385,98.24301147460938,107008,0,0,0
7,rank7,17,pack_first_tx_ready,1,2.103,2.103,76.576,78.67901611328125,310,0,0,0
7,rank7,17,pack_mte3_exposed_wait,19,0.038,0.003,78.261,98.84002685546875,107008,0,0,0
7,rank7,18,kernel_total,1,69.632,69.632,75.776,145.40802001953125,0,0,0,0
7,rank7,18,pack_total,1,21.821,21.821,75.87,97.69100952148438,0,0,0,0
7,rank7,18,pack_input_wait,18,0.406,0.023,76.176,95.88101196289062,184320,0,0,0
7,rank7,18,pack_quantize,18,5.499,0.326,76.271,96.27700805664062,92160,198,0,0
7,rank7,18,pack_tx_publish,18,3.018,0.23,77.684,97.3800048828125,0,18,18,1152
7,rank7,18,receive_total,1,47.339,47.339,97.889,145.22802734375,0,0,0,0
7,rank7,18,rx_flag_poll_wait,3,33.402,27.975,98.283,140.50601196289062,24,76,58,836
7,rank7,18,rx_unpack_wait,18,3.777,0.43,126.561,144.0670166015625,95040,0,0,0
7,rank7,18,rx_unpack_dequant_clear,21,1.761,0.159,126.95,144.447021484375,92160,198,0,0
7,rank7,18,rx_output,3,1.037,0.347,130.12,144.87600708007812,30720,3,2,0
7,rank7,18,start_gate,1,73.146,73.146,2.529,75.67501831054688,0,0,0,0
7,rank7,18,pack_tx_data_submit,18,0.372,0.021,76.689,96.426025390625,101376,0,0,0
7,rank7,18,pack_first_tx_ready,1,2.132,2.132,75.883,78.0150146484375,329,0,0,0
7,rank7,18,pack_mte3_exposed_wait,18,0.034,0.003,77.595,97.04000854492188,101376,0,0,0
7,rank7,19,kernel_total,1,62.584,62.584,76.366,138.95001220703125,0,0,0,0
7,rank7,19,pack_total,1,22.138,22.138,76.46,98.5980224609375,0,0,0,0
7,rank7,19,pack_input_wait,18,0.407,0.023,76.766,96.61199951171875,184320,0,0,0
7,rank7,19,pack_quantize,18,5.492,0.328,76.864,97.01400756835938,92160,198,0,0
7,rank7,19,pack_tx_publish,18,3.201,0.243,78.248,98.1920166015625,0,18,18,1152
7,rank7,19,receive_total,1,39.975,39.975,98.795,138.77001953125,0,0,0,0
7,rank7,19,rx_flag_poll_wait,3,26.044,18.764,99.246,134.13400268554688,19,56,38,616
7,rank7,19,rx_unpack_wait,18,3.651,0.333,118.312,137.51800537109375,95040,0,0,0
7,rank7,19,rx_unpack_dequant_clear,21,1.766,0.164,118.717,137.89801025390625,92160,198,0,0
7,rank7,19,rx_output,3,1.006,0.337,121.85,138.31500244140625,30720,1,1,0
7,rank7,19,start_gate,1,74.468,74.468,1.796,76.26400756835938,0,0,0,0
7,rank7,19,pack_tx_data_submit,18,0.37,0.021,77.284,97.16400146484375,101376,0,0,0
7,rank7,19,pack_first_tx_ready,1,2.127,2.127,76.473,78.60000610351562,347,0,0,0
7,rank7,19,pack_mte3_exposed_wait,18,0.035,0.003,78.157,97.802001953125,101376,0,0,0
7,rank7,20,kernel_total,1,82.254,82.254,76.38,158.63400268554688,0,0,0,0
7,rank7,20,pack_total,1,23.491,23.491,76.474,99.96502685546875,0,0,0,0
7,rank7,20,pack_input_wait,19,0.428,0.023,76.78,98.13201904296875,194560,0,0,0
7,rank7,20,pack_quantize,19,6.089,0.357,76.875,98.54400634765625,97280,209,0,0
7,rank7,20,pack_tx_publish,19,3.369,0.237,78.281,99.64901733398438,0,19,19,1216
7,rank7,20,receive_total,1,58.268,58.268,100.182,158.45001220703125,0,0,0,0
7,rank7,20,rx_flag_poll_wait,4,40.443,31.531,100.565,154.13201904296875,30,93,69,1023
7,rank7,20,rx_unpack_wait,24,4.295,0.346,132.388,157.24200439453125,126720,0,0,0
7,rank7,20,rx_unpack_dequant_clear,28,2.361,0.199,132.847,157.62301635742188,122880,264,0,0
7,rank7,20,rx_output,4,1.355,0.343,136.149,158.041015625,40960,2,1,0
7,rank7,20,start_gate,1,74.142,74.142,2.136,76.27801513671875,0,0,0,0
7,rank7,20,pack_tx_data_submit,19,0.393,0.021,77.306,98.69000244140625,107008,0,0,0
7,rank7,20,pack_first_tx_ready,1,2.125,2.125,76.487,78.61199951171875,365,0,0,0
7,rank7,20,pack_mte3_exposed_wait,19,0.034,0.003,78.193,99.20501708984375,107008,0,0,0
7,rank7,21,kernel_total,1,74.33,74.33,76.302,150.63201904296875,0,0,0,0
7,rank7,21,pack_total,1,22.316,22.316,76.397,98.7130126953125,0,0,0,0
7,rank7,21,pack_input_wait,18,0.409,0.023,76.703,96.82601928710938,184320,0,0,0
7,rank7,21,pack_quantize,18,5.608,0.37,76.797,97.22702026367188,92160,198,0,0
7,rank7,21,pack_tx_publish,18,3.349,0.237,78.196,98.36300659179688,0,18,18,1152
7,rank7,21,receive_total,1,51.513,51.513,98.931,150.44400024414062,0,0,0,0
7,rank7,21,rx_flag_poll_wait,3,38.048,34.198,99.365,146.00201416015625,22,90,72,990
7,rank7,21,rx_unpack_wait,18,3.174,0.393,133.853,149.177001953125,95040,0,0,0
7,rank7,21,rx_unpack_dequant_clear,21,1.774,0.177,134.319,149.55801391601562,92160,198,0,0
7,rank7,21,rx_output,3,1.033,0.346,137.291,149.98501586914062,30720,1,1,0
7,rank7,21,start_gate,1,73.937,73.937,2.264,76.20101928710938,0,0,0,0
7,rank7,21,pack_tx_data_submit,18,0.371,0.021,77.226,97.37701416015625,101376,0,0,0
7,rank7,21,pack_first_tx_ready,1,2.141,2.141,76.41,78.551025390625,384,0,0,0
7,rank7,21,pack_mte3_exposed_wait,18,0.035,0.004,78.114,97.87301635742188,101376,0,0,0
7,rank7,22,kernel_total,1,71.815,71.815,75.879,147.69400024414062,0,0,0,0
7,rank7,22,pack_total,1,21.965,21.965,75.974,97.93902587890625,0,0,0,0
7,rank7,22,pack_input_wait,18,0.405,0.023,76.281,96.23800659179688,184320,0,0,0
7,rank7,22,pack_quantize,18,5.524,0.337,76.379,96.63601684570312,92160,198,0,0
7,rank7,22,pack_tx_publish,18,3.205,0.241,77.769,97.62802124023438,0,18,18,1152
7,rank7,22,receive_total,1,49.372,49.372,98.141,147.51300048828125,0,0,0,0
7,rank7,22,rx_flag_poll_wait,3,35.67,32.807,98.546,142.8489990234375,25,81,63,891
7,rank7,22,rx_unpack_wait,18,3.441,0.348,131.659,146.25601196289062,95040,0,0,0
7,rank7,22,rx_unpack_dequant_clear,21,1.76,0.166,132.079,146.63702392578125,92160,198,0,0
7,rank7,22,rx_output,3,1.03,0.344,135.152,147.06402587890625,30720,2,2,0
7,rank7,22,start_gate,1,74.126,74.126,1.652,75.77801513671875,0,0,0,0
7,rank7,22,pack_tx_data_submit,18,0.374,0.021,76.808,96.7860107421875,101376,0,0,0
7,rank7,22,pack_first_tx_ready,1,2.149,2.149,75.987,78.13601684570312,402,0,0,0
7,rank7,22,pack_mte3_exposed_wait,18,0.035,0.003,77.687,97.28802490234375,101376,0,0,0
7,rank7,23,kernel_total,1,79.358,79.358,76.159,155.51702880859375,0,0,0,0
7,rank7,23,pack_total,1,22.155,22.155,76.254,98.40902709960938,0,0,0,0
7,rank7,23,pack_input_wait,18,0.407,0.023,76.561,96.54299926757812,184320,0,0,0
7,rank7,23,pack_quantize,18,5.538,0.327,76.656,96.94000244140625,92160,198,0,0
7,rank7,23,pack_tx_publish,18,3.229,0.234,78.049,98.08102416992188,0,18,18,1152
7,rank7,23,receive_total,1,56.702,56.702,98.624,155.32601928710938,0,0,0,0
7,rank7,23,rx_flag_poll_wait,3,43.361,37.822,99.039,150.89202880859375,37,98,80,1078
7,rank7,23,rx_unpack_wait,18,3.088,0.35,137.145,154.14102172851562,95040,0,0,0
7,rank7,23,rx_unpack_dequant_clear,21,1.764,0.169,137.656,154.52102661132812,92160,198,0,0
7,rank7,23,rx_output,3,1.0,0.334,140.688,154.93902587890625,30720,1,1,0
7,rank7,23,start_gate,1,74.234,74.234,1.824,76.05801391601562,0,0,0,0
7,rank7,23,pack_tx_data_submit,18,0.372,0.021,77.075,97.09002685546875,101376,0,0,0
7,rank7,23,pack_first_tx_ready,1,2.138,2.138,76.267,78.405029296875,420,0,0,0
7,rank7,23,pack_mte3_exposed_wait,18,0.036,0.004,77.958,97.69601440429688,101376,0,0,0
7,rank7,24,kernel_total,1,79.058,79.058,76.419,155.47702026367188,0,0,0,0
7,rank7,24,pack_total,1,23.082,23.082,76.513,99.59500122070312,0,0,0,0
7,rank7,24,pack_input_wait,19,0.428,0.023,76.819,97.80599975585938,194560,0,0,0
7,rank7,24,pack_quantize,19,5.914,0.342,76.922,98.21701049804688,97280,209,0,0
7,rank7,24,pack_tx_publish,19,3.134,0.217,78.311,99.2860107421875,0,19,19,1216
7,rank7,24,receive_total,1,55.506,55.506,99.797,155.30300903320312,0,0,0,0
7,rank7,24,rx_flag_poll_wait,3,41.913,39.674,100.212,150.8489990234375,28,99,81,1089
7,rank7,24,rx_unpack_wait,18,3.3,0.355,140.204,154.1240234375,95040,0,0,0
7,rank7,24,rx_unpack_dequant_clear,21,1.761,0.171,140.726,154.50701904296875,92160,198,0,0
7,rank7,24,rx_output,3,1.011,0.345,143.862,154.92501831054688,30720,2,2,0
7,rank7,24,start_gate,1,75.935,75.935,0.383,76.31802368164062,0,0,0,0
7,rank7,24,pack_tx_data_submit,19,0.391,0.021,77.33,98.36199951171875,107008,0,0,0
7,rank7,24,pack_first_tx_ready,1,2.124,2.124,76.526,78.6500244140625,438,0,0,0
7,rank7,24,pack_mte3_exposed_wait,19,0.034,0.003,78.226,98.95401000976562,107008,0,0,0
7,rank7,25,kernel_total,1,75.633,75.633,76.286,151.91900634765625,0,0,0,0
7,rank7,25,pack_total,1,22.176,22.176,76.381,98.5570068359375,0,0,0,0
7,rank7,25,pack_input_wait,18,0.402,0.023,76.687,96.58001708984375,184320,0,0,0
7,rank7,25,pack_quantize,18,5.59,0.339,76.781,96.98300170898438,92160,198,0,0
7,rank7,25,pack_tx_publish,18,3.151,0.236,78.169,98.12002563476562,0,18,18,1152
7,rank7,25,receive_total,1,52.974,52.974,98.765,151.739013671875,0,0,0,0
7,rank7,25,rx_flag_poll_wait,3,39.132,36.654,99.208,147.17901611328125,25,91,73,1001
7,rank7,25,rx_unpack_wait,18,3.404,0.372,136.165,150.447021484375,95040,0,0,0
7,rank7,25,rx_unpack_dequant_clear,21,1.768,0.173,136.656,150.8270263671875,92160,198,0,0
7,rank7,25,rx_output,3,1.039,0.358,139.855,151.25302124023438,30720,2,2,0
7,rank7,25,start_gate,1,75.356,75.356,0.829,76.18502807617188,0,0,0,0
7,rank7,25,pack_tx_data_submit,18,0.373,0.021,77.212,97.13302612304688,101376,0,0,0
7,rank7,25,pack_first_tx_ready,1,2.107,2.107,76.393,78.5,457,0,0,0
7,rank7,25,pack_mte3_exposed_wait,18,0.031,0.003,78.08,97.75,101376,0,0,0
7,rank7,26,kernel_total,1,71.284,71.284,76.114,147.39801025390625,0,0,0,0
7,rank7,26,pack_total,1,21.906,21.906,76.209,98.11502075195312,0,0,0,0
7,rank7,26,pack_input_wait,18,0.405,0.023,76.516,96.20901489257812,184320,0,0,0
7,rank7,26,pack_quantize,18,5.561,0.33,76.614,96.60702514648438,92160,198,0,0
7,rank7,26,pack_tx_publish,18,3.022,0.232,78.007,97.7750244140625,0,18,18,1152
7,rank7,26,receive_total,1,48.881,48.881,98.342,147.2230224609375,0,0,0,0
7,rank7,26,rx_flag_poll_wait,3,34.957,24.136,98.791,142.65701293945312,26,79,61,869
7,rank7,26,rx_unpack_wait,18,3.411,0.369,123.243,145.9210205078125,95040,0,0,0
7,rank7,26,rx_unpack_dequant_clear,21,1.767,0.166,123.792,146.302001953125,92160,198,0,0
7,rank7,26,rx_output,3,1.074,0.372,126.989,146.73699951171875,30720,2,2,0
7,rank7,26,start_gate,1,75.61,75.61,0.403,76.01300048828125,0,0,0,0
7,rank7,26,pack_tx_data_submit,18,0.375,0.021,77.035,96.75802612304688,101376,0,0,0
7,rank7,26,pack_first_tx_ready,1,2.137,2.137,76.222,78.3590087890625,475,0,0,0
7,rank7,26,pack_mte3_exposed_wait,18,0.035,0.003,77.925,97.36602783203125,101376,0,0,0
7,rank7,27,kernel_total,1,73.143,73.143,76.242,149.385009765625,0,0,0,0
7,rank7,27,pack_total,1,23.163,23.163,76.337,99.5,0,0,0,0
7,rank7,27,pack_input_wait,19,0.422,0.023,76.642,97.7750244140625,194560,0,0,0
7,rank7,27,pack_quantize,19,5.834,0.333,76.737,98.18902587890625,97280,209,0,0
7,rank7,27,pack_tx_publish,19,3.249,0.23,78.158,99.19601440429688,0,19,19,1216
7,rank7,27,receive_total,1,49.483,49.483,99.72,149.2030029296875,0,0,0,0
7,rank7,27,rx_flag_poll_wait,3,35.728,32.321,100.172,144.69400024414062,25,83,65,913
7,rank7,27,rx_unpack_wait,18,3.484,0.419,132.803,148.02902221679688,95040,0,0,0
7,rank7,27,rx_unpack_dequant_clear,21,1.77,0.163,133.294,148.4110107421875,92160,198,0,0
7,rank7,27,rx_output,3,1.034,0.356,136.531,148.83102416992188,30720,1,1,0
7,rank7,27,start_gate,1,75.49,75.49,0.651,76.14102172851562,0,0,0,0
7,rank7,27,pack_tx_data_submit,19,0.388,0.021,77.162,98.33502197265625,107008,0,0,0
7,rank7,27,pack_first_tx_ready,1,2.16,2.16,76.35,78.510009765625,493,0,0,0
7,rank7,27,pack_mte3_exposed_wait,19,0.035,0.003,78.066,98.83602905273438,107008,0,0,0
7,rank7,28,kernel_total,1,75.685,75.685,76.331,152.01602172851562,0,0,0,0
7,rank7,28,pack_total,1,21.765,21.765,76.426,98.19100952148438,0,0,0,0
7,rank7,28,pack_input_wait,18,0.403,0.023,76.731,96.48101806640625,184320,0,0,0
7,rank7,28,pack_quantize,18,5.534,0.345,76.826,96.89102172851562,92160,198,0,0
7,rank7,28,pack_tx_publish,18,2.902,0.219,78.226,97.84500122070312,0,18,18,1152
7,rank7,28,receive_total,1,53.402,53.402,98.427,151.82901000976562,0,0,0,0
7,rank7,28,rx_flag_poll_wait,3,39.3,30.257,98.873,147.31802368164062,32,91,73,1001
7,rank7,28,rx_unpack_wait,18,3.833,0.486,129.439,150.666015625,95040,0,0,0
7,rank7,28,rx_unpack_dequant_clear,21,1.8,0.185,129.849,151.0460205078125,92160,198,0,0
7,rank7,28,rx_output,3,1.011,0.34,133.297,151.46902465820312,30720,0,0,0
7,rank7,28,start_gate,1,75.229,75.229,1.0,76.22900390625,0,0,0,0
7,rank7,28,pack_tx_data_submit,18,0.371,0.021,77.263,97.041015625,101376,0,0,0
7,rank7,28,pack_first_tx_ready,1,2.125,2.125,76.438,78.56301879882812,512,0,0,0
7,rank7,28,pack_mte3_exposed_wait,18,0.032,0.003,78.138,97.52700805664062,101376,0,0,0
7,rank7,29,kernel_total,1,74.229,74.229,76.441,150.67001342773438,0,0,0,0
7,rank7,29,pack_total,1,21.801,21.801,76.536,98.33700561523438,0,0,0,0
7,rank7,29,pack_input_wait,18,0.405,0.023,76.841,96.64102172851562,184320,0,0,0
7,rank7,29,pack_quantize,18,5.538,0.337,76.939,97.04299926757812,92160,198,0,0
7,rank7,29,pack_tx_publish,18,3.03,0.243,78.332,98.03201293945312,0,18,18,1152
7,rank7,29,receive_total,1,51.927,51.927,98.556,150.48300170898438,0,0,0,0
7,rank7,29,rx_flag_poll_wait,3,38.389,29.153,98.976,145.95700073242188,45,88,70,968
7,rank7,29,rx_unpack_wait,18,3.246,0.396,128.424,149.218017578125,95040,0,0,0
7,rank7,29,rx_unpack_dequant_clear,21,1.778,0.182,128.829,149.5989990234375,92160,198,0,0
7,rank7,29,rx_output,3,1.03,0.349,131.941,150.02102661132812,30720,1,1,0
7,rank7,29,start_gate,1,74.002,74.002,2.338,76.34002685546875,0,0,0,0
7,rank7,29,pack_tx_data_submit,18,0.372,0.021,77.368,97.1920166015625,101376,0,0,0
7,rank7,29,pack_first_tx_ready,1,2.124,2.124,76.549,78.67300415039062,530,0,0,0
7,rank7,29,pack_mte3_exposed_wait,18,0.033,0.003,78.249,97.7020263671875,101376,0,0,0
7,rank7,30,kernel_total,1,81.071,81.071,75.803,156.8740234375,0,0,0,0
7,rank7,30,pack_total,1,22.193,22.193,75.897,98.09002685546875,0,0,0,0
7,rank7,30,pack_input_wait,18,0.405,0.023,76.203,96.27301025390625,184320,0,0,0
7,rank7,30,pack_quantize,18,5.599,0.342,76.298,96.68902587890625,92160,198,0,0
7,rank7,30,pack_tx_publish,18,3.242,0.239,77.713,97.75802612304688,0,18,18,1152
7,rank7,30,receive_total,1,58.381,58.381,98.308,156.68902587890625,0,0,0,0
7,rank7,30,rx_flag_poll_wait,3,44.856,43.111,98.756,152.23602294921875,44,107,89,1177
7,rank7,30,rx_unpack_wait,18,3.229,0.452,142.178,155.52001953125,95040,0,0,0
7,rank7,30,rx_unpack_dequant_clear,21,1.78,0.175,142.57,155.9000244140625,92160,198,0,0
7,rank7,30,rx_output,3,1.031,0.353,145.7,156.3280029296875,30720,2,1,0
7,rank7,30,start_gate,1,73.419,73.419,2.282,75.70101928710938,0,0,0,0
7,rank7,30,pack_tx_data_submit,18,0.37,0.021,76.732,96.83901977539062,101376,0,0,0
7,rank7,30,pack_first_tx_ready,1,2.163,2.163,75.91,78.07302856445312,548,0,0,0
7,rank7,30,pack_mte3_exposed_wait,18,0.033,0.003,77.625,97.35101318359375,101376,0,0,0
7,rank7,31,kernel_total,1,75.867,75.867,76.085,151.9520263671875,0,0,0,0
7,rank7,31,pack_total,1,23.131,23.131,76.18,99.31100463867188,0,0,0,0
7,rank7,31,pack_input_wait,19,0.427,0.023,76.486,97.4940185546875,194560,0,0,0
7,rank7,31,pack_quantize,19,5.923,0.336,76.581,97.91799926757812,97280,209,0,0
7,rank7,31,pack_tx_publish,19,3.256,0.228,77.984,98.99002075195312,0,19,19,1216
7,rank7,31,receive_total,1,52.244,52.244,99.519,151.76300048828125,0,0,0,0
7,rank7,31,rx_flag_poll_wait,3,38.598,36.828,99.93,147.17800903320312,25,93,75,1023
7,rank7,31,rx_unpack_wait,18,3.297,0.399,137.071,150.4630126953125,95040,0,0,0
7,rank7,31,rx_unpack_dequant_clear,21,1.769,0.175,137.495,150.84402465820312,92160,198,0,0
7,rank7,31,rx_output,3,1.026,0.346,140.645,151.26602172851562,30720,2,2,0
7,rank7,31,start_gate,1,74.36,74.36,1.624,75.9840087890625,0,0,0,0
7,rank7,31,pack_tx_data_submit,19,0.388,0.021,77.009,98.06402587890625,107008,0,0,0
7,rank7,31,pack_first_tx_ready,1,2.147,2.147,76.192,78.33901977539062,566,0,0,0
7,rank7,31,pack_mte3_exposed_wait,19,0.035,0.003,77.902,98.6610107421875,107008,0,0,0
7,rank7,32,kernel_total,1,76.781,76.781,75.598,152.3790283203125,0,0,0,0
7,rank7,32,pack_total,1,20.91,20.91,75.693,96.60302734375,0,0,0,0
7,rank7,32,pack_input_wait,18,0.405,0.023,76.0,94.89602661132812,184320,0,0,0
7,rank7,32,pack_quantize,18,5.544,0.337,76.098,95.29400634765625,92160,198,0,0
7,rank7,32,pack_tx_publish,18,2.064,0.118,77.48,96.27801513671875,0,18,18,1152
7,rank7,32,receive_total,1,55.374,55.374,96.816,152.19000244140625,0,0,0,0
7,rank7,32,rx_flag_poll_wait,3,41.391,24.46,97.222,147.53500366210938,40,92,74,1012
7,rank7,32,rx_unpack_wait,18,3.771,0.389,121.98,151.03500366210938,95040,0,0,0
7,rank7,32,rx_unpack_dequant_clear,21,1.788,0.175,122.412,151.416015625,92160,198,0,0
7,rank7,32,rx_output,3,1.032,0.349,125.759,151.84500122070312,30720,3,2,0
7,rank7,32,start_gate,1,73.334,73.334,2.163,75.49700927734375,0,0,0,0
7,rank7,32,pack_tx_data_submit,18,0.368,0.021,76.521,95.44500732421875,101376,0,0,0
7,rank7,32,pack_first_tx_ready,1,2.013,2.013,75.706,77.71902465820312,585,0,0,0
7,rank7,32,pack_mte3_exposed_wait,18,0.036,0.003,77.397,95.94100952148438,101376,0,0,0
7,rank7,33,kernel_total,1,74.957,74.957,75.319,150.2760009765625,0,0,0,0
7,rank7,33,pack_total,1,21.152,21.152,75.414,96.56600952148438,0,0,0,0
7,rank7,33,pack_input_wait,18,0.403,0.023,75.72,94.83700561523438,184320,0,0,0
7,rank7,33,pack_quantize,18,5.552,0.339,75.815,95.2490234375,92160,198,0,0
7,rank7,33,pack_tx_publish,18,2.379,0.142,77.22,96.260009765625,0,18,18,1152
7,rank7,33,receive_total,1,53.308,53.308,96.779,150.08700561523438,0,0,0,0
7,rank7,33,rx_flag_poll_wait,3,39.698,34.771,97.183,145.54501342773438,24,90,72,990
7,rank7,33,rx_unpack_wait,18,3.421,0.354,132.254,148.91302490234375,95040,0,0,0
7,rank7,33,rx_unpack_dequant_clear,21,1.782,0.175,132.65,149.29501342773438,92160,198,0,0
7,rank7,33,rx_output,3,1.05,0.358,135.697,149.73602294921875,30720,2,2,0
7,rank7,33,start_gate,1,73.973,73.973,1.245,75.218017578125,0,0,0,0
7,rank7,33,pack_tx_data_submit,18,0.368,0.021,76.246,95.4000244140625,101376,0,0,0
7,rank7,33,pack_first_tx_ready,1,2.023,2.023,75.426,77.44900512695312,603,0,0,0
7,rank7,33,pack_mte3_exposed_wait,18,0.034,0.003,77.129,95.91702270507812,101376,0,0,0
7,rank7,34,kernel_total,1,70.255,70.255,76.063,146.31802368164062,0,0,0,0
7,rank7,34,pack_total,1,22.372,22.372,76.157,98.52902221679688,0,0,0,0
7,rank7,34,pack_input_wait,19,0.425,0.023,76.463,96.81002807617188,194560,0,0,0
7,rank7,34,pack_quantize,19,6.151,0.368,76.558,97.21902465820312,97280,209,0,0
7,rank7,34,pack_tx_publish,19,2.27,0.135,78.007,98.21902465820312,0,19,19,1216
7,rank7,34,receive_total,1,47.371,47.371,98.752,146.12301635742188,0,0,0,0
7,rank7,34,rx_flag_poll_wait,3,33.511,29.8,99.151,141.57000732421875,34,74,56,814
7,rank7,34,rx_unpack_wait,18,3.692,0.36,129.236,144.96902465820312,95040,0,0,0
7,rank7,34,rx_unpack_dequant_clear,21,1.794,0.187,129.668,145.35101318359375,92160,198,0,0
7,rank7,34,rx_output,3,1.027,0.349,132.878,145.7750244140625,30720,3,2,0
7,rank7,34,start_gate,1,73.94,73.94,2.022,75.96200561523438,0,0,0,0
7,rank7,34,pack_tx_data_submit,19,0.389,0.021,77.018,97.36502075195312,107008,0,0,0
7,rank7,34,pack_first_tx_ready,1,2.075,2.075,76.17,78.24502563476562,621,0,0,0
7,rank7,34,pack_mte3_exposed_wait,19,0.036,0.003,77.919,97.885009765625,107008,0,0,0
7,rank7,35,kernel_total,1,74.782,74.782,76.036,150.81802368164062,0,0,0,0
7,rank7,35,pack_total,1,21.154,21.154,76.131,97.28500366210938,0,0,0,0
7,rank7,35,pack_input_wait,18,0.402,0.023,76.437,95.60800170898438,184320,0,0,0
7,rank7,35,pack_quantize,18,5.574,0.343,76.535,96.00100708007812,92160,198,0,0
7,rank7,35,pack_tx_publish,18,2.328,0.136,77.955,96.9739990234375,0,18,18,1152
7,rank7,35,receive_total,1,53.116,53.116,97.511,150.62701416015625,0,0,0,0
7,rank7,35,rx_flag_poll_wait,3,39.226,33.185,97.912,146.0770263671875,36,88,70,968
7,rank7,35,rx_unpack_wait,18,3.612,0.408,131.407,149.4730224609375,95040,0,0,0
7,rank7,35,rx_unpack_dequant_clear,21,1.792,0.191,131.967,149.85601806640625,92160,198,0,0
7,rank7,35,rx_output,3,1.021,0.346,134.989,150.2750244140625,30720,0,0,0
7,rank7,35,start_gate,1,74.402,74.402,1.533,75.93502807617188,0,0,0,0
7,rank7,35,pack_tx_data_submit,18,0.372,0.021,76.971,96.15802001953125,101376,0,0,0
7,rank7,35,pack_first_tx_ready,1,2.064,2.064,76.144,78.2080078125,640,0,0,0
7,rank7,35,pack_mte3_exposed_wait,18,0.034,0.003,77.864,96.65802001953125,101376,0,0,0
7,rank7,36,kernel_total,1,79.593,79.593,75.868,155.46102905273438,0,0,0,0
7,rank7,36,pack_total,1,20.92,20.92,75.963,96.88302612304688,0,0,0,0
7,rank7,36,pack_input_wait,18,0.405,0.023,76.269,95.22201538085938,184320,0,0,0
7,rank7,36,pack_quantize,18,5.521,0.328,76.364,95.61502075195312,92160,198,0,0
7,rank7,36,pack_tx_publish,18,2.1,0.128,77.772,96.57901000976562,0,18,18,1152
7,rank7,36,receive_total,1,58.176,58.176,97.092,155.26800537109375,0,0,0,0
7,rank7,36,rx_flag_poll_wait,3,44.502,27.777,97.501,150.67300415039062,46,100,82,1100
7,rank7,36,rx_unpack_wait,18,3.466,0.366,125.58,154.09500122070312,95040,0,0,0
7,rank7,36,rx_unpack_dequant_clear,21,1.781,0.174,125.997,154.47500610351562,92160,198,0,0
7,rank7,36,rx_output,3,1.029,0.348,129.084,154.90301513671875,30720,2,2,0
7,rank7,36,start_gate,1,74.77,74.77,0.997,75.76702880859375,0,0,0,0
7,rank7,36,pack_tx_data_submit,18,0.368,0.021,76.784,95.77301025390625,101376,0,0,0
7,rank7,36,pack_first_tx_ready,1,2.043,2.043,75.975,78.01800537109375,658,0,0,0
7,rank7,36,pack_mte3_exposed_wait,18,0.034,0.003,77.681,96.25900268554688,101376,0,0,0
7,rank7,37,kernel_total,1,80.586,80.586,76.1,156.68600463867188,0,0,0,0
7,rank7,37,pack_total,1,20.759,20.759,76.195,96.95401000976562,0,0,0,0
7,rank7,37,pack_input_wait,18,0.406,0.023,76.502,95.27902221679688,184320,0,0,0
7,rank7,37,pack_quantize,18,5.621,0.345,76.596,95.68301391601562,92160,198,0,0
7,rank7,37,pack_tx_publish,18,1.91,0.109,78.02,96.6500244140625,0,18,18,1152
7,rank7,37,receive_total,1,59.328,59.328,97.162,156.49002075195312,0,0,0,0
7,rank7,37,rx_flag_poll_wait,3,45.873,44.576,97.573,152.06002807617188,37,106,88,1166
7,rank7,37,rx_unpack_wait,18,3.273,0.336,142.444,155.31201171875,95040,0,0,0
7,rank7,37,rx_unpack_dequant_clear,21,1.775,0.171,142.847,155.69302368164062,92160,198,0,0
7,rank7,37,rx_output,3,1.035,0.349,145.977,156.125,30720,2,2,0
7,rank7,37,start_gate,1,75.656,75.656,0.343,75.9990234375,0,0,0,0
7,rank7,37,pack_tx_data_submit,18,0.372,0.021,77.034,95.8330078125,101376,0,0,0
7,rank7,37,pack_first_tx_ready,1,2.035,2.035,76.207,78.24200439453125,676,0,0,0
7,rank7,37,pack_mte3_exposed_wait,18,0.036,0.004,77.928,96.3280029296875,101376,0,0,0
7,rank7,38,kernel_total,1,76.472,76.472,75.962,152.43402099609375,0,0,0,0
7,rank7,38,pack_total,1,22.001,22.001,76.057,98.05801391601562,0,0,0,0
7,rank7,38,pack_input_wait,19,0.426,0.023,76.363,96.36300659179688,194560,0,0,0
7,rank7,38,pack_quantize,19,5.879,0.343,76.458,96.7650146484375,97280,209,0,0
7,rank7,38,pack_tx_publish,19,2.217,0.126,77.885,97.75201416015625,0,19,19,1216
7,rank7,38,receive_total,1,53.966,53.966,98.277,152.24301147460938,0,0,0,0
7,rank7,38,rx_flag_poll_wait,3,40.315,37.883,98.683,147.73501586914062,33,91,73,1001
7,rank7,38,rx_unpack_wait,18,3.487,0.452,136.867,151.07601928710938,95040,0,0,0
7,rank7,38,rx_unpack_dequant_clear,21,1.781,0.185,137.272,151.45700073242188,92160,198,0,0
7,rank7,38,rx_output,3,1.005,0.341,140.503,151.88101196289062,30720,3,2,0
7,rank7,38,start_gate,1,73.865,73.865,1.996,75.86102294921875,0,0,0,0
7,rank7,38,pack_tx_data_submit,19,0.392,0.021,76.894,96.9110107421875,107008,0,0,0
7,rank7,38,pack_first_tx_ready,1,2.036,2.036,76.07,78.10601806640625,694,0,0,0
7,rank7,38,pack_mte3_exposed_wait,19,0.037,0.003,77.797,97.4210205078125,107008,0,0,0
7,rank7,39,kernel_total,1,77.395,77.395,75.466,152.86102294921875,0,0,0,0
7,rank7,39,pack_total,1,20.929,20.929,75.56,96.489013671875,0,0,0,0
7,rank7,39,pack_input_wait,18,0.405,0.023,75.866,94.80599975585938,184320,0,0,0
7,rank7,39,pack_quantize,18,5.553,0.34,75.965,95.20700073242188,92160,198,0,0
7,rank7,39,pack_tx_publish,18,2.107,0.126,77.358,96.17501831054688,0,18,18,1152
7,rank7,39,receive_total,1,55.966,55.966,96.709,152.67501831054688,0,0,0,0
7,rank7,39,rx_flag_poll_wait,3,42.545,34.245,97.115,148.26202392578125,34,98,80,1078
7,rank7,39,rx_unpack_wait,18,3.275,0.346,131.66,151.51901245117188,95040,0,0,0
7,rank7,39,rx_unpack_dequant_clear,21,1.779,0.185,132.078,151.89901733398438,92160,198,0,0
7,rank7,39,rx_output,3,1.016,0.342,135.314,152.32101440429688,30720,1,1,0
7,rank7,39,start_gate,1,73.163,73.163,2.201,75.364013671875,0,0,0,0
7,rank7,39,pack_tx_data_submit,18,0.372,0.021,76.397,95.35702514648438,101376,0,0,0
7,rank7,39,pack_first_tx_ready,1,2.035,2.035,75.573,77.60800170898438,713,0,0,0
7,rank7,39,pack_mte3_exposed_wait,18,0.035,0.003,77.276,95.85400390625,101376,0,0,0
7,rank7,40,kernel_total,1,74.28,74.28,75.35,149.6300048828125,0,0,0,0
7,rank7,40,pack_total,1,20.808,20.808,75.445,96.25302124023438,0,0,0,0
7,rank7,40,pack_input_wait,18,0.408,0.023,75.751,94.57000732421875,184320,0,0,0
7,rank7,40,pack_quantize,18,5.527,0.328,75.85,94.97201538085938,92160,198,0,0
7,rank7,40,pack_tx_publish,18,2.014,0.124,77.256,95.95001220703125,0,18,18,1152
7,rank7,40,receive_total,1,52.992,52.992,96.454,149.44601440429688,0,0,0,0
7,rank7,40,rx_flag_poll_wait,3,39.175,32.645,96.87,144.88302612304688,36,86,68,946
7,rank7,40,rx_unpack_wait,18,3.567,0.389,129.839,148.27102661132812,95040,0,0,0
7,rank7,40,rx_unpack_dequant_clear,21,1.771,0.164,130.254,148.6510009765625,92160,198,0,0
7,rank7,40,rx_output,3,1.046,0.351,133.333,149.08200073242188,30720,3,2,0
7,rank7,40,start_gate,1,73.163,73.163,2.086,75.2490234375,0,0,0,0
7,rank7,40,pack_tx_data_submit,18,0.37,0.021,76.27,95.12200927734375,101376,0,0,0
7,rank7,40,pack_first_tx_ready,1,2.04,2.04,75.458,77.49801635742188,731,0,0,0
7,rank7,40,pack_mte3_exposed_wait,18,0.033,0.004,77.168,95.61700439453125,101376,0,0,0
7,rank7,41,kernel_total,1,87.519,87.519,75.376,162.89501953125,0,0,0,0
7,rank7,41,pack_total,1,22.284,22.284,75.471,97.7550048828125,0,0,0,0
7,rank7,41,pack_input_wait,19,0.427,0.023,75.777,96.07101440429688,194560,0,0,0
7,rank7,41,pack_quantize,19,5.888,0.374,75.872,96.47500610351562,97280,209,0,0
7,rank7,41,pack_tx_publish,19,2.364,0.131,77.306,97.45101928710938,0,19,19,1216
7,rank7,41,receive_total,1,64.759,64.759,97.955,162.71401977539062,0,0,0,0
7,rank7,41,rx_flag_poll_wait,4,47.005,42.395,98.408,158.5,40,106,82,1166
7,rank7,41,rx_unpack_wait,24,4.241,0.391,141.127,161.63601684570312,126720,0,0,0
7,rank7,41,rx_unpack_dequant_clear,28,2.33,0.163,141.584,162.01702880859375,122880,264,0,0
7,rank7,41,rx_output,4,1.398,0.355,144.719,162.4420166015625,40960,0,0,0
7,rank7,41,start_gate,1,74.869,74.869,0.406,75.2750244140625,0,0,0,0
7,rank7,41,pack_tx_data_submit,19,0.393,0.021,76.338,96.62200927734375,107008,0,0,0
7,rank7,41,pack_first_tx_ready,1,2.079,2.079,75.484,77.56301879882812,749,0,0,0
7,rank7,41,pack_mte3_exposed_wait,19,0.037,0.003,77.22,97.1190185546875,107008,0,0,0
7,rank7,42,kernel_total,1,97.194,97.194,76.601,173.79501342773438,0,0,0,0
7,rank7,42,send_total,1,75.874,75.874,79.638,155.51202392578125,0,0,0,0
7,rank7,42,tx_meta_scan,35,5.743,0.242,81.46,136.19500732421875,0,6,29,0
7,rank7,42,tx_ready_poll,44,0.095,0.003,81.156,135.7750244140625,9,35,0,0
7,rank7,42,self_copy,6,5.1,0.941,81.87,115.7760009765625,33792,0,0,0
7,rank7,42,udma_post,29,28.225,1.625,84.137,137.05902099609375,163328,29,1,0
7,rank7,42,udma_quiet,6,15.127,3.39,138.945,155.25701904296875,6,0,0,0
7,rank7,42,local_rx_wait,1,9.978,9.978,155.664,165.64202880859375,42,0,0,0
7,rank7,42,round_publish,1,7.828,7.828,165.779,173.60702514648438,1,64,1,1
7,rank7,42,global_round_wait,1,2.832,2.832,76.694,79.5260009765625,1,127,0,0
7,rank7,42,start_gate,1,75.671,75.671,0.831,76.50201416015625,1,64,1,1
7,rank7,43,kernel_total,1,96.149,96.149,75.489,171.63800048828125,0,0,0,0
7,rank7,43,send_total,1,76.425,76.425,79.454,155.8790283203125,0,0,0,0
7,rank7,43,tx_meta_scan,35,5.587,0.232,81.187,137.9580078125,0,8,27,0
7,rank7,43,tx_ready_poll,44,0.102,0.003,80.975,137.55401611328125,9,35,0,0
7,rank7,43,self_copy,8,6.741,1.001,90.465,127.61801147460938,45056,0,0,0
7,rank7,43,udma_post,27,28.215,1.458,81.512,139.16201782226562,152064,27,1,0
7,rank7,43,udma_quiet,7,13.179,3.152,141.036,155.63201904296875,7,0,0,0
7,rank7,43,local_rx_wait,1,0.335,0.335,155.94,156.2750244140625,0,0,0,0
7,rank7,43,round_publish,1,4.867,4.867,166.487,171.35400390625,1,64,1,1
7,rank7,43,global_round_wait,1,3.76,3.76,75.582,79.34201049804688,1,127,0,0
7,rank7,43,start_gate,1,74.321,74.321,1.074,75.39501953125,1,64,1,1
7,rank7,44,kernel_total,1,96.088,96.088,75.265,171.35302734375,0,0,0,0
7,rank7,44,send_total,1,77.139,77.139,79.56,156.69900512695312,0,0,0,0
7,rank7,44,tx_meta_scan,35,5.588,0.206,81.434,137.13201904296875,0,6,29,0
7,rank7,44,tx_ready_poll,42,0.095,0.003,81.08,136.86102294921875,7,35,0,0
7,rank7,44,self_copy,6,5.138,0.902,106.705,138.01901245117188,33792,0,0,0
7,rank7,44,udma_post,29,30.94,1.557,81.775,136.57901000976562,163328,29,1,0
7,rank7,44,udma_quiet,7,15.086,3.639,139.899,156.426025390625,7,0,0,0
7,rank7,44,local_rx_wait,1,2.357,2.357,156.76,159.11700439453125,0,0,0,0
7,rank7,44,round_publish,1,4.664,4.664,166.409,171.07302856445312,1,64,1,1
7,rank7,44,global_round_wait,1,4.089,4.089,75.359,79.44802856445312,1,127,0,0
7,rank7,44,start_gate,1,73.594,73.594,1.573,75.16702270507812,1,64,1,1
7,rank7,45,kernel_total,1,95.919,95.919,75.52,171.43902587890625,0,0,0,0
7,rank7,45,send_total,1,77.852,77.852,79.424,157.2760009765625,0,0,0,0
7,rank7,45,tx_meta_scan,35,5.467,0.168,82.439,138.71701049804688,0,3,32,0
7,rank7,45,tx_ready_poll,48,0.111,0.003,80.941,138.44302368164062,13,35,0,0
7,rank7,45,self_copy,3,2.542,0.88,101.862,130.51101684570312,16896,0,0,0
7,rank7,45,udma_post,32,32.308,1.602,82.77,139.89102172851562,180224,32,1,0
7,rank7,45,udma_quiet,6,14.179,2.896,141.607,156.98001098632812,6,0,0,0
7,rank7,45,local_rx_wait,1,0.443,0.443,157.337,157.780029296875,0,0,0,0
7,rank7,45,round_publish,1,4.724,4.724,166.434,171.15802001953125,1,64,1,1
7,rank7,45,global_round_wait,1,3.704,3.704,75.613,79.3170166015625,1,127,0,0
7,rank7,45,start_gate,1,74.096,74.096,1.325,75.4210205078125,1,64,1,1
7,rank7,46,kernel_total,1,98.252,98.252,75.275,173.52700805664062,0,0,0,0
7,rank7,46,send_total,1,78.073,78.073,79.519,157.59201049804688,0,0,0,0
7,rank7,46,tx_meta_scan,35,5.597,0.224,81.665,137.53900146484375,0,4,31,0
7,rank7,46,tx_ready_poll,43,0.107,0.003,81.037,137.14401245117188,8,35,0,0
7,rank7,46,self_copy,4,3.455,1.018,99.35,119.41302490234375,22528,0,0,0
7,rank7,46,udma_post,31,32.708,1.731,81.996,138.7230224609375,174592,31,1,0
7,rank7,46,udma_quiet,7,15.313,4.221,140.579,157.32601928710938,7,0,0,0
7,rank7,46,local_rx_wait,1,0.355,0.355,157.728,158.0830078125,0,0,0,0
7,rank7,46,round_publish,1,6.746,6.746,166.511,173.25701904296875,1,64,1,1
7,rank7,46,global_round_wait,1,4.044,4.044,75.368,79.41201782226562,1,127,0,0
7,rank7,46,start_gate,1,74.336,74.336,0.845,75.18099975585938,1,64,1,1
7,rank7,47,kernel_total,1,96.661,96.661,76.007,172.66799926757812,0,0,0,0
7,rank7,47,send_total,1,77.915,77.915,79.392,157.3070068359375,0,0,0,0
7,rank7,47,tx_meta_scan,35,5.831,0.218,81.6,138.0460205078125,0,5,30,0
7,rank7,47,tx_ready_poll,45,0.103,0.003,80.911,137.7760009765625,10,35,0,0
7,rank7,47,self_copy,5,4.957,1.137,111.886,136.15902709960938,28160,0,0,0
7,rank7,47,udma_post,30,30.498,1.716,81.956,139.14602661132812,168960,30,1,0
7,rank7,47,udma_quiet,7,14.599,3.122,141.0,157.03802490234375,7,0,0,0
7,rank7,47,local_rx_wait,1,0.54,0.54,157.45,157.99002075195312,0,0,0,0
7,rank7,47,round_publish,1,5.832,5.832,166.566,172.39801025390625,1,64,1,1
7,rank7,47,global_round_wait,1,3.181,3.181,76.1,79.281005859375,1,127,0,0
7,rank7,47,start_gate,1,74.302,74.302,1.605,75.90701293945312,1,64,1,1
7,rank7,48,kernel_total,1,96.146,96.146,75.675,171.82101440429688,0,0,0,0
7,rank7,48,send_total,1,79.257,79.257,79.953,159.21002197265625,0,0,0,0
7,rank7,48,tx_meta_scan,35,5.905,0.218,82.197,139.82101440429688,0,4,31,0
7,rank7,48,tx_ready_poll,46,0.096,0.003,81.474,139.43402099609375,11,35,0,0
7,rank7,48,self_copy,4,3.438,0.94,89.569,111.29400634765625,22528,0,0,0
7,rank7,48,udma_post,31,31.92,1.607,82.528,140.7540283203125,174592,31,1,0
7,rank7,48,udma_quiet,7,14.976,2.786,142.542,158.95001220703125,7,0,0,0
7,rank7,48,local_rx_wait,1,0.588,0.588,159.275,159.86300659179688,0,0,0,0
7,rank7,48,round_publish,1,5.069,5.069,166.465,171.53402709960938,1,64,1,1
7,rank7,48,global_round_wait,1,4.074,4.074,75.768,79.84201049804688,1,127,0,0
7,rank7,48,start_gate,1,75.03,75.03,0.546,75.57601928710938,1,64,1,1
7,rank7,49,kernel_total,1,91.718,91.718,75.624,167.34201049804688,0,0,0,0
7,rank7,49,send_total,1,84.478,84.478,79.507,163.98501586914062,0,0,0,0
7,rank7,49,tx_meta_scan,35,5.872,0.298,81.779,141.08200073242188,0,0,35,0
7,rank7,49,tx_ready_poll,47,0.107,0.003,81.03,140.83502197265625,12,35,0,0
7,rank7,49,udma_post,35,37.001,1.686,82.11,142.20901489257812,197120,35,1,0
7,rank7,49,udma_quiet,7,18.219,3.716,143.991,163.71902465820312,7,0,0,0
7,rank7,49,local_rx_wait,1,0.3,0.3,164.046,164.34600830078125,0,0,0,0
7,rank7,49,round_publish,1,0.509,0.509,166.548,167.0570068359375,0,0,0,0
7,rank7,49,global_round_wait,1,3.678,3.678,75.718,79.39602661132812,0,127,0,0
7,rank7,49,start_gate,1,73.69,73.69,1.835,75.5250244140625,0,0,0,0
7,rank7,50,kernel_total,1,83.198,83.198,76.189,159.38702392578125,0,0,0,0
7,rank7,50,send_total,1,78.432,78.432,79.81,158.24200439453125,0,0,0,0
7,rank7,50,tx_meta_scan,35,5.665,0.228,82.049,137.42401123046875,0,3,32,0
7,rank7,50,tx_ready_poll,43,0.099,0.003,81.328,137.05801391601562,8,35,0,0
7,rank7,50,self_copy,3,2.777,1.135,110.116,132.40402221679688,16896,0,0,0
7,rank7,50,udma_post,32,33.434,2.339,82.455,138.54702758789062,180224,32,1,0
7,rank7,50,udma_quiet,7,16.04,3.29,140.488,157.9730224609375,7,0,0,0
7,rank7,50,local_rx_wait,1,0.571,0.571,158.306,158.87701416015625,0,0,0,0
7,rank7,50,global_round_wait,1,3.416,3.416,76.282,79.69802856445312,0,0,0,0
7,rank7,50,start_gate,1,74.229,74.229,1.861,76.09002685546875,0,0,0,0
7,rank7,51,kernel_total,1,85.237,85.237,75.83,161.0670166015625,0,0,0,0
7,rank7,51,send_total,1,80.704,80.704,79.475,160.17901611328125,0,0,0,0
7,rank7,51,tx_meta_scan,35,5.888,0.264,81.875,139.24600219726562,0,1,34,0
7,rank7,51,tx_ready_poll,44,0.105,0.003,80.994,138.87200927734375,9,35,0,0
7,rank7,51,self_copy,1,0.867,0.867,131.482,132.3489990234375,5632,0,0,0
7,rank7,51,udma_post,34,35.918,2.522,82.223,140.28701782226562,191488,34,1,0
7,rank7,51,udma_quiet,7,16.293,3.707,142.208,159.91799926757812,7,0,0,0
7,rank7,51,local_rx_wait,1,0.307,0.307,160.247,160.55401611328125,0,0,0,0
7,rank7,51,global_round_wait,1,3.437,3.437,75.924,79.36102294921875,0,0,0,0
7,rank7,51,start_gate,1,73.617,73.617,2.115,75.73202514648438,0,0,0,0
7,rank7,52,kernel_total,1,86.78,86.78,75.575,162.35501098632812,0,0,0,0
7,rank7,52,send_total,1,81.736,81.736,79.742,161.47802734375,0,0,0,0
7,rank7,52,tx_meta_scan,35,5.728,0.239,82.707,141.85000610351562,0,4,31,0
7,rank7,52,tx_ready_poll,46,0.111,0.003,81.338,141.45901489257812,11,35,0,0
7,rank7,52,self_copy,4,3.377,0.942,92.31,133.66201782226562,22528,0,0,0
7,rank7,52,udma_post,31,34.035,1.729,83.038,142.95602416992188,174592,31,1,0
7,rank7,52,udma_quiet,7,15.111,3.377,144.719,161.24200439453125,7,0,0,0
7,rank7,52,local_rx_wait,1,0.286,0.286,161.538,161.82400512695312,0,0,0,0
7,rank7,52,global_round_wait,1,3.962,3.962,75.669,79.63101196289062,0,0,0,0
7,rank7,52,start_gate,1,74.868,74.868,0.608,75.47601318359375,0,0,0,0
7,rank7,53,kernel_total,1,82.857,82.857,75.397,158.2540283203125,0,0,0,0
7,rank7,53,send_total,1,77.413,77.413,79.845,157.25802612304688,0,0,0,0
7,rank7,53,tx_meta_scan,35,5.948,0.257,81.957,138.51300048828125,0,8,27,0
7,rank7,53,tx_ready_poll,41,0.1,0.003,81.361,138.11001586914062,6,35,0,0
7,rank7,53,self_copy,8,6.68,0.917,90.362,139.55001831054688,45056,0,0,0
7,rank7,53,udma_post,27,29.497,2.397,82.363,136.25,152064,27,1,0
7,rank7,53,udma_quiet,7,14.015,3.664,141.481,157.01300048828125,7,0,0,0
7,rank7,53,local_rx_wait,1,0.412,0.412,157.319,157.73101806640625,0,0,0,0
7,rank7,53,global_round_wait,1,4.242,4.242,75.491,79.73300170898438,0,0,0,0
7,rank7,53,start_gate,1,74.657,74.657,0.642,75.29901123046875,0,0,0,0
7,rank7,54,kernel_total,1,85.281,85.281,76.388,161.66900634765625,0,0,0,0
7,rank7,54,send_total,1,80.86,80.86,79.892,160.75201416015625,0,0,0,0
7,rank7,54,tx_meta_scan,35,5.642,0.235,81.919,139.93701171875,0,3,32,0
7,rank7,54,tx_ready_poll,42,0.103,0.003,81.409,139.68402099609375,7,35,0,0
7,rank7,54,self_copy,3,2.484,0.865,88.043,134.71002197265625,16896,0,0,0
7,rank7,54,udma_post,32,34.371,2.373,82.297,141.16201782226562,180224,32,1,0
7,rank7,54,udma_quiet,7,16.02,2.828,143.058,160.5040283203125,7,0,0,0
7,rank7,54,local_rx_wait,1,0.342,0.342,160.816,161.15802001953125,0,0,0,0
7,rank7,54,global_round_wait,1,3.3,3.3,76.481,79.781005859375,0,0,0,0
7,rank7,54,start_gate,1,75.531,75.531,0.763,76.29400634765625,0,0,0,0
7,rank7,55,kernel_total,1,85.289,85.289,76.293,161.58200073242188,0,0,0,0
7,rank7,55,send_total,1,80.789,80.789,79.785,160.57400512695312,0,0,0,0
7,rank7,55,tx_meta_scan,35,6.016,0.322,81.779,140.14501953125,0,5,30,0
7,rank7,55,tx_ready_poll,43,0.096,0.003,81.306,139.7340087890625,8,35,0,0
7,rank7,55,self_copy,5,4.031,0.863,90.337,127.30502319335938,28160,0,0,0
7,rank7,55,udma_post,30,32.046,2.353,82.153,141.27801513671875,168960,30,1,0
7,rank7,55,udma_quiet,7,15.467,3.873,143.168,160.31301879882812,7,0,0,0
7,rank7,55,local_rx_wait,1,0.434,0.434,160.635,161.06900024414062,0,0,0,0
7,rank7,55,global_round_wait,1,3.287,3.287,76.386,79.67300415039062,0,0,0,0
7,rank7,55,start_gate,1,75.153,75.153,1.041,76.19400024414062,0,0,0,0
7,rank7,56,kernel_total,1,85.387,85.387,75.444,160.83102416992188,0,0,0,0
7,rank7,56,send_total,1,80.246,80.246,79.678,159.92401123046875,0,0,0,0
7,rank7,56,tx_meta_scan,35,6.042,0.251,81.549,138.71502685546875,0,3,32,0
7,rank7,56,tx_ready_poll,42,0.095,0.003,81.194,138.27801513671875,7,35,0,0
7,rank7,56,self_copy,3,2.438,0.832,128.012,133.38400268554688,16896,0,0,0
7,rank7,56,udma_post,32,34.167,2.581,81.902,139.83700561523438,180224,32,1,0
7,rank7,56,udma_quiet,7,16.285,4.064,141.812,159.66500854492188,7,0,0,0
7,rank7,56,local_rx_wait,1,0.314,0.314,159.989,160.30300903320312,0,0,0,0
7,rank7,56,global_round_wait,1,4.033,4.033,75.538,79.57101440429688,0,0,0,0
7,rank7,56,start_gate,1,73.204,73.204,2.14,75.34402465820312,0,0,0,0
7,rank7,57,kernel_total,1,84.837,84.837,75.24,160.0770263671875,0,0,0,0
7,rank7,57,send_total,1,79.129,79.129,79.919,159.04800415039062,0,0,0,0
7,rank7,57,tx_meta_scan,35,6.036,0.24,81.879,137.4630126953125,0,0,35,0
7,rank7,57,tx_ready_poll,41,0.093,0.003,81.436,137.05902099609375,6,35,0,0
7,rank7,57,udma_post,35,35.501,2.16,82.337,138.46701049804688,197120,35,1,0
7,rank7,57,udma_quiet,7,16.752,3.34,140.452,158.7760009765625,7,0,0,0
7,rank7,57,local_rx_wait,1,0.437,0.437,159.108,159.54501342773438,0,0,0,0
7,rank7,57,global_round_wait,1,4.479,4.479,75.333,79.81201171875,0,0,0,0
7,rank7,57,start_gate,1,73.371,73.371,1.77,75.14102172851562,0,0,0,0
7,rank7,58,kernel_total,1,86.894,86.894,75.411,162.30502319335938,0,0,0,0
7,rank7,58,send_total,1,81.552,81.552,79.856,161.40802001953125,0,0,0,0
7,rank7,58,tx_meta_scan,35,5.96,0.249,81.84,138.8280029296875,0,0,35,0
7,rank7,58,tx_ready_poll,42,0.097,0.003,81.372,138.531005859375,7,35,0,0
7,rank7,58,udma_post,35,35.037,2.296,82.255,139.73202514648438,197120,35,1,0
7,rank7,58,udma_quiet,7,17.867,4.454,141.711,161.1290283203125,7,0,0,0
7,rank7,58,local_rx_wait,1,0.31,0.31,161.472,161.78201293945312,0,0,0,0
7,rank7,58,global_round_wait,1,4.244,4.244,75.504,79.74801635742188,0,0,0,0
7,rank7,58,start_gate,1,74.515,74.515,0.797,75.31201171875,0,0,0,0
7,rank7,59,kernel_total,1,82.218,82.218,76.67,158.88800048828125,0,0,0,0
7,rank7,59,send_total,1,78.189,78.189,79.651,157.84002685546875,0,0,0,0
7,rank7,59,tx_meta_scan,35,5.906,0.219,82.141,139.10501098632812,0,7,28,0
7,rank7,59,tx_ready_poll,44,0.098,0.003,81.175,138.72201538085938,9,35,0,0
7,rank7,59,self_copy,7,6.228,0.949,82.585,140.12600708007812,39424,0,0,0
7,rank7,59,udma_post,28,29.966,1.764,84.613,138.4580078125,157696,28,1,0
7,rank7,59,udma_quiet,7,14.141,3.812,141.953,157.5780029296875,7,0,0,0
7,rank7,59,local_rx_wait,1,0.434,0.434,157.901,158.33502197265625,0,0,0,0
7,rank7,59,global_round_wait,1,2.781,2.781,76.763,79.54400634765625,0,0,0,0
7,rank7,59,start_gate,1,76.571,76.571,0.0,76.57101440429688,0,0,0,0
7,rank7,60,kernel_total,1,83.31,83.31,75.551,158.86102294921875,0,0,0,0
7,rank7,60,send_total,1,78.226,78.226,79.723,157.94900512695312,0,0,0,0
7,rank7,60,tx_meta_scan,35,6.16,0.276,82.172,139.676025390625,0,7,28,0
7,rank7,60,tx_ready_poll,45,0.105,0.003,81.258,139.41000366210938,10,35,0,0
7,rank7,60,self_copy,7,5.666,0.928,82.641,120.87802124023438,39424,0,0,0
7,rank7,60,udma_post,28,29.29,1.701,86.31,140.8330078125,157696,28,1,0
7,rank7,60,udma_quiet,7,13.52,3.338,142.658,157.68099975585938,7,0,0,0
7,rank7,60,local_rx_wait,1,0.316,0.316,158.01,158.32601928710938,0,0,0,0
7,rank7,60,global_round_wait,1,3.962,3.962,75.645,79.60702514648438,0,0,0,0
7,rank7,60,start_gate,1,75.38,75.38,0.072,75.4520263671875,0,0,0,0
7,rank7,61,kernel_total,1,87.552,87.552,75.895,163.447021484375,0,0,0,0
7,rank7,61,send_total,1,77.858,77.858,79.592,157.45001220703125,0,0,0,0
7,rank7,61,tx_meta_scan,35,5.997,0.317,82.0,137.06500244140625,0,1,34,0
7,rank7,61,tx_ready_poll,45,0.108,0.003,81.128,136.70501708984375,10,35,0,0
7,rank7,61,self_copy,1,0.81,0.81,95.559,96.3690185546875,5632,0,0,0
7,rank7,61,udma_post,34,33.115,2.247,82.367,137.99102783203125,191488,34,1,0
7,rank7,61,udma_quiet,7,15.835,3.374,139.817,157.176025390625,7,0,0,0
7,rank7,61,local_rx_wait,1,5.407,5.407,157.514,162.9210205078125,0,0,0,0
7,rank7,61,global_round_wait,1,3.487,3.487,75.989,79.47601318359375,0,0,0,0
7,rank7,61,start_gate,1,74.376,74.376,1.42,75.7960205078125,0,0,0,0
7,rank7,62,kernel_total,1,83.616,83.616,75.644,159.260009765625,0,0,0,0
7,rank7,62,send_total,1,78.148,78.148,79.611,157.75900268554688,0,0,0,0
7,rank7,62,tx_meta_scan,34,5.745,0.279,82.035,137.81002807617188,0,1,33,0
7,rank7,62,tx_ready_poll,45,0.106,0.003,81.148,137.55001831054688,11,34,0,0
7,rank7,62,self_copy,1,0.872,0.872,121.546,122.41799926757812,5632,0,0,0
7,rank7,62,udma_post,33,33.279,2.249,82.461,138.83502197265625,185856,33,1,0
7,rank7,62,udma_quiet,6,15.598,4.762,140.674,157.44100952148438,6,0,0,0
7,rank7,62,local_rx_wait,1,0.919,0.919,157.823,158.74200439453125,0,0,0,0
7,rank7,62,global_round_wait,1,3.759,3.759,75.737,79.49600219726562,0,0,0,0
7,rank7,62,start_gate,1,75.514,75.514,0.031,75.54501342773438,0,0,0,0
7,rank7,63,kernel_total,1,83.846,83.846,75.938,159.78402709960938,0,0,0,0
7,rank7,63,send_total,1,79.134,79.134,79.758,158.89202880859375,0,0,0,0
7,rank7,63,tx_meta_scan,34,5.592,0.205,82.218,138.19601440429688,0,3,31,0
7,rank7,63,tx_ready_poll,44,0.108,0.003,81.3,137.94500732421875,10,34,0,0
7,rank7,63,self_copy,3,2.615,0.969,94.558,121.48699951171875,16896,0,0,0
7,rank7,63,udma_post,31,32.927,2.204,82.614,139.26101684570312,174592,31,1,0
7,rank7,63,udma_quiet,7,15.94,3.525,141.15,158.625,7,0,0,0
7,rank7,63,local_rx_wait,1,0.31,0.31,158.953,159.26300048828125,0,0,0,0
7,rank7,63,global_round_wait,1,3.619,3.619,76.032,79.6510009765625,0,0,0,0
7,rank7,63,start_gate,1,74.323,74.323,1.516,75.83901977539062,0,0,0,0
