rank,host,core,stage,count,sum_us,max_us,start_us,end_us,aux0,aux1,aux2,aux3
0,rank0,0,kernel_total,1,6.677,6.677,102.051,108.72799682617188,0,0,0,0
0,rank0,0,pack_total,1,5.579,5.579,102.146,107.72500610351562,0,0,0,0
0,rank0,0,pack_input_wait,4,0.089,0.023,102.449,105.87600708007812,40960,0,0,0
0,rank0,0,pack_quantize,4,1.258,0.335,102.55,106.28302001953125,20480,44,0,0
0,rank0,0,pack_tx_publish,4,0.74,0.245,103.986,107.33599853515625,0,4,4,256
0,rank0,0,receive_total,1,0.557,0.557,107.93,108.48699951171875,0,0,0,0
0,rank0,0,start_gate,1,100.066,100.066,1.884,101.95001220703125,0,0,0,0
0,rank0,0,pack_tx_data_submit,4,0.084,0.021,102.986,106.44000244140625,22528,0,0,0
0,rank0,0,pack_first_tx_ready,1,2.199,2.199,102.159,104.35800170898438,0,0,0,0
0,rank0,0,pack_mte3_exposed_wait,4,0.01,0.003,103.893,106.97500610351562,22528,0,0,0
0,rank0,1,kernel_total,1,29.822,29.822,101.847,131.66900634765625,0,0,0,0
0,rank0,1,pack_total,1,6.898,6.898,101.942,108.84002685546875,0,0,0,0
0,rank0,1,pack_input_wait,5,0.113,0.023,102.313,106.875,51200,0,0,0
0,rank0,1,pack_quantize,5,1.563,0.346,102.407,107.301025390625,25600,55,0,0
0,rank0,1,pack_tx_publish,5,0.995,0.249,103.824,108.5150146484375,0,5,5,320
0,rank0,1,receive_total,1,22.45,22.45,109.046,131.49600219726562,0,0,0,0
0,rank0,1,rx_flag_poll_wait,1,17.736,17.736,109.465,127.20101928710938,16,40,34,440
0,rank0,1,rx_unpack_wait,6,0.864,0.312,127.494,130.32400512695312,31680,0,0,0
0,rank0,1,rx_unpack_dequant_clear,7,0.651,0.172,127.878,130.72000122070312,30720,66,0,0
0,rank0,1,rx_output,1,0.331,0.331,130.824,131.15499877929688,10240,0,0,0
0,rank0,1,start_gate,1,100.712,100.712,1.034,101.74600219726562,0,0,0,0
0,rank0,1,pack_tx_data_submit,5,0.105,0.021,102.849,107.4520263671875,28160,0,0,0
0,rank0,1,pack_first_tx_ready,1,2.237,2.237,101.955,104.1920166015625,4,0,0,0
0,rank0,1,pack_mte3_exposed_wait,5,0.01,0.003,103.734,108.10800170898438,28160,0,0,0
0,rank0,2,kernel_total,1,31.046,31.046,102.081,133.12701416015625,0,0,0,0
0,rank0,2,pack_total,1,5.627,5.627,102.175,107.802001953125,0,0,0,0
0,rank0,2,pack_input_wait,4,0.089,0.023,102.479,105.760009765625,40960,0,0,0
0,rank0,2,pack_quantize,4,1.233,0.32,102.58,106.16302490234375,20480,44,0,0
0,rank0,2,pack_tx_publish,4,0.749,0.252,103.988,107.43600463867188,0,4,4,256
0,rank0,2,receive_total,1,24.956,24.956,108.007,132.9630126953125,0,0,0,0
0,rank0,2,rx_flag_poll_wait,1,19.94,19.94,108.413,128.35299682617188,21,45,39,495
0,rank0,2,rx_unpack_wait,6,0.969,0.345,128.627,131.62899780273438,31680,0,0,0
0,rank0,2,rx_unpack_dequant_clear,7,0.645,0.163,129.138,132.0150146484375,30720,66,0,0
0,rank0,2,rx_output,1,0.347,0.347,132.116,132.4630126953125,10240,0,0,0
0,rank0,2,start_gate,1,101.928,101.928,0.046,101.9739990234375,0,0,0,0
0,rank0,2,pack_tx_data_submit,4,0.082,0.021,103.001,106.322998046875,22528,0,0,0
0,rank0,2,pack_first_tx_ready,1,2.184,2.184,102.188,104.37200927734375,9,0,0,0
0,rank0,2,pack_mte3_exposed_wait,4,0.009,0.004,103.898,106.9940185546875,22528,0,0,0
0,rank0,3,kernel_total,1,30.785,30.785,102.441,133.22601318359375,0,0,0,0
0,rank0,3,pack_total,1,6.729,6.729,102.536,109.2650146484375,0,0,0,0
0,rank0,3,pack_input_wait,5,0.112,0.023,102.84,107.32501220703125,51200,0,0,0
0,rank0,3,pack_quantize,5,1.546,0.334,102.94,107.74301147460938,25600,55,0,0
0,rank0,3,pack_tx_publish,5,0.97,0.215,104.37,108.9630126953125,0,5,5,320
0,rank0,3,receive_total,1,23.612,23.612,109.449,133.06100463867188,0,0,0,0
0,rank0,3,rx_flag_poll_wait,1,18.72,18.72,109.825,128.54501342773438,16,45,39,495
0,rank0,3,rx_unpack_wait,6,0.883,0.316,128.828,131.7490234375,31680,0,0,0
0,rank0,3,rx_unpack_dequant_clear,7,0.649,0.17,129.306,132.14300537109375,30720,66,0,0
0,rank0,3,rx_output,1,0.341,0.341,132.247,132.5880126953125,10240,0,0,0
0,rank0,3,start_gate,1,101.757,101.757,0.583,102.34002685546875,0,0,0,0
0,rank0,3,pack_tx_data_submit,5,0.102,0.021,103.37,107.89700317382812,28160,0,0,0
0,rank0,3,pack_first_tx_ready,1,2.163,2.163,102.549,104.71200561523438,13,0,0,0
0,rank0,3,pack_mte3_exposed_wait,5,0.011,0.003,104.284,108.51602172851562,28160,0,0,0
0,rank0,4,kernel_total,1,6.949,6.949,101.748,108.697021484375,0,0,0,0
0,rank0,4,pack_total,1,5.776,5.776,101.842,107.61801147460938,0,0,0,0
0,rank0,4,pack_input_wait,4,0.089,0.023,102.149,105.551025390625,40960,0,0,0
0,rank0,4,pack_quantize,4,1.261,0.333,102.248,105.96600341796875,20480,44,0,0
0,rank0,4,pack_tx_publish,4,0.722,0.233,103.667,107.11199951171875,0,4,4,256
0,rank0,4,receive_total,1,0.581,0.581,107.823,108.40402221679688,0,0,0,0
0,rank0,4,start_gate,1,100.069,100.069,1.577,101.64602661132812,0,0,0,0
0,rank0,4,pack_tx_data_submit,4,0.081,0.021,102.674,106.12301635742188,22528,0,0,0
0,rank0,4,pack_first_tx_ready,1,2.172,2.172,101.855,104.02700805664062,18,0,0,0
0,rank0,4,pack_mte3_exposed_wait,4,0.008,0.003,103.577,106.656005859375,22528,0,0,0
0,rank0,5,kernel_total,1,26.352,26.352,102.155,128.50701904296875,0,0,0,0
0,rank0,5,pack_total,1,6.778,6.778,102.25,109.02801513671875,0,0,0,0
0,rank0,5,pack_input_wait,5,0.113,0.023,102.555,107.10501098632812,51200,0,0,0
0,rank0,5,pack_quantize,5,1.548,0.332,102.654,107.52001953125,25600,55,0,0
0,rank0,5,pack_tx_publish,5,0.969,0.24,104.081,108.67901611328125,0,5,5,320
0,rank0,5,receive_total,1,19.092,19.092,109.237,128.32901000976562,0,0,0,0
0,rank0,5,rx_flag_poll_wait,1,14.283,14.283,109.632,123.91500854492188,8,35,29,385
0,rank0,5,rx_unpack_wait,6,1.025,0.324,124.196,127.17300415039062,31680,0,0,0
0,rank0,5,rx_unpack_dequant_clear,7,0.647,0.166,124.592,127.56802368164062,30720,66,0,0
0,rank0,5,rx_output,1,0.331,0.331,127.664,127.99502563476562,10240,0,0,0
0,rank0,5,start_gate,1,100.783,100.783,1.271,102.05401611328125,0,0,0,0
0,rank0,5,pack_tx_data_submit,5,0.103,0.021,103.086,107.67001342773438,28160,0,0,0
0,rank0,5,pack_first_tx_ready,1,2.181,2.181,102.263,104.44400024414062,22,0,0,0
0,rank0,5,pack_mte3_exposed_wait,5,0.01,0.003,103.991,108.31600952148438,28160,0,0,0
0,rank0,6,kernel_total,1,29.052,29.052,102.185,131.23699951171875,0,0,0,0
0,rank0,6,pack_total,1,6.599,6.599,102.279,108.87802124023438,0,0,0,0
0,rank0,6,pack_input_wait,5,0.111,0.023,102.58,107.051025390625,51200,0,0,0
0,rank0,6,pack_quantize,5,1.542,0.321,102.674,107.47799682617188,25600,55,0,0
0,rank0,6,pack_tx_publish,5,0.775,0.221,104.081,108.54000854492188,0,5,5,320
0,rank0,6,receive_total,1,21.986,21.986,109.082,131.06802368164062,0,0,0,0
0,rank0,6,rx_flag_poll_wait,1,16.892,16.892,109.496,126.38800048828125,14,40,34,440
0,rank0,6,rx_unpack_wait,6,1.092,0.324,126.71,129.74099731445312,31680,0,0,0
0,rank0,6,rx_unpack_dequant_clear,7,0.643,0.163,127.106,130.13601684570312,30720,66,0,0
0,rank0,6,rx_output,1,0.363,0.363,130.24,130.60299682617188,10240,0,0,0
0,rank0,6,start_gate,1,100.765,100.765,1.315,102.08001708984375,0,0,0,0
0,rank0,6,pack_tx_data_submit,5,0.104,0.021,103.096,107.63201904296875,28160,0,0,0
0,rank0,6,pack_first_tx_ready,1,2.138,2.138,102.292,104.43002319335938,27,0,0,0
0,rank0,6,pack_mte3_exposed_wait,5,0.012,0.004,104.0,108.1500244140625,28160,0,0,0
0,rank0,7,kernel_total,1,29.073,29.073,102.287,131.36001586914062,0,0,0,0
0,rank0,7,pack_total,1,5.455,5.455,102.381,107.83599853515625,0,0,0,0
0,rank0,7,pack_input_wait,4,0.091,0.023,102.685,106.03302001953125,40960,0,0,0
0,rank0,7,pack_quantize,4,1.249,0.34,102.779,106.44400024414062,20480,44,0,0
0,rank0,7,pack_tx_publish,4,0.663,0.224,104.208,107.47100830078125,0,4,4,256
0,rank0,7,receive_total,1,23.121,23.121,108.049,131.17001342773438,0,0,0,0
0,rank0,7,rx_flag_poll_wait,1,18.237,18.237,108.446,126.68301391601562,10,45,39,495
0,rank0,7,rx_unpack_wait,6,0.922,0.325,126.969,129.92300415039062,31680,0,0,0
0,rank0,7,rx_unpack_dequant_clear,7,0.651,0.173,127.451,130.31201171875,30720,66,0,0
0,rank0,7,rx_output,1,0.341,0.341,130.409,130.75,10240,0,0,0
0,rank0,7,start_gate,1,100.832,100.832,1.35,102.1820068359375,0,0,0,0
0,rank0,7,pack_tx_data_submit,4,0.081,0.021,103.218,106.60101318359375,22528,0,0,0
0,rank0,7,pack_first_tx_ready,1,2.156,2.156,102.394,104.55001831054688,32,0,0,0
0,rank0,7,pack_mte3_exposed_wait,4,0.008,0.003,104.127,107.12301635742188,22528,0,0,0
0,rank0,8,kernel_total,1,7.662,7.662,102.337,109.9990234375,0,0,0,0
0,rank0,8,pack_total,1,6.633,6.633,102.432,109.06500244140625,0,0,0,0
0,rank0,8,pack_input_wait,5,0.112,0.023,102.736,107.17501831054688,51200,0,0,0
0,rank0,8,pack_quantize,5,1.557,0.328,102.83,107.60000610351562,25600,55,0,0
0,rank0,8,pack_tx_publish,5,0.799,0.201,104.232,108.70501708984375,0,5,5,320
0,rank0,8,receive_total,1,0.542,0.542,109.272,109.81402587890625,0,0,0,0
0,rank0,8,start_gate,1,101.376,101.376,0.86,102.23602294921875,0,0,0,0
0,rank0,8,pack_tx_data_submit,5,0.104,0.021,103.253,107.75,28160,0,0,0
0,rank0,8,pack_first_tx_ready,1,2.114,2.114,102.445,104.55902099609375,36,0,0,0
0,rank0,8,pack_mte3_exposed_wait,5,0.011,0.004,104.151,108.36300659179688,28160,0,0,0
0,rank0,9,kernel_total,1,30.04,30.04,102.21,132.25,0,0,0,0
0,rank0,9,pack_total,1,5.391,5.391,102.305,107.69601440429688,0,0,0,0
0,rank0,9,pack_input_wait,4,0.092,0.023,102.612,105.80401611328125,40960,0,0,0
0,rank0,9,pack_quantize,4,1.247,0.339,102.707,106.2080078125,20480,44,0,0
0,rank0,9,pack_tx_publish,4,0.598,0.201,104.132,107.3330078125,0,4,4,256
0,rank0,9,receive_total,1,24.166,24.166,107.898,132.06402587890625,0,0,0,0
0,rank0,9,rx_flag_poll_wait,1,19.059,19.059,108.283,127.34201049804688,18,45,39,495
0,rank0,9,rx_unpack_wait,6,1.096,0.365,127.636,130.77401733398438,31680,0,0,0
0,rank0,9,rx_unpack_dequant_clear,7,0.652,0.173,128.15,131.16900634765625,30720,66,0,0
0,rank0,9,rx_output,1,0.34,0.34,131.269,131.6090087890625,10240,0,0,0
0,rank0,9,start_gate,1,100.282,100.282,1.827,102.1090087890625,0,0,0,0
0,rank0,9,pack_tx_data_submit,4,0.082,0.021,103.142,106.36599731445312,22528,0,0,0
0,rank0,9,pack_first_tx_ready,1,2.142,2.142,102.318,104.46002197265625,41,0,0,0
0,rank0,9,pack_mte3_exposed_wait,4,0.008,0.003,104.046,106.98699951171875,22528,0,0,0
0,rank0,10,kernel_total,1,27.08,27.08,101.881,128.96099853515625,0,0,0,0
0,rank0,10,pack_total,1,6.572,6.572,101.976,108.54800415039062,0,0,0,0
0,rank0,10,pack_input_wait,5,0.112,0.023,102.279,106.79800415039062,51200,0,0,0
0,rank0,10,pack_quantize,5,1.558,0.339,102.379,107.22201538085938,25600,55,0,0
0,rank0,10,pack_tx_publish,5,0.807,0.237,103.813,108.24200439453125,0,5,5,320
0,rank0,10,receive_total,1,20.006,20.006,108.751,128.75701904296875,0,0,0,0
0,rank0,10,rx_flag_poll_wait,1,15.053,15.053,109.148,124.20101928710938,17,33,27,363
0,rank0,10,rx_unpack_wait,6,0.982,0.321,124.493,127.45501708984375,31680,0,0,0
0,rank0,10,rx_unpack_dequant_clear,7,0.654,0.176,124.886,127.85000610351562,30720,66,0,0
0,rank0,10,rx_output,1,0.349,0.349,127.954,128.30300903320312,10240,0,0,0
0,rank0,10,start_gate,1,100.689,100.689,1.091,101.77999877929688,0,0,0,0
0,rank0,10,pack_tx_data_submit,5,0.103,0.021,102.814,107.37200927734375,28160,0,0,0
0,rank0,10,pack_first_tx_ready,1,2.188,2.188,101.989,104.177001953125,45,0,0,0
0,rank0,10,pack_mte3_exposed_wait,5,0.012,0.004,103.727,107.89199829101562,28160,0,0,0
0,rank0,11,kernel_total,1,29.186,29.186,102.141,131.3270263671875,0,0,0,0
0,rank0,11,pack_total,1,5.535,5.535,102.236,107.77102661132812,0,0,0,0
0,rank0,11,pack_input_wait,4,0.091,0.023,102.542,105.90902709960938,40960,0,0,0
0,rank0,11,pack_quantize,4,1.25,0.331,102.641,106.31600952148438,20480,44,0,0
0,rank0,11,pack_tx_publish,4,0.687,0.231,104.061,107.38702392578125,0,4,4,256
0,rank0,11,receive_total,1,23.17,23.17,107.976,131.14602661132812,0,0,0,0
0,rank0,11,rx_flag_poll_wait,1,18.359,18.359,108.355,126.71401977539062,15,42,36,462
0,rank0,11,rx_unpack_wait,6,0.984,0.33,127.008,129.96099853515625,31680,0,0,0
0,rank0,11,rx_unpack_dequant_clear,7,0.657,0.177,127.41,130.3590087890625,30720,66,0,0
0,rank0,11,rx_output,1,0.343,0.343,130.463,130.80599975585938,10240,0,0,0
0,rank0,11,start_gate,1,100.802,100.802,1.233,102.03500366210938,0,0,0,0
0,rank0,11,pack_tx_data_submit,4,0.082,0.021,103.068,106.4730224609375,22528,0,0,0
0,rank0,11,pack_first_tx_ready,1,2.167,2.167,102.248,104.41500854492188,50,0,0,0
0,rank0,11,pack_mte3_exposed_wait,4,0.008,0.003,103.974,106.99200439453125,22528,0,0,0
0,rank0,12,kernel_total,1,7.839,7.839,102.232,110.07101440429688,0,0,0,0
0,rank0,12,pack_total,1,6.774,6.774,102.327,109.10101318359375,0,0,0,0
0,rank0,12,pack_input_wait,5,0.111,0.023,102.632,107.13900756835938,51200,0,0,0
0,rank0,12,pack_quantize,5,1.551,0.341,102.732,107.55999755859375,25600,55,0,0
0,rank0,12,pack_tx_publish,5,0.929,0.235,104.141,108.75,0,5,5,320
0,rank0,12,receive_total,1,0.587,0.587,109.302,109.88900756835938,0,0,0,0
0,rank0,12,start_gate,1,100.16,100.16,1.966,102.12600708007812,0,0,0,0
0,rank0,12,pack_tx_data_submit,5,0.102,0.021,103.174,107.70901489257812,28160,0,0,0
0,rank0,12,pack_first_tx_ready,1,2.16,2.16,102.34,104.5,54,0,0,0
0,rank0,12,pack_mte3_exposed_wait,5,0.011,0.003,104.06,108.35400390625,28160,0,0,0
0,rank0,13,kernel_total,1,29.091,29.091,101.745,130.83599853515625,0,0,0,0
0,rank0,13,pack_total,1,6.57,6.57,101.84,108.41000366210938,0,0,0,0
0,rank0,13,pack_input_wait,5,0.113,0.023,102.143,106.676025390625,51200,0,0,0
0,rank0,13,pack_quantize,5,1.566,0.338,102.242,107.10101318359375,25600,55,0,0
0,rank0,13,pack_tx_publish,5,0.777,0.231,103.665,108.10000610351562,0,5,5,320
0,rank0,13,receive_total,1,22.038,22.038,108.612,130.6500244140625,0,0,0,0
0,rank0,13,rx_flag_poll_wait,1,17.352,17.352,109.008,126.36001586914062,13,42,36,462
0,rank0,13,rx_unpack_wait,6,0.867,0.292,126.635,129.47000122070312,31680,0,0,0
0,rank0,13,rx_unpack_dequant_clear,7,0.653,0.172,126.999,129.86001586914062,30720,66,0,0
0,rank0,13,rx_output,1,0.344,0.344,129.956,130.30001831054688,10240,0,0,0
0,rank0,13,start_gate,1,99.652,99.652,1.987,101.63900756835938,0,0,0,0
0,rank0,13,pack_tx_data_submit,5,0.105,0.021,102.68,107.25302124023438,28160,0,0,0
0,rank0,13,pack_first_tx_ready,1,2.171,2.171,101.853,104.02401733398438,59,0,0,0
0,rank0,13,pack_mte3_exposed_wait,5,0.01,0.003,103.584,107.76202392578125,28160,0,0,0
0,rank0,14,kernel_total,1,28.804,28.804,102.387,131.19100952148438,0,0,0,0
0,rank0,14,pack_total,1,5.429,5.429,102.482,107.9110107421875,0,0,0,0
0,rank0,14,pack_input_wait,4,0.09,0.023,102.785,106.10299682617188,40960,0,0,0
0,rank0,14,pack_quantize,4,1.22,0.322,102.885,106.5,20480,44,0,0
0,rank0,14,pack_tx_publish,4,0.698,0.232,104.275,107.54901123046875,0,4,4,256
0,rank0,14,receive_total,1,22.912,22.912,108.108,131.02001953125,0,0,0,0
0,rank0,14,rx_flag_poll_wait,1,17.936,17.936,108.515,126.45101928710938,11,41,35,451
0,rank0,14,rx_unpack_wait,6,1.1,0.31,126.746,129.8070068359375,31680,0,0,0
0,rank0,14,rx_unpack_dequant_clear,7,0.657,0.179,127.128,130.19900512695312,30720,66,0,0
0,rank0,14,rx_output,1,0.354,0.354,130.303,130.65701293945312,10240,0,0,0
0,rank0,14,start_gate,1,100.687,100.687,1.594,102.281005859375,0,0,0,0
0,rank0,14,pack_tx_data_submit,4,0.084,0.021,103.306,106.65701293945312,22528,0,0,0
0,rank0,14,pack_first_tx_ready,1,2.141,2.141,102.494,104.635009765625,64,0,0,0
0,rank0,14,pack_mte3_exposed_wait,4,0.009,0.003,104.194,107.18099975585938,22528,0,0,0
0,rank0,15,kernel_total,1,23.573,23.573,101.972,125.54501342773438,0,0,0,0
0,rank0,15,pack_total,1,6.698,6.698,102.067,108.7650146484375,0,0,0,0
0,rank0,15,pack_input_wait,5,0.113,0.023,102.373,106.85800170898438,51200,0,0,0
0,rank0,15,pack_quantize,5,1.529,0.323,102.473,107.27902221679688,25600,55,0,0
0,rank0,15,pack_tx_publish,5,0.933,0.233,103.883,108.40499877929688,0,5,5,320
0,rank0,15,receive_total,1,16.412,16.412,108.961,125.37301635742188,0,0,0,0
0,rank0,15,rx_flag_poll_wait,1,11.453,11.453,109.375,120.8280029296875,6,27,21,297
0,rank0,15,rx_unpack_wait,6,0.981,0.308,121.098,124.04202270507812,31680,0,0,0
0,rank0,15,rx_unpack_dequant_clear,7,0.658,0.177,121.478,124.43600463867188,30720,66,0,0
0,rank0,15,rx_output,1,0.358,0.358,124.533,124.89102172851562,10240,0,0,0
0,rank0,15,start_gate,1,101.526,101.526,0.344,101.87002563476562,0,0,0,0
0,rank0,15,pack_tx_data_submit,5,0.103,0.021,102.896,107.42901611328125,28160,0,0,0
0,rank0,15,pack_first_tx_ready,1,2.16,2.16,102.08,104.24002075195312,68,0,0,0
0,rank0,15,pack_mte3_exposed_wait,5,0.011,0.003,103.797,108.0570068359375,28160,0,0,0
0,rank0,16,kernel_total,1,6.552,6.552,102.359,108.9110107421875,0,0,0,0
0,rank0,16,pack_total,1,5.495,5.495,102.453,107.947998046875,0,0,0,0
0,rank0,16,pack_input_wait,4,0.09,0.023,102.815,106.02102661132812,40960,0,0,0
0,rank0,16,pack_quantize,4,1.253,0.357,102.915,106.42901611328125,20480,44,0,0
0,rank0,16,pack_tx_publish,4,0.631,0.215,104.347,107.55599975585938,0,4,4,256
0,rank0,16,receive_total,1,0.575,0.575,108.15,108.72500610351562,0,0,0,0
0,rank0,16,start_gate,1,102.016,102.016,0.241,102.25701904296875,0,0,0,0
0,rank0,16,pack_tx_data_submit,4,0.082,0.021,103.372,106.58901977539062,22528,0,0,0
0,rank0,16,pack_first_tx_ready,1,2.223,2.223,102.466,104.68902587890625,73,0,0,0
0,rank0,16,pack_mte3_exposed_wait,4,0.009,0.003,104.265,107.21502685546875,22528,0,0,0
0,rank0,17,kernel_total,1,32.014,32.014,102.311,134.32501220703125,0,0,0,0
0,rank0,17,pack_total,1,6.589,6.589,102.406,108.99502563476562,0,0,0,0
0,rank0,17,pack_input_wait,5,0.113,0.023,102.791,107.23001098632812,51200,0,0,0
0,rank0,17,pack_quantize,5,1.529,0.323,102.89,107.65200805664062,25600,55,0,0
0,rank0,17,pack_tx_publish,5,0.754,0.212,104.281,108.68701171875,0,5,5,320
0,rank0,17,receive_total,1,24.932,24.932,109.202,134.13400268554688,0,0,0,0
0,rank0,17,rx_flag_poll_wait,1,20.201,20.201,109.566,129.76699829101562,19,50,44,550
0,rank0,17,rx_unpack_wait,6,0.787,0.3,130.045,132.82000732421875,31680,0,0,0
0,rank0,17,rx_unpack_dequant_clear,7,0.668,0.187,130.418,133.21200561523438,30720,66,0,0
0,rank0,17,rx_output,1,0.34,0.34,133.316,133.656005859375,10240,0,0,0
0,rank0,17,start_gate,1,101.916,101.916,0.289,102.20501708984375,0,0,0,0
0,rank0,17,pack_tx_data_submit,5,0.104,0.021,103.309,107.80300903320312,28160,0,0,0
0,rank0,17,pack_first_tx_ready,1,2.192,2.192,102.419,104.61102294921875,77,0,0,0
0,rank0,17,pack_mte3_exposed_wait,5,0.01,0.003,104.194,108.3330078125,28160,0,0,0
0,rank0,18,kernel_total,1,29.317,29.317,101.747,131.06402587890625,0,0,0,0
0,rank0,18,pack_total,1,5.622,5.622,101.842,107.46401977539062,0,0,0,0
0,rank0,18,pack_input_wait,4,0.088,0.022,102.221,105.48101806640625,40960,0,0,0
0,rank0,18,pack_quantize,4,1.235,0.328,102.32,105.88900756835938,20480,44,0,0
0,rank0,18,pack_tx_publish,4,0.604,0.203,103.707,107.01602172851562,0,4,4,256
0,rank0,18,receive_total,1,23.201,23.201,107.665,130.86599731445312,0,0,0,0
0,rank0,18,rx_flag_poll_wait,1,18.196,18.196,108.059,126.2550048828125,13,45,39,495
0,rank0,18,rx_unpack_wait,6,1.046,0.299,126.537,129.56600952148438,31680,0,0,0
0,rank0,18,rx_unpack_dequant_clear,7,0.653,0.176,126.908,129.95501708984375,30720,66,0,0
0,rank0,18,rx_output,1,0.336,0.336,130.059,130.39501953125,10240,0,0,0
0,rank0,18,start_gate,1,101.641,101.641,0.0,101.64102172851562,0,0,0,0
0,rank0,18,pack_tx_data_submit,4,0.083,0.021,102.744,106.04000854492188,22528,0,0,0
0,rank0,18,pack_first_tx_ready,1,2.176,2.176,101.854,104.02999877929688,82,0,0,0
0,rank0,18,pack_mte3_exposed_wait,4,0.009,0.003,103.616,106.5570068359375,22528,0,0,0
0,rank0,19,kernel_total,1,26.813,26.813,102.107,128.92001342773438,0,0,0,0
0,rank0,19,pack_total,1,6.606,6.606,102.201,108.8070068359375,0,0,0,0
0,rank0,19,pack_input_wait,5,0.112,0.023,102.507,106.93402099609375,51200,0,0,0
0,rank0,19,pack_quantize,5,1.535,0.326,102.606,107.35702514648438,25600,55,0,0
0,rank0,19,pack_tx_publish,5,0.812,0.203,103.993,108.44900512695312,0,5,5,320
0,rank0,19,receive_total,1,19.737,19.737,109.007,128.7440185546875,0,0,0,0
0,rank0,19,rx_flag_poll_wait,1,14.662,14.662,109.418,124.08001708984375,10,35,29,385
0,rank0,19,rx_unpack_wait,6,1.069,0.361,124.362,127.41702270507812,31680,0,0,0
0,rank0,19,rx_unpack_dequant_clear,7,0.66,0.17,124.795,127.81201171875,30720,66,0,0
0,rank0,19,rx_output,1,0.339,0.339,127.916,128.2550048828125,10240,0,0,0
0,rank0,19,start_gate,1,100.996,100.996,1.005,102.00100708007812,0,0,0,0
0,rank0,19,pack_tx_data_submit,5,0.102,0.021,103.028,107.50701904296875,28160,0,0,0
0,rank0,19,pack_first_tx_ready,1,2.108,2.108,102.214,104.322021484375,86,0,0,0
0,rank0,19,pack_mte3_exposed_wait,5,0.01,0.003,103.912,108.1240234375,28160,0,0,0
0,rank0,20,kernel_total,1,30.264,30.264,101.952,132.21600341796875,0,0,0,0
0,rank0,20,pack_total,1,6.54,6.54,102.047,108.58700561523438,0,0,0,0
0,rank0,20,pack_input_wait,5,0.113,0.023,102.354,106.79501342773438,51200,0,0,0
0,rank0,20,pack_quantize,5,1.544,0.324,102.453,107.21701049804688,25600,55,0,0
0,rank0,20,pack_tx_publish,5,0.763,0.217,103.85,108.2750244140625,0,5,5,320
0,rank0,20,receive_total,1,23.223,23.223,108.798,132.02102661132812,0,0,0,0
0,rank0,20,rx_flag_poll_wait,1,18.321,18.321,109.188,127.50900268554688,13,46,40,506
0,rank0,20,rx_unpack_wait,6,0.965,0.436,127.789,130.74099731445312,31680,0,0,0
0,rank0,20,rx_unpack_dequant_clear,7,0.669,0.192,128.297,131.13601684570312,30720,66,0,0
0,rank0,20,rx_output,1,0.335,0.335,131.244,131.57901000976562,10240,0,0,0
0,rank0,20,start_gate,1,100.08,100.08,1.77,101.85000610351562,0,0,0,0
0,rank0,20,pack_tx_data_submit,5,0.103,0.021,102.873,107.37100219726562,28160,0,0,0
0,rank0,20,pack_first_tx_ready,1,2.134,2.134,102.06,104.19400024414062,91,0,0,0
0,rank0,20,pack_mte3_exposed_wait,5,0.011,0.003,103.769,107.88601684570312,28160,0,0,0
0,rank0,21,kernel_total,1,6.764,6.764,102.004,108.76800537109375,0,0,0,0
0,rank0,21,pack_total,1,5.561,5.561,102.099,107.66000366210938,0,0,0,0
0,rank0,21,pack_input_wait,4,0.09,0.023,102.405,105.71002197265625,40960,0,0,0
0,rank0,21,pack_quantize,4,1.221,0.33,102.505,106.11599731445312,20480,44,0,0
0,rank0,21,pack_tx_publish,4,0.638,0.208,103.919,107.11801147460938,0,4,4,256
0,rank0,21,receive_total,1,0.665,0.665,107.867,108.53201293945312,0,0,0,0
0,rank0,21,start_gate,1,100.214,100.214,1.688,101.90200805664062,0,0,0,0
0,rank0,21,pack_tx_data_submit,4,0.083,0.021,102.931,106.27401733398438,22528,0,0,0
0,rank0,21,pack_first_tx_ready,1,2.139,2.139,102.111,104.25,96,0,0,0
0,rank0,21,pack_mte3_exposed_wait,4,0.01,0.003,103.832,106.7860107421875,22528,0,0,0
0,rank0,22,kernel_total,1,28.333,28.333,101.828,130.1610107421875,0,0,0,0
0,rank0,22,pack_total,1,6.705,6.705,101.923,108.62802124023438,0,0,0,0
0,rank0,22,pack_input_wait,5,0.112,0.023,102.23,106.71701049804688,51200,0,0,0
0,rank0,22,pack_quantize,5,1.541,0.327,102.329,107.14199829101562,25600,55,0,0
0,rank0,22,pack_tx_publish,5,0.929,0.225,103.715,108.31900024414062,0,5,5,320
0,rank0,22,receive_total,1,21.148,21.148,108.832,129.98001098632812,0,0,0,0
0,rank0,22,rx_flag_poll_wait,1,16.297,16.297,109.22,125.51699829101562,11,39,33,429
0,rank0,22,rx_unpack_wait,6,0.912,0.401,125.798,128.68801879882812,31680,0,0,0
0,rank0,22,rx_unpack_dequant_clear,7,0.653,0.175,126.271,129.07901000976562,30720,66,0,0
0,rank0,22,rx_output,1,0.332,0.332,129.187,129.51901245117188,10240,0,0,0
0,rank0,22,start_gate,1,100.041,100.041,1.681,101.72201538085938,0,0,0,0
0,rank0,22,pack_tx_data_submit,5,0.104,0.021,102.752,107.29299926757812,28160,0,0,0
0,rank0,22,pack_first_tx_ready,1,2.128,2.128,101.936,104.06402587890625,100,0,0,0
0,rank0,22,pack_mte3_exposed_wait,5,0.01,0.003,103.634,107.92501831054688,28160,0,0,0
0,rank0,23,kernel_total,1,33.594,33.594,102.262,135.85601806640625,0,0,0,0
0,rank0,23,pack_total,1,5.522,5.522,102.357,107.87899780273438,0,0,0,0
0,rank0,23,pack_input_wait,4,0.089,0.023,102.663,105.9210205078125,40960,0,0,0
0,rank0,23,pack_quantize,4,1.251,0.34,102.758,106.3330078125,20480,44,0,0
0,rank0,23,pack_tx_publish,4,0.705,0.225,104.176,107.51901245117188,0,4,4,256
0,rank0,23,receive_total,1,27.59,27.59,108.084,135.67401123046875,0,0,0,0
0,rank0,23,rx_flag_poll_wait,1,22.699,22.699,108.483,131.1820068359375,27,54,48,594
0,rank0,23,rx_unpack_wait,6,0.942,0.311,131.459,134.38302612304688,31680,0,0,0
0,rank0,23,rx_unpack_dequant_clear,7,0.664,0.18,131.842,134.77401733398438,30720,66,0,0
0,rank0,23,rx_output,1,0.332,0.332,134.878,135.21002197265625,10240,0,0,0
0,rank0,23,start_gate,1,100.368,100.368,1.788,102.156005859375,0,0,0,0
0,rank0,23,pack_tx_data_submit,4,0.082,0.021,103.193,106.49002075195312,22528,0,0,0
0,rank0,23,pack_first_tx_ready,1,2.158,2.158,102.37,104.52801513671875,105,0,0,0
0,rank0,23,pack_mte3_exposed_wait,4,0.009,0.003,104.091,107.1400146484375,22528,0,0,0
0,rank0,24,kernel_total,1,26.836,26.836,102.415,129.25100708007812,0,0,0,0
0,rank0,24,pack_total,1,6.628,6.628,102.51,109.13800048828125,0,0,0,0
0,rank0,24,pack_input_wait,5,0.113,0.023,102.816,107.302001953125,51200,0,0,0
0,rank0,24,pack_quantize,5,1.557,0.327,102.916,107.73001098632812,25600,55,0,0
0,rank0,24,pack_tx_publish,5,0.83,0.233,104.319,108.79299926757812,0,5,5,320
0,rank0,24,receive_total,1,19.731,19.731,109.34,129.07101440429688,0,0,0,0
0,rank0,24,rx_flag_poll_wait,1,14.871,14.871,109.759,124.6300048828125,12,35,29,385
0,rank0,24,rx_unpack_wait,6,1.034,0.329,124.908,127.89300537109375,31680,0,0,0
0,rank0,24,rx_unpack_dequant_clear,7,0.653,0.169,125.309,128.28402709960938,30720,66,0,0
0,rank0,24,rx_output,1,0.332,0.332,128.388,128.72000122070312,10240,0,0,0
0,rank0,24,start_gate,1,101.331,101.331,0.978,102.30902099609375,0,0,0,0
0,rank0,24,pack_tx_data_submit,5,0.102,0.021,103.338,107.8800048828125,28160,0,0,0
0,rank0,24,pack_first_tx_ready,1,2.154,2.154,102.523,104.677001953125,109,0,0,0
0,rank0,24,pack_mte3_exposed_wait,5,0.012,0.004,104.233,108.40301513671875,28160,0,0,0
0,rank0,25,kernel_total,1,6.867,6.867,101.793,108.66000366210938,0,0,0,0
0,rank0,25,pack_total,1,5.655,5.655,101.888,107.54299926757812,0,0,0,0
0,rank0,25,pack_input_wait,4,0.089,0.023,102.194,105.54800415039062,40960,0,0,0
0,rank0,25,pack_quantize,4,1.239,0.336,102.293,105.95602416992188,20480,44,0,0
0,rank0,25,pack_tx_publish,4,0.711,0.234,103.694,107.06900024414062,0,4,4,256
0,rank0,25,receive_total,1,0.589,0.589,107.739,108.3280029296875,0,0,0,0
0,rank0,25,start_gate,1,101.102,101.102,0.589,101.69100952148438,0,0,0,0
0,rank0,25,pack_tx_data_submit,4,0.082,0.021,102.729,106.11599731445312,22528,0,0,0
0,rank0,25,pack_first_tx_ready,1,2.156,2.156,101.9,104.05599975585938,114,0,0,0
0,rank0,25,pack_mte3_exposed_wait,4,0.008,0.003,103.613,106.64300537109375,22528,0,0,0
0,rank0,26,kernel_total,1,24.481,24.481,101.902,126.38302612304688,0,0,0,0
0,rank0,26,pack_total,1,6.721,6.721,101.997,108.718017578125,0,0,0,0
0,rank0,26,pack_input_wait,5,0.112,0.023,102.304,106.80999755859375,51200,0,0,0
0,rank0,26,pack_quantize,5,1.539,0.321,102.403,107.23202514648438,25600,55,0,0
0,rank0,26,pack_tx_publish,5,0.953,0.236,103.818,108.37200927734375,0,5,5,320
0,rank0,26,receive_total,1,17.273,17.273,108.932,126.20501708984375,0,0,0,0
0,rank0,26,rx_flag_poll_wait,1,12.402,12.402,109.339,121.74099731445312,11,31,25,341
0,rank0,26,rx_unpack_wait,6,0.928,0.33,122.007,124.89300537109375,31680,0,0,0
0,rank0,26,rx_unpack_dequant_clear,7,0.649,0.171,122.409,125.28802490234375,30720,66,0,0
0,rank0,26,rx_output,1,0.362,0.362,125.396,125.75802612304688,10240,0,0,0
0,rank0,26,start_gate,1,101.037,101.037,0.758,101.79501342773438,0,0,0,0
0,rank0,26,pack_tx_data_submit,5,0.102,0.021,102.819,107.38201904296875,28160,0,0,0
0,rank0,26,pack_first_tx_ready,1,2.164,2.164,102.01,104.17401123046875,118,0,0,0
0,rank0,26,pack_mte3_exposed_wait,5,0.011,0.003,103.728,108.02200317382812,28160,0,0,0
0,rank0,27,kernel_total,1,32.031,32.031,101.726,133.75701904296875,0,0,0,0
0,rank0,27,pack_total,1,6.675,6.675,101.82,108.49502563476562,0,0,0,0
0,rank0,27,pack_input_wait,5,0.112,0.023,102.181,106.70901489257812,51200,0,0,0
0,rank0,27,pack_quantize,5,1.555,0.333,102.275,107.13601684570312,25600,55,0,0
0,rank0,27,pack_tx_publish,5,0.878,0.251,103.676,108.19000244140625,0,5,5,320
0,rank0,27,receive_total,1,24.882,24.882,108.697,133.57901000976562,0,0,0,0
0,rank0,27,rx_flag_poll_wait,1,20.061,20.061,109.104,129.16500854492188,27,46,40,506
0,rank0,27,rx_unpack_wait,6,0.844,0.305,129.431,132.27999877929688,31680,0,0,0
0,rank0,27,rx_unpack_dequant_clear,7,0.66,0.182,129.808,132.67401123046875,30720,66,0,0
0,rank0,27,rx_output,1,0.355,0.355,132.778,133.13302612304688,10240,0,0,0
0,rank0,27,start_gate,1,100.917,100.917,0.702,101.6190185546875,0,0,0,0
0,rank0,27,pack_tx_data_submit,5,0.102,0.021,102.704,107.2860107421875,28160,0,0,0
0,rank0,27,pack_first_tx_ready,1,2.207,2.207,101.833,104.04000854492188,123,0,0,0
0,rank0,27,pack_mte3_exposed_wait,5,0.012,0.004,103.595,107.83502197265625,28160,0,0,0
0,rank0,28,kernel_total,1,29.087,29.087,102.033,131.12002563476562,0,0,0,0
0,rank0,28,pack_total,1,5.459,5.459,102.127,107.58599853515625,0,0,0,0
0,rank0,28,pack_input_wait,4,0.088,0.022,102.433,105.77700805664062,40960,0,0,0
0,rank0,28,pack_quantize,4,1.226,0.323,102.532,106.18600463867188,20480,44,0,0
0,rank0,28,pack_tx_publish,4,0.724,0.242,103.909,107.20401000976562,0,4,4,256
0,rank0,28,receive_total,1,23.139,23.139,107.782,130.9210205078125,0,0,0,0
0,rank0,28,rx_flag_poll_wait,1,18.152,18.152,108.207,126.3590087890625,11,46,40,506
0,rank0,28,rx_unpack_wait,6,0.968,0.309,126.672,129.73001098632812,31680,0,0,0
0,rank0,28,rx_unpack_dequant_clear,7,0.678,0.2,127.151,130.12600708007812,30720,66,0,0
0,rank0,28,rx_output,1,0.339,0.339,130.231,130.57000732421875,10240,0,0,0
0,rank0,28,start_gate,1,101.075,101.075,0.851,101.926025390625,0,0,0,0
0,rank0,28,pack_tx_data_submit,4,0.082,0.021,102.951,106.34500122070312,22528,0,0,0
0,rank0,28,pack_first_tx_ready,1,2.136,2.136,102.14,104.2760009765625,128,0,0,0
0,rank0,28,pack_mte3_exposed_wait,4,0.01,0.003,103.828,106.86599731445312,22528,0,0,0
0,rank0,29,kernel_total,1,7.779,7.779,102.474,110.25302124023438,0,0,0,0
0,rank0,29,pack_total,1,6.749,6.749,102.569,109.31802368164062,0,0,0,0
0,rank0,29,pack_input_wait,5,0.114,0.023,102.875,107.41400146484375,51200,0,0,0
0,rank0,29,pack_quantize,5,1.531,0.323,102.975,107.83700561523438,25600,55,0,0
0,rank0,29,pack_tx_publish,5,0.963,0.241,104.371,108.99502563476562,0,5,5,320
0,rank0,29,receive_total,1,0.535,0.535,109.527,110.06201171875,0,0,0,0
0,rank0,29,start_gate,1,102.153,102.153,0.22,102.37301635742188,0,0,0,0
0,rank0,29,pack_tx_data_submit,5,0.102,0.021,103.394,107.98699951171875,28160,0,0,0
0,rank0,29,pack_first_tx_ready,1,2.157,2.157,102.582,104.739013671875,132,0,0,0
0,rank0,29,pack_mte3_exposed_wait,5,0.012,0.004,104.29,108.65902709960938,28160,0,0,0
0,rank0,30,kernel_total,1,29.099,29.099,101.932,131.031005859375,0,0,0,0
0,rank0,30,pack_total,1,5.481,5.481,102.027,107.50802612304688,0,0,0,0
0,rank0,30,pack_input_wait,4,0.089,0.023,102.334,105.56802368164062,40960,0,0,0
0,rank0,30,pack_quantize,4,1.229,0.323,102.434,105.98202514648438,20480,44,0,0
0,rank0,30,pack_tx_publish,4,0.741,0.245,103.838,107.16400146484375,0,4,4,256
0,rank0,30,receive_total,1,23.131,23.131,107.714,130.84500122070312,0,0,0,0
0,rank0,30,rx_flag_poll_wait,1,18.389,18.389,108.113,126.50201416015625,21,43,37,473
0,rank0,30,rx_unpack_wait,6,0.88,0.333,126.781,129.65402221679688,31680,0,0,0
0,rank0,30,rx_unpack_dequant_clear,7,0.681,0.201,127.186,130.04400634765625,30720,66,0,0
0,rank0,30,rx_output,1,0.353,0.353,130.145,130.49801635742188,10240,0,0,0
0,rank0,30,start_gate,1,101.092,101.092,0.733,101.82501220703125,0,0,0,0
0,rank0,30,pack_tx_data_submit,4,0.083,0.021,102.857,106.13900756835938,22528,0,0,0
0,rank0,30,pack_first_tx_ready,1,2.17,2.17,102.039,104.20901489257812,137,0,0,0
0,rank0,30,pack_mte3_exposed_wait,4,0.009,0.003,103.752,106.781005859375,22528,0,0,0
0,rank0,31,kernel_total,1,27.54,27.54,101.779,129.31900024414062,0,0,0,0
0,rank0,31,pack_total,1,6.8,6.8,101.874,108.67401123046875,0,0,0,0
0,rank0,31,pack_input_wait,5,0.113,0.023,102.266,106.75302124023438,51200,0,0,0
0,rank0,31,pack_quantize,5,1.528,0.319,102.366,107.17300415039062,25600,55,0,0
0,rank0,31,pack_tx_publish,5,0.943,0.247,103.765,108.33700561523438,0,5,5,320
0,rank0,31,receive_total,1,20.264,20.264,108.868,129.13201904296875,0,0,0,0
0,rank0,31,rx_flag_poll_wait,1,15.251,15.251,109.268,124.51901245117188,11,37,31,407
0,rank0,31,rx_unpack_wait,6,1.077,0.316,124.787,127.84600830078125,31680,0,0,0
0,rank0,31,rx_unpack_dequant_clear,7,0.658,0.179,125.175,128.24099731445312,30720,66,0,0
0,rank0,31,rx_output,1,0.341,0.341,128.345,128.68600463867188,10240,0,0,0
0,rank0,31,start_gate,1,101.052,101.052,0.621,101.67300415039062,0,0,0,0
0,rank0,31,pack_tx_data_submit,5,0.104,0.021,102.781,107.32400512695312,28160,0,0,0
0,rank0,31,pack_first_tx_ready,1,2.228,2.228,101.887,104.11502075195312,141,0,0,0
0,rank0,31,pack_mte3_exposed_wait,5,0.012,0.003,103.687,107.85299682617188,28160,0,0,0
0,rank0,32,kernel_total,1,28.624,28.624,101.361,129.98501586914062,0,0,0,0
0,rank0,32,pack_total,1,5.291,5.291,101.456,106.74700927734375,0,0,0,0
0,rank0,32,pack_input_wait,4,0.09,0.023,101.763,104.99700927734375,40960,0,0,0
0,rank0,32,pack_quantize,4,1.238,0.339,101.862,105.40499877929688,20480,44,0,0
0,rank0,32,pack_tx_publish,4,0.608,0.228,103.28,106.43301391601562,0,4,4,256
0,rank0,32,receive_total,1,22.837,22.837,106.957,129.79400634765625,0,0,0,0
0,rank0,32,rx_flag_poll_wait,1,17.894,17.894,107.352,125.24600219726562,10,45,39,495
0,rank0,32,rx_unpack_wait,6,1.083,0.317,125.521,128.62701416015625,31680,0,0,0
0,rank0,32,rx_unpack_dequant_clear,7,0.676,0.195,125.91,129.01300048828125,30720,66,0,0
0,rank0,32,rx_output,1,0.339,0.339,129.111,129.45001220703125,10240,0,0,0
0,rank0,32,start_gate,1,99.122,99.122,2.133,101.2550048828125,0,0,0,0
0,rank0,32,pack_tx_data_submit,4,0.083,0.021,102.301,105.56301879882812,22528,0,0,0
0,rank0,32,pack_first_tx_ready,1,2.164,2.164,101.469,103.63302612304688,146,0,0,0
0,rank0,32,pack_mte3_exposed_wait,4,0.01,0.004,103.197,106.0980224609375,22528,0,0,0
0,rank0,33,kernel_total,1,7.295,7.295,103.0,110.29501342773438,0,0,0,0
0,rank0,33,pack_total,1,6.343,6.343,103.094,109.43701171875,0,0,0,0
0,rank0,33,pack_input_wait,5,0.11,0.022,103.401,107.68002319335938,51200,0,0,0
0,rank0,33,pack_quantize,5,1.541,0.325,103.5,108.10299682617188,25600,55,0,0
0,rank0,33,pack_tx_publish,5,0.632,0.127,104.882,109.12301635742188,0,5,5,320
0,rank0,33,receive_total,1,0.454,0.454,109.653,110.10702514648438,0,0,0,0
0,rank0,33,start_gate,1,101.11,101.11,1.788,102.89801025390625,0,0,0,0
0,rank0,33,pack_tx_data_submit,5,0.104,0.021,103.921,108.25399780273438,28160,0,0,0
0,rank0,33,pack_first_tx_ready,1,2.029,2.029,103.107,105.13601684570312,150,0,0,0
0,rank0,33,pack_mte3_exposed_wait,5,0.011,0.003,104.801,108.78402709960938,28160,0,0,0
0,rank0,34,kernel_total,1,29.444,29.444,101.333,130.77700805664062,0,0,0,0
0,rank0,34,pack_total,1,6.331,6.331,101.428,107.75900268554688,0,0,0,0
0,rank0,34,pack_input_wait,5,0.113,0.023,101.734,106.07601928710938,51200,0,0,0
0,rank0,34,pack_quantize,5,1.529,0.316,101.84,106.49502563476562,25600,55,0,0
0,rank0,34,pack_tx_publish,5,0.553,0.131,103.257,107.45501708984375,0,5,5,320
0,rank0,34,receive_total,1,22.615,22.615,107.96,130.57501220703125,0,0,0,0
0,rank0,34,rx_flag_poll_wait,1,17.705,17.705,108.34,126.04501342773438,17,42,36,462
0,rank0,34,rx_unpack_wait,6,0.979,0.352,126.325,129.38800048828125,31680,0,0,0
0,rank0,34,rx_unpack_dequant_clear,7,0.67,0.186,126.833,129.77999877929688,30720,66,0,0
0,rank0,34,rx_output,1,0.351,0.351,129.877,130.22799682617188,10240,0,0,0
0,rank0,34,start_gate,1,100.114,100.114,1.113,101.22702026367188,0,0,0,0
0,rank0,34,pack_tx_data_submit,5,0.103,0.021,102.251,106.64700317382812,28160,0,0,0
0,rank0,34,pack_first_tx_ready,1,2.076,2.076,101.441,103.51699829101562,155,0,0,0
0,rank0,34,pack_mte3_exposed_wait,5,0.012,0.003,103.162,107.15499877929688,28160,0,0,0
0,rank0,35,kernel_total,1,33.493,33.493,102.258,135.75100708007812,0,0,0,0
0,rank0,35,pack_total,1,5.204,5.204,102.353,107.5570068359375,0,0,0,0
0,rank0,35,pack_input_wait,4,0.091,0.023,102.704,105.77401733398438,40960,0,0,0
0,rank0,35,pack_quantize,4,1.237,0.333,102.803,106.18002319335938,20480,44,0,0
0,rank0,35,pack_tx_publish,4,0.392,0.098,104.215,107.14401245117188,0,4,4,256
0,rank0,35,receive_total,1,27.774,27.774,107.774,135.54800415039062,0,0,0,0
0,rank0,35,rx_flag_poll_wait,1,23.006,23.006,108.157,131.16302490234375,28,55,49,605
0,rank0,35,rx_unpack_wait,6,0.906,0.331,131.44,134.34600830078125,31680,0,0,0
0,rank0,35,rx_unpack_dequant_clear,7,0.666,0.187,131.843,134.73501586914062,30720,66,0,0
0,rank0,35,rx_output,1,0.346,0.346,134.839,135.18499755859375,10240,0,0,0
0,rank0,35,start_gate,1,101.066,101.066,1.091,102.15701293945312,0,0,0,0
0,rank0,35,pack_tx_data_submit,4,0.081,0.021,103.232,106.33700561523438,22528,0,0,0
0,rank0,35,pack_first_tx_ready,1,2.074,2.074,102.366,104.44000244140625,160,0,0,0
0,rank0,35,pack_mte3_exposed_wait,4,0.009,0.003,104.129,106.84402465820312,22528,0,0,0
0,rank0,36,kernel_total,1,30.64,30.64,101.087,131.72702026367188,0,0,0,0
0,rank0,36,pack_total,1,6.411,6.411,101.181,107.59201049804688,0,0,0,0
0,rank0,36,pack_input_wait,5,0.112,0.023,101.487,105.8270263671875,51200,0,0,0
0,rank0,36,pack_quantize,5,1.555,0.34,101.587,106.2550048828125,25600,55,0,0
0,rank0,36,pack_tx_publish,5,0.539,0.109,103.032,107.2550048828125,0,5,5,320
0,rank0,36,receive_total,1,23.73,23.73,107.809,131.53900146484375,0,0,0,0
0,rank0,36,rx_flag_poll_wait,1,18.818,18.818,108.208,127.0260009765625,12,46,40,506
0,rank0,36,rx_unpack_wait,6,0.954,0.328,127.305,130.34201049804688,31680,0,0,0
0,rank0,36,rx_unpack_dequant_clear,7,0.651,0.181,127.793,130.74002075195312,30720,66,0,0
0,rank0,36,rx_output,1,0.348,0.348,130.841,131.18902587890625,10240,0,0,0
0,rank0,36,start_gate,1,99.331,99.331,1.642,100.9730224609375,0,0,0,0
0,rank0,36,pack_tx_data_submit,5,0.102,0.021,102.032,106.40701293945312,28160,0,0,0
0,rank0,36,pack_first_tx_ready,1,2.073,2.073,101.194,103.26699829101562,164,0,0,0
0,rank0,36,pack_mte3_exposed_wait,5,0.012,0.003,102.943,106.93099975585938,28160,0,0,0
0,rank0,37,kernel_total,1,6.702,6.702,101.134,107.83599853515625,0,0,0,0
0,rank0,37,pack_total,1,5.365,5.365,101.228,106.593017578125,0,0,0,0
0,rank0,37,pack_input_wait,4,0.091,0.023,101.582,104.71701049804688,40960,0,0,0
0,rank0,37,pack_quantize,4,1.247,0.329,101.68,105.13201904296875,20480,44,0,0
0,rank0,37,pack_tx_publish,4,0.419,0.107,103.078,106.14401245117188,0,4,4,256
0,rank0,37,receive_total,1,0.461,0.461,106.799,107.260009765625,0,0,0,0
0,rank0,37,start_gate,1,98.603,98.603,2.421,101.02401733398438,0,0,0,0
0,rank0,37,pack_tx_data_submit,4,0.081,0.021,102.117,105.29000854492188,22528,0,0,0
0,rank0,37,pack_first_tx_ready,1,2.07,2.07,101.241,103.31100463867188,169,0,0,0
0,rank0,37,pack_mte3_exposed_wait,4,0.01,0.003,102.991,105.83001708984375,22528,0,0,0
0,rank0,38,kernel_total,1,33.139,33.139,101.264,134.40301513671875,0,0,0,0
0,rank0,38,pack_total,1,6.333,6.333,101.359,107.6920166015625,0,0,0,0
0,rank0,38,pack_input_wait,5,0.112,0.023,101.665,105.9630126953125,51200,0,0,0
0,rank0,38,pack_quantize,5,1.552,0.338,101.763,106.38400268554688,25600,55,0,0
0,rank0,38,pack_tx_publish,5,0.556,0.112,103.196,107.38302612304688,0,5,5,320
0,rank0,38,receive_total,1,26.3,26.3,107.906,134.20602416992188,0,0,0,0
0,rank0,38,rx_flag_poll_wait,1,21.431,21.431,108.306,129.73699951171875,14,53,47,583
0,rank0,38,rx_unpack_wait,6,0.993,0.34,130.008,133.02102661132812,31680,0,0,0
0,rank0,38,rx_unpack_dequant_clear,7,0.666,0.179,130.429,133.41400146484375,30720,66,0,0
0,rank0,38,rx_output,1,0.342,0.342,133.511,133.85299682617188,10240,0,0,0
0,rank0,38,start_gate,1,99.44,99.44,1.709,101.14901733398438,0,0,0,0
0,rank0,38,pack_tx_data_submit,5,0.101,0.021,102.198,106.54000854492188,28160,0,0,0
0,rank0,38,pack_first_tx_ready,1,2.064,2.064,101.372,103.43600463867188,173,0,0,0
0,rank0,38,pack_mte3_exposed_wait,5,0.011,0.003,103.109,107.05801391601562,28160,0,0,0
0,rank0,39,kernel_total,1,29.5,29.5,101.911,131.4110107421875,0,0,0,0
0,rank0,39,pack_total,1,5.152,5.152,102.006,107.15802001953125,0,0,0,0
0,rank0,39,pack_input_wait,4,0.089,0.023,102.309,105.43902587890625,40960,0,0,0
0,rank0,39,pack_quantize,4,1.231,0.334,102.409,105.84600830078125,20480,44,0,0
0,rank0,39,pack_tx_publish,4,0.45,0.113,103.818,106.85101318359375,0,4,4,256
0,rank0,39,receive_total,1,23.857,23.857,107.356,131.2130126953125,0,0,0,0
0,rank0,39,rx_flag_poll_wait,1,19.046,19.046,107.76,126.80599975585938,12,47,41,517
0,rank0,39,rx_unpack_wait,6,0.915,0.316,127.085,130.02301025390625,31680,0,0,0
0,rank0,39,rx_unpack_dequant_clear,7,0.669,0.183,127.478,130.41302490234375,30720,66,0,0
0,rank0,39,rx_output,1,0.347,0.347,130.514,130.86102294921875,10240,0,0,0
0,rank0,39,start_gate,1,100.785,100.785,1.017,101.802001953125,0,0,0,0
0,rank0,39,pack_tx_data_submit,4,0.082,0.021,102.85,105.99801635742188,22528,0,0,0
0,rank0,39,pack_first_tx_ready,1,2.04,2.04,102.018,104.05801391601562,178,0,0,0
0,rank0,39,pack_mte3_exposed_wait,4,0.009,0.003,103.737,106.52902221679688,22528,0,0,0
0,rank0,40,kernel_total,1,34.974,34.974,101.516,136.49002075195312,0,0,0,0
0,rank0,40,pack_total,1,6.282,6.282,101.61,107.89199829101562,0,0,0,0
0,rank0,40,pack_input_wait,5,0.113,0.023,101.916,106.19601440429688,51200,0,0,0
0,rank0,40,pack_quantize,5,1.554,0.333,102.01,106.62002563476562,25600,55,0,0
0,rank0,40,pack_tx_publish,5,0.479,0.097,103.444,107.5880126953125,0,5,5,320
0,rank0,40,receive_total,1,28.219,28.219,108.094,136.31301879882812,0,0,0,0
0,rank0,40,rx_flag_poll_wait,1,23.328,23.328,108.502,131.83001708984375,24,56,50,616
0,rank0,40,rx_unpack_wait,6,0.955,0.29,132.111,135.04501342773438,31680,0,0,0
0,rank0,40,rx_unpack_dequant_clear,7,0.653,0.172,132.477,135.43701171875,30720,66,0,0
0,rank0,40,rx_output,1,0.364,0.364,135.538,135.90200805664062,10240,0,0,0
0,rank0,40,start_gate,1,99.115,99.115,2.286,101.4010009765625,0,0,0,0
0,rank0,40,pack_tx_data_submit,5,0.102,0.021,102.447,106.7760009765625,28160,0,0,0
0,rank0,40,pack_first_tx_ready,1,2.037,2.037,101.623,103.66000366210938,182,0,0,0
0,rank0,40,pack_mte3_exposed_wait,5,0.012,0.003,103.354,107.2760009765625,28160,0,0,0
0,rank0,41,kernel_total,1,35.756,35.756,101.988,137.7440185546875,0,0,0,0
0,rank0,41,pack_total,1,6.425,6.425,102.083,108.50802612304688,0,0,0,0
0,rank0,41,pack_input_wait,5,0.113,0.023,102.444,106.760009765625,51200,0,0,0
0,rank0,41,pack_quantize,5,1.542,0.33,102.547,107.17501831054688,25600,55,0,0
0,rank0,41,pack_tx_publish,5,0.557,0.123,103.991,108.2020263671875,0,5,5,320
0,rank0,41,receive_total,1,28.87,28.87,108.695,137.56500244140625,0,0,0,0
0,rank0,41,rx_flag_poll_wait,1,24.139,24.139,109.104,133.24301147460938,23,58,52,638
0,rank0,41,rx_unpack_wait,6,0.857,0.294,133.508,136.35601806640625,31680,0,0,0
0,rank0,41,rx_unpack_dequant_clear,7,0.653,0.172,133.878,136.74502563476562,30720,66,0,0
0,rank0,41,rx_output,1,0.35,0.35,136.846,137.19601440429688,10240,0,0,0
0,rank0,41,start_gate,1,100.837,100.837,1.037,101.8740234375,0,0,0,0
0,rank0,41,pack_tx_data_submit,5,0.103,0.021,102.981,107.32901000976562,28160,0,0,0
0,rank0,41,pack_first_tx_ready,1,2.113,2.113,102.096,104.20901489257812,187,0,0,0
0,rank0,41,pack_mte3_exposed_wait,5,0.011,0.003,103.896,107.86199951171875,28160,0,0,0
0,rank0,42,kernel_total,1,41.937,41.937,102.635,144.572021484375,0,0,0,0
0,rank0,42,send_total,1,25.458,25.458,106.332,131.79000854492188,0,0,0,0
0,rank0,42,tx_meta_scan,9,1.652,0.318,108.042,122.75802612304688,0,1,8,0
0,rank0,42,tx_ready_poll,9,0.014,0.003,107.812,122.4940185546875,0,9,0,0
0,rank0,42,self_copy,1,0.821,0.821,118.578,119.39901733398438,5632,0,0,0
0,rank0,42,udma_post,8,9.27,1.632,108.594,124.12301635742188,45056,8,1,0
0,rank0,42,udma_quiet,5,4.878,1.214,125.603,131.51699829101562,5,0,0,0
0,rank0,42,local_rx_wait,1,6.109,6.109,131.937,138.0460205078125,42,0,0,0
0,rank0,42,round_publish,1,6.193,6.193,138.184,144.37701416015625,0,0,0,0
0,rank0,42,global_round_wait,1,3.492,3.492,102.728,106.22000122070312,0,119,0,0
0,rank0,42,start_gate,1,101.174,101.174,1.359,102.53302001953125,0,0,0,0
0,rank0,43,kernel_total,1,42.922,42.922,101.073,143.99502563476562,0,0,0,0
0,rank0,43,send_total,1,26.409,26.409,106.159,132.56802368164062,0,0,0,0
0,rank0,43,tx_meta_scan,9,1.527,0.246,107.882,123.13201904296875,0,0,9,0
0,rank0,43,tx_ready_poll,9,0.019,0.003,107.649,122.84402465820312,0,9,0,0
0,rank0,43,udma_post,9,10.436,1.476,108.36,124.49502563476562,50688,9,1,0
0,rank0,43,udma_quiet,5,5.277,1.309,125.978,132.29299926757812,5,0,0,0
0,rank0,43,local_rx_wait,1,3.258,3.258,132.715,135.9730224609375,0,0,0,0
0,rank0,43,round_publish,1,4.893,4.893,138.821,143.71401977539062,1,64,1,1
0,rank0,43,global_round_wait,1,4.881,4.881,101.166,106.0469970703125,1,119,0,0
0,rank0,43,start_gate,1,98.571,98.571,2.37,100.94100952148438,1,64,1,1
0,rank0,44,kernel_total,1,42.581,42.581,101.456,144.03701782226562,0,0,0,0
0,rank0,44,send_total,1,27.49,27.49,106.209,133.69900512695312,0,0,0,0
0,rank0,44,tx_meta_scan,9,1.627,0.263,107.991,122.843017578125,0,0,9,0
0,rank0,44,tx_ready_poll,9,0.017,0.003,107.676,122.48501586914062,0,9,0,0
0,rank0,44,udma_post,9,9.543,1.239,108.455,123.96200561523438,50688,9,1,0
0,rank0,44,udma_quiet,5,6.565,2.696,125.396,133.031005859375,5,0,0,0
0,rank0,44,local_rx_wait,1,0.288,0.288,133.84,134.12802124023438,0,0,0,0
0,rank0,44,round_publish,1,4.873,4.873,138.858,143.73101806640625,1,64,1,1
0,rank0,44,global_round_wait,1,4.553,4.553,101.549,106.10202026367188,1,119,0,0
0,rank0,44,start_gate,1,98.952,98.952,2.401,101.35299682617188,1,64,1,1
0,rank0,45,kernel_total,1,41.848,41.848,101.796,143.64401245117188,0,0,0,0
0,rank0,45,send_total,1,25.824,25.824,106.056,131.8800048828125,0,0,0,0
0,rank0,45,tx_meta_scan,9,1.813,0.55,107.828,123.36502075195312,0,0,9,0
0,rank0,45,tx_ready_poll,9,0.019,0.003,107.525,123.10299682617188,0,9,0,0
0,rank0,45,udma_post,9,10.358,1.903,108.582,124.25701904296875,50688,9,1,0
0,rank0,45,udma_quiet,5,4.912,1.84,125.709,131.61300659179688,5,0,0,0
0,rank0,45,local_rx_wait,1,1.466,1.466,132.057,133.52301025390625,0,0,0,0
0,rank0,45,round_publish,1,4.463,4.463,138.888,143.35101318359375,1,64,1,1
0,rank0,45,global_round_wait,1,4.059,4.059,101.89,105.94900512695312,1,119,0,0
0,rank0,45,start_gate,1,99.235,99.235,2.463,101.697998046875,1,64,1,1
0,rank0,46,kernel_total,1,42.242,42.242,101.43,143.6719970703125,0,0,0,0
0,rank0,46,send_total,1,28.23,28.23,106.035,134.2650146484375,0,0,0,0
0,rank0,46,tx_meta_scan,9,1.827,0.396,108.192,123.64102172851562,0,0,9,0
0,rank0,46,tx_ready_poll,10,0.02,0.003,107.525,123.33901977539062,1,9,0,0
0,rank0,46,udma_post,9,9.743,1.59,108.889,124.54202270507812,50688,9,1,0
0,rank0,46,udma_quiet,6,5.896,1.764,126.837,134.02200317382812,6,0,0,0
0,rank0,46,local_rx_wait,1,0.316,0.316,134.389,134.70501708984375,0,0,0,0
0,rank0,46,round_publish,1,4.558,4.558,138.8,143.35800170898438,1,64,1,1
0,rank0,46,global_round_wait,1,4.4,4.4,101.523,105.92300415039062,1,119,0,0
0,rank0,46,start_gate,1,98.938,98.938,2.389,101.3270263671875,1,64,1,1
0,rank0,47,kernel_total,1,41.799,41.799,101.227,143.0260009765625,0,0,0,0
0,rank0,47,send_total,1,26.815,26.815,105.933,132.74801635742188,0,0,0,0
0,rank0,47,tx_meta_scan,9,1.556,0.228,107.983,123.1400146484375,0,0,9,0
0,rank0,47,tx_ready_poll,10,0.023,0.003,107.423,122.76300048828125,1,9,0,0
0,rank0,47,udma_post,9,9.644,1.491,108.372,124.166015625,50688,9,1,0
0,rank0,47,udma_quiet,5,5.018,1.637,126.448,132.50601196289062,5,0,0,0
0,rank0,47,local_rx_wait,1,0.967,0.967,132.873,133.84002685546875,0,0,0,0
0,rank0,47,round_publish,1,4.033,4.033,138.725,142.75802612304688,1,64,1,1
0,rank0,47,global_round_wait,1,4.5,4.5,101.321,105.82101440429688,1,119,0,0
0,rank0,47,start_gate,1,98.789,98.789,2.335,101.1240234375,1,64,1,1
0,rank0,48,kernel_total,1,41.462,41.462,102.099,143.56100463867188,0,0,0,0
0,rank0,48,send_total,1,26.753,26.753,106.393,133.14602661132812,0,0,0,0
0,rank0,48,tx_meta_scan,9,1.498,0.268,108.055,121.96902465820312,0,0,9,0
0,rank0,48,tx_ready_poll,9,0.019,0.003,107.878,121.6710205078125,0,9,0,0
0,rank0,48,udma_post,9,9.07,1.577,108.49,123.13101196289062,50688,9,1,0
0,rank0,48,udma_quiet,5,7.289,2.877,124.584,132.89102172851562,5,0,0,0
0,rank0,48,local_rx_wait,1,0.294,0.294,133.289,133.5830078125,0,0,0,0
0,rank0,48,round_publish,1,4.486,4.486,138.772,143.25802612304688,1,64,1,1
0,rank0,48,global_round_wait,1,4.085,4.085,102.192,106.27700805664062,1,119,0,0
0,rank0,48,start_gate,1,99.805,99.805,2.195,102.0,1,64,1,1
0,rank0,49,kernel_total,1,41.613,41.613,101.526,143.13900756835938,0,0,0,0
0,rank0,49,send_total,1,25.374,25.374,106.007,131.38101196289062,0,0,0,0
0,rank0,49,tx_meta_scan,9,1.452,0.186,107.729,122.61300659179688,0,2,7,0
0,rank0,49,tx_ready_poll,9,0.014,0.003,107.501,122.322998046875,0,9,0,0
0,rank0,49,self_copy,2,1.734,0.989,116.199,120.52001953125,11264,0,0,0
0,rank0,49,udma_post,7,7.987,1.521,108.073,123.76400756835938,39424,7,1,0
0,rank0,49,udma_quiet,5,4.874,1.304,125.185,131.09402465820312,5,0,0,0
0,rank0,49,local_rx_wait,1,0.543,0.543,131.526,132.06900024414062,0,0,0,0
0,rank0,49,round_publish,1,4.089,4.089,138.748,142.83700561523438,1,64,1,1
0,rank0,49,global_round_wait,1,4.276,4.276,101.62,105.89602661132812,1,119,0,0
0,rank0,49,start_gate,1,99.223,99.223,2.205,101.42800903320312,1,64,1,1
0,rank0,50,kernel_total,1,31.446,31.446,101.175,132.62100219726562,0,0,0,0
0,rank0,50,send_total,1,25.553,25.553,105.975,131.52801513671875,0,0,0,0
0,rank0,50,tx_meta_scan,9,1.776,0.321,107.74,122.16900634765625,0,0,9,0
0,rank0,50,tx_ready_poll,9,0.014,0.002,107.466,121.86801147460938,0,9,0,0
0,rank0,50,udma_post,9,9.139,1.56,108.258,123.14801025390625,50688,9,1,0
0,rank0,50,udma_quiet,4,5.74,2.801,124.746,131.281005859375,4,0,0,0
0,rank0,50,local_rx_wait,1,0.604,0.604,131.595,132.19900512695312,0,0,0,0
0,rank0,50,global_round_wait,1,4.6,4.6,101.268,105.86801147460938,0,0,0,0
0,rank0,50,start_gate,1,99.926,99.926,1.146,101.072021484375,0,0,0,0
0,rank0,51,kernel_total,1,31.95,31.95,101.15,133.10000610351562,0,0,0,0
0,rank0,51,send_total,1,25.806,25.806,106.307,132.11300659179688,0,0,0,0
0,rank0,51,tx_meta_scan,9,1.717,0.363,108.115,122.8690185546875,0,1,8,0
0,rank0,51,tx_ready_poll,9,0.014,0.003,107.817,122.58599853515625,0,9,0,0
0,rank0,51,self_copy,1,0.832,0.832,121.53,122.36199951171875,5632,0,0,0
0,rank0,51,udma_post,8,9.006,1.64,108.503,124.1920166015625,45056,8,1,0
0,rank0,51,udma_quiet,6,4.886,1.254,125.675,131.87802124023438,6,0,0,0
0,rank0,51,local_rx_wait,1,0.433,0.433,132.244,132.677001953125,0,0,0,0
0,rank0,51,global_round_wait,1,4.956,4.956,101.243,106.19900512695312,0,0,0,0
0,rank0,51,start_gate,1,99.818,99.818,1.229,101.0469970703125,0,0,0,0
0,rank0,52,kernel_total,1,30.992,30.992,101.375,132.36700439453125,0,0,0,0
0,rank0,52,send_total,1,25.273,25.273,106.081,131.35400390625,0,0,0,0
0,rank0,52,tx_meta_scan,9,1.802,0.44,107.822,123.49099731445312,0,2,7,0
0,rank0,52,tx_ready_poll,9,0.019,0.003,107.588,123.125,0,9,0,0
0,rank0,52,self_copy,2,1.828,1.066,110.431,124.677001953125,11264,0,0,0
0,rank0,52,udma_post,7,8.385,1.513,108.193,122.90402221679688,39424,7,1,0
0,rank0,52,udma_quiet,5,3.94,0.985,126.108,131.09701538085938,5,0,0,0
0,rank0,52,local_rx_wait,1,0.427,0.427,131.503,131.93002319335938,0,0,0,0
0,rank0,52,global_round_wait,1,4.5,4.5,101.469,105.96902465820312,0,0,0,0
0,rank0,52,start_gate,1,99.742,99.742,1.53,101.27200317382812,0,0,0,0
0,rank0,53,kernel_total,1,32.132,32.132,101.401,133.53302001953125,0,0,0,0
0,rank0,53,send_total,1,26.192,26.192,106.445,132.63702392578125,0,0,0,0
0,rank0,53,tx_meta_scan,9,1.815,0.387,108.262,123.52102661132812,0,1,8,0
0,rank0,53,tx_ready_poll,9,0.016,0.003,107.954,123.15402221679688,0,9,0,0
0,rank0,53,self_copy,1,0.752,0.752,108.911,109.66302490234375,5632,0,0,0
0,rank0,53,udma_post,8,9.377,1.538,110.697,124.96600341796875,45056,8,1,0
0,rank0,53,udma_quiet,6,4.683,1.435,126.36,132.37301635742188,6,0,0,0
0,rank0,53,local_rx_wait,1,0.294,0.294,132.799,133.093017578125,0,0,0,0
0,rank0,53,global_round_wait,1,4.843,4.843,101.494,106.33700561523438,0,0,0,0
0,rank0,53,start_gate,1,100.02,100.02,1.277,101.2969970703125,0,0,0,0
0,rank0,54,kernel_total,1,31.262,31.262,101.299,132.56100463867188,0,0,0,0
0,rank0,54,send_total,1,25.394,25.394,106.176,131.57000732421875,0,0,0,0
0,rank0,54,tx_meta_scan,9,1.546,0.243,107.917,122.68600463867188,0,0,9,0
0,rank0,54,tx_ready_poll,9,0.02,0.003,107.684,122.40200805664062,0,9,0,0
0,rank0,54,udma_post,9,9.55,1.498,108.288,123.70401000976562,50688,9,1,0
0,rank0,54,udma_quiet,5,5.152,1.537,125.09,131.3280029296875,5,0,0,0
0,rank0,54,local_rx_wait,1,0.427,0.427,131.705,132.13201904296875,0,0,0,0
0,rank0,54,global_round_wait,1,4.676,4.676,101.393,106.06900024414062,0,0,0,0
0,rank0,54,start_gate,1,100.595,100.595,0.601,101.19601440429688,0,0,0,0
0,rank0,55,kernel_total,1,34.7,34.7,101.478,136.17800903320312,0,0,0,0
0,rank0,55,send_total,1,26.548,26.548,106.287,132.83502197265625,0,0,0,0
0,rank0,55,tx_meta_scan,9,1.501,0.219,108.746,123.68600463867188,0,1,8,0
0,rank0,55,tx_ready_poll,10,0.015,0.003,107.839,123.28302001953125,1,9,0,0
0,rank0,55,self_copy,1,0.838,0.838,111.529,112.36700439453125,5632,0,0,0
0,rank0,55,udma_post,8,8.762,1.71,109.076,124.59500122070312,45056,8,1,0
0,rank0,55,udma_quiet,5,4.724,1.184,126.808,132.59201049804688,5,0,0,0
0,rank0,55,local_rx_wait,1,2.785,2.785,132.969,135.75399780273438,0,0,0,0
0,rank0,55,global_round_wait,1,4.604,4.604,101.572,106.176025390625,0,0,0,0
0,rank0,55,start_gate,1,100.706,100.706,0.669,101.375,0,0,0,0
0,rank0,56,kernel_total,1,31.821,31.821,101.209,133.02999877929688,0,0,0,0
0,rank0,56,send_total,1,25.916,25.916,106.109,132.0250244140625,0,0,0,0
0,rank0,56,tx_meta_scan,9,1.603,0.2,108.428,123.19500732421875,0,2,7,0
0,rank0,56,tx_ready_poll,10,0.017,0.003,107.643,122.77401733398438,1,9,0,0
0,rank0,56,self_copy,2,1.73,0.98,120.233,124.2969970703125,11264,0,0,0
0,rank0,56,udma_post,7,7.778,1.697,108.881,122.54299926757812,39424,7,1,0
0,rank0,56,udma_quiet,4,4.344,1.727,126.545,131.7020263671875,4,0,0,0
0,rank0,56,local_rx_wait,1,0.314,0.314,132.167,132.48101806640625,0,0,0,0
0,rank0,56,global_round_wait,1,4.7,4.7,101.302,106.00201416015625,0,0,0,0
0,rank0,56,start_gate,1,99.251,99.251,1.854,101.10501098632812,0,0,0,0
0,rank0,57,kernel_total,1,29.844,29.844,102.546,132.3900146484375,0,0,0,0
0,rank0,57,send_total,1,24.892,24.892,106.431,131.322998046875,0,0,0,0
0,rank0,57,tx_meta_scan,9,1.768,0.272,108.344,123.25302124023438,0,2,7,0
0,rank0,57,tx_ready_poll,9,0.01,0.002,107.966,122.95901489257812,0,9,0,0
0,rank0,57,self_copy,2,1.609,0.849,118.881,121.14901733398438,11264,0,0,0
0,rank0,57,udma_post,7,8.164,1.757,108.845,124.17300415039062,39424,7,1,0
0,rank0,57,udma_quiet,5,4.385,1.106,125.575,131.06201171875,5,0,0,0
0,rank0,57,local_rx_wait,1,0.454,0.454,131.466,131.92001342773438,0,0,0,0
0,rank0,57,global_round_wait,1,3.679,3.679,102.64,106.31900024414062,0,0,0,0
0,rank0,57,start_gate,1,100.636,100.636,1.807,102.44302368164062,0,0,0,0
0,rank0,58,kernel_total,1,33.029,33.029,101.832,134.86102294921875,0,0,0,0
0,rank0,58,send_total,1,23.948,23.948,106.132,130.08001708984375,0,0,0,0
0,rank0,58,tx_meta_scan,8,1.409,0.29,108.185,122.39102172851562,0,2,6,0
0,rank0,58,tx_ready_poll,8,0.011,0.002,107.668,122.10400390625,0,8,0,0
0,rank0,58,self_copy,2,1.563,0.827,113.881,123.24600219726562,11264,0,0,0
0,rank0,58,udma_post,6,7.527,1.68,108.68,121.8480224609375,33792,6,1,0
0,rank0,58,udma_quiet,5,3.928,1.044,124.736,129.7030029296875,5,0,0,0
0,rank0,58,local_rx_wait,1,4.214,4.214,130.215,134.42901611328125,0,0,0,0
0,rank0,58,global_round_wait,1,4.1,4.1,101.925,106.0250244140625,0,0,0,0
0,rank0,58,start_gate,1,100.161,100.161,1.567,101.72799682617188,0,0,0,0
0,rank0,59,kernel_total,1,32.747,32.747,102.237,134.9840087890625,0,0,0,0
0,rank0,59,send_total,1,23.707,23.707,106.266,129.9730224609375,0,0,0,0
0,rank0,59,tx_meta_scan,8,1.549,0.286,108.214,121.9990234375,0,0,8,0
0,rank0,59,tx_ready_poll,8,0.015,0.003,107.795,121.676025390625,0,8,0,0
0,rank0,59,udma_post,8,9.107,1.693,108.719,122.97500610351562,45056,8,1,0
0,rank0,59,udma_quiet,4,4.413,1.498,124.513,129.69000244140625,4,0,0,0
0,rank0,59,local_rx_wait,1,4.444,4.444,130.106,134.55001831054688,0,0,0,0
0,rank0,59,global_round_wait,1,3.828,3.828,102.331,106.15902709960938,0,0,0,0
0,rank0,59,start_gate,1,100.012,100.012,2.122,102.13400268554688,0,0,0,0
0,rank0,60,kernel_total,1,35.869,35.869,101.101,136.97000122070312,0,0,0,0
0,rank0,60,send_total,1,24.563,24.563,106.478,131.041015625,0,0,0,0
0,rank0,60,tx_meta_scan,8,1.559,0.232,108.333,121.83200073242188,0,2,6,0
0,rank0,60,tx_ready_poll,8,0.013,0.003,108.033,121.49502563476562,0,8,0,0
0,rank0,60,self_copy,2,1.441,0.73,113.134,115.35501098632812,11264,0,0,0
0,rank0,60,udma_post,6,7.719,1.727,108.81,123.10400390625,33792,6,1,0
0,rank0,60,udma_quiet,6,4.868,1.158,124.607,130.78802490234375,6,0,0,0
0,rank0,60,local_rx_wait,1,5.327,5.327,131.195,136.52200317382812,0,0,0,0
0,rank0,60,global_round_wait,1,5.177,5.177,101.194,106.37100219726562,0,0,0,0
0,rank0,60,start_gate,1,99.115,99.115,1.883,100.99801635742188,0,0,0,0
0,rank0,61,kernel_total,1,36.667,36.667,101.56,138.22702026367188,0,0,0,0
0,rank0,61,send_total,1,21.842,21.842,106.24,128.08200073242188,0,0,0,0
0,rank0,61,tx_meta_scan,8,1.448,0.304,108.238,121.06402587890625,0,2,6,0
0,rank0,61,tx_ready_poll,8,0.016,0.003,107.797,120.78402709960938,0,8,0,0
0,rank0,61,self_copy,2,1.931,1.159,111.062,118.73300170898438,11264,0,0,0
0,rank0,61,udma_post,6,6.339,1.567,108.76,122.00201416015625,33792,6,1,0
0,rank0,61,udma_quiet,3,3.802,2.417,123.468,127.78802490234375,3,0,0,0
0,rank0,61,local_rx_wait,1,9.54,9.54,128.238,137.77801513671875,0,0,0,0
0,rank0,61,global_round_wait,1,4.475,4.475,101.654,106.12899780273438,0,0,0,0
0,rank0,61,start_gate,1,100.019,100.019,1.438,101.45700073242188,0,0,0,0
0,rank0,62,kernel_total,1,31.156,31.156,101.61,132.76602172851562,0,0,0,0
0,rank0,62,send_total,1,23.92,23.92,105.957,129.87701416015625,0,0,0,0
0,rank0,62,tx_meta_scan,8,1.324,0.196,107.798,120.72500610351562,0,0,8,0
0,rank0,62,tx_ready_poll,8,0.014,0.002,107.511,120.43701171875,0,8,0,0
0,rank0,62,udma_post,8,8.349,1.593,108.143,121.66400146484375,45056,8,1,0
0,rank0,62,udma_quiet,4,5.657,1.851,123.146,129.61700439453125,4,0,0,0
0,rank0,62,local_rx_wait,1,2.303,2.303,130.02,132.322998046875,0,0,0,0
0,rank0,62,global_round_wait,1,4.143,4.143,101.703,105.84600830078125,0,0,0,0
0,rank0,62,start_gate,1,100.864,100.864,0.643,101.50701904296875,0,0,0,0
0,rank0,63,kernel_total,1,31.593,31.593,101.274,132.86700439453125,0,0,0,0
0,rank0,63,send_total,1,25.476,25.476,106.361,131.83700561523438,0,0,0,0
0,rank0,63,tx_meta_scan,8,1.427,0.257,108.164,121.59500122070312,0,1,7,0
0,rank0,63,tx_ready_poll,8,0.015,0.003,107.912,121.30001831054688,0,8,0,0
0,rank0,63,self_copy,1,0.75,0.75,113.406,114.156005859375,5632,0,0,0
0,rank0,63,udma_post,7,8.422,1.861,108.625,122.96502685546875,39424,7,1,0
0,rank0,63,udma_quiet,4,6.337,3.138,124.431,131.5880126953125,4,0,0,0
0,rank0,63,local_rx_wait,1,0.444,0.444,131.979,132.42300415039062,0,0,0,0
0,rank0,63,global_round_wait,1,4.886,4.886,101.367,106.25302124023438,0,0,0,0
0,rank0,63,start_gate,1,100.475,100.475,0.7,101.17501831054688,0,0,0,0
1,rank1,0,kernel_total,1,6.626,6.626,101.047,107.67300415039062,0,0,0,0
1,rank1,0,pack_total,1,5.509,5.509,101.142,106.6510009765625,0,0,0,0
1,rank1,0,pack_input_wait,4,0.088,0.022,101.497,104.8909912109375,40960,0,0,0
1,rank1,0,pack_quantize,4,1.263,0.347,101.591,105.29800415039062,20480,44,0,0
1,rank1,0,pack_tx_publish,4,0.746,0.246,103.033,106.34201049804688,0,4,4,256
1,rank1,0,receive_total,1,0.616,0.616,106.866,107.48199462890625,0,0,0,0
1,rank1,0,start_gate,1,99.686,99.686,1.26,100.94601440429688,0,0,0,0
1,rank1,0,pack_tx_data_submit,4,0.081,0.021,102.039,105.45501708984375,22528,0,0,0
1,rank1,0,pack_first_tx_ready,1,2.25,2.25,101.155,103.40499877929688,0,0,0,0
1,rank1,0,pack_mte3_exposed_wait,4,0.009,0.003,102.946,105.99301147460938,22528,0,0,0
1,rank1,1,kernel_total,1,28.571,28.571,101.126,129.69699096679688,0,0,0,0
1,rank1,1,pack_total,1,6.893,6.893,101.22,108.11300659179688,0,0,0,0
1,rank1,1,pack_input_wait,5,0.113,0.023,101.662,106.23800659179688,51200,0,0,0
1,rank1,1,pack_quantize,5,1.569,0.343,101.761,106.66799926757812,25600,55,0,0
1,rank1,1,pack_tx_publish,5,0.992,0.247,103.192,107.802001953125,0,5,5,320
1,rank1,1,receive_total,1,21.177,21.177,108.328,129.5050048828125,0,0,0,0
1,rank1,1,rx_flag_poll_wait,1,16.179,16.179,108.724,124.90301513671875,10,38,32,418
1,rank1,1,rx_unpack_wait,6,1.009,0.334,125.192,128.18899536132812,31680,0,0,0
1,rank1,1,rx_unpack_dequant_clear,7,0.668,0.185,125.598,128.58099365234375,30720,66,0,0
1,rank1,1,rx_output,1,0.35,0.35,128.685,129.03500366210938,10240,0,0,0
1,rank1,1,start_gate,1,99.641,99.641,1.378,101.01901245117188,0,0,0,0
1,rank1,1,pack_tx_data_submit,5,0.102,0.021,102.2,106.8179931640625,28160,0,0,0
1,rank1,1,pack_first_tx_ready,1,2.329,2.329,101.233,103.56201171875,4,0,0,0
1,rank1,1,pack_mte3_exposed_wait,5,0.011,0.003,103.105,107.46600341796875,28160,0,0,0
1,rank1,2,kernel_total,1,30.974,30.974,100.787,131.76101684570312,0,0,0,0
1,rank1,2,pack_total,1,5.589,5.589,100.882,106.47100830078125,0,0,0,0
1,rank1,2,pack_input_wait,4,0.088,0.022,101.189,104.4940185546875,40960,0,0,0
1,rank1,2,pack_quantize,4,1.223,0.319,101.295,104.89700317382812,20480,44,0,0
1,rank1,2,pack_tx_publish,4,0.742,0.242,102.717,106.05300903320312,0,4,4,256
1,rank1,2,receive_total,1,24.847,24.847,106.712,131.55899047851562,0,0,0,0
1,rank1,2,rx_flag_poll_wait,1,19.842,19.842,107.206,127.04800415039062,20,46,40,506
1,rank1,2,rx_unpack_wait,6,0.854,0.299,127.324,130.26699829101562,31680,0,0,0
1,rank1,2,rx_unpack_dequant_clear,7,0.666,0.183,127.777,130.65802001953125,30720,66,0,0
1,rank1,2,rx_output,1,0.347,0.347,130.758,131.10501098632812,10240,0,0,0
1,rank1,2,start_gate,1,99.619,99.619,1.067,100.68600463867188,0,0,0,0
1,rank1,2,pack_tx_data_submit,4,0.082,0.021,101.723,105.05499267578125,22528,0,0,0
1,rank1,2,pack_first_tx_ready,1,2.196,2.196,100.895,103.09100341796875,9,0,0,0
1,rank1,2,pack_mte3_exposed_wait,4,0.01,0.003,102.625,105.7130126953125,22528,0,0,0
1,rank1,3,kernel_total,1,26.044,26.044,100.693,126.73699951171875,0,0,0,0
1,rank1,3,pack_total,1,6.692,6.692,100.788,107.48001098632812,0,0,0,0
1,rank1,3,pack_input_wait,5,0.112,0.023,101.094,105.54000854492188,51200,0,0,0
1,rank1,3,pack_quantize,5,1.535,0.333,101.194,105.95901489257812,25600,55,0,0
1,rank1,3,pack_tx_publish,5,0.997,0.238,102.587,107.16900634765625,0,5,5,320
1,rank1,3,receive_total,1,18.838,18.838,107.697,126.53500366210938,0,0,0,0
1,rank1,3,rx_flag_poll_wait,1,13.884,13.884,108.08,121.96401977539062,12,33,27,363
1,rank1,3,rx_unpack_wait,6,0.969,0.344,122.241,125.218017578125,31680,0,0,0
1,rank1,3,rx_unpack_dequant_clear,7,0.676,0.197,122.657,125.61199951171875,30720,66,0,0
1,rank1,3,rx_output,1,0.364,0.364,125.716,126.08001708984375,10240,0,0,0
1,rank1,3,start_gate,1,99.112,99.112,1.48,100.59201049804688,0,0,0,0
1,rank1,3,pack_tx_data_submit,5,0.103,0.021,101.622,106.1090087890625,28160,0,0,0
1,rank1,3,pack_first_tx_ready,1,2.126,2.126,100.8,102.92599487304688,13,0,0,0
1,rank1,3,pack_mte3_exposed_wait,5,0.011,0.003,102.506,106.75299072265625,28160,0,0,0
1,rank1,4,kernel_total,1,6.807,6.807,100.528,107.33499145507812,0,0,0,0
1,rank1,4,pack_total,1,5.612,5.612,100.623,106.23501586914062,0,0,0,0
1,rank1,4,pack_input_wait,4,0.09,0.023,100.927,104.27001953125,40960,0,0,0
1,rank1,4,pack_quantize,4,1.248,0.335,101.022,104.67001342773438,20480,44,0,0
1,rank1,4,pack_tx_publish,4,0.713,0.23,102.428,105.79400634765625,0,4,4,256
1,rank1,4,receive_total,1,0.606,0.606,106.456,107.06201171875,0,0,0,0
1,rank1,4,start_gate,1,100.095,100.095,0.331,100.42599487304688,0,0,0,0
1,rank1,4,pack_tx_data_submit,4,0.082,0.021,101.457,104.82901000976562,22528,0,0,0
1,rank1,4,pack_first_tx_ready,1,2.15,2.15,100.635,102.78500366210938,18,0,0,0
1,rank1,4,pack_mte3_exposed_wait,4,0.009,0.003,102.347,105.364990234375,22528,0,0,0
1,rank1,5,kernel_total,1,28.426,28.426,100.913,129.33901977539062,0,0,0,0
1,rank1,5,pack_total,1,6.842,6.842,101.008,107.85000610351562,0,0,0,0
1,rank1,5,pack_input_wait,5,0.113,0.023,101.365,105.98599243164062,51200,0,0,0
1,rank1,5,pack_quantize,5,1.623,0.409,101.464,106.40399169921875,25600,55,0,0
1,rank1,5,pack_tx_publish,5,0.95,0.234,102.956,107.52801513671875,0,5,5,320
1,rank1,5,receive_total,1,21.095,21.095,108.057,129.15200805664062,0,0,0,0
1,rank1,5,rx_flag_poll_wait,1,16.212,16.212,108.459,124.67098999023438,13,39,33,429
1,rank1,5,rx_unpack_wait,6,0.914,0.299,124.967,127.95101928710938,31680,0,0,0
1,rank1,5,rx_unpack_dequant_clear,7,0.669,0.19,125.423,128.34799194335938,30720,66,0,0
1,rank1,5,rx_output,1,0.34,0.34,128.453,128.79299926757812,10240,0,0,0
1,rank1,5,start_gate,1,100.309,100.309,0.497,100.80599975585938,0,0,0,0
1,rank1,5,pack_tx_data_submit,5,0.104,0.021,101.974,106.55300903320312,28160,0,0,0
1,rank1,5,pack_first_tx_ready,1,2.291,2.291,101.021,103.31201171875,22,0,0,0
1,rank1,5,pack_mte3_exposed_wait,5,0.01,0.003,102.866,107.18899536132812,28160,0,0,0
1,rank1,6,kernel_total,1,29.566,29.566,100.771,130.33700561523438,0,0,0,0
1,rank1,6,pack_total,1,6.692,6.692,100.865,107.5570068359375,0,0,0,0
1,rank1,6,pack_input_wait,5,0.113,0.023,101.172,105.66900634765625,51200,0,0,0
1,rank1,6,pack_quantize,5,1.552,0.332,101.271,106.09500122070312,25600,55,0,0
1,rank1,6,pack_tx_publish,5,0.866,0.217,102.695,107.24801635742188,0,5,5,320
1,rank1,6,receive_total,1,22.373,22.373,107.766,130.13900756835938,0,0,0,0
1,rank1,6,rx_flag_poll_wait,1,17.529,17.529,108.162,125.69100952148438,10,40,34,440
1,rank1,6,rx_unpack_wait,6,0.893,0.333,125.968,128.83901977539062,31680,0,0,0
1,rank1,6,rx_unpack_dequant_clear,7,0.671,0.188,126.373,129.23001098632812,30720,66,0,0
1,rank1,6,rx_output,1,0.344,0.344,129.334,129.67800903320312,10240,0,0,0
1,rank1,6,start_gate,1,99.91,99.91,0.754,100.66400146484375,0,0,0,0
1,rank1,6,pack_tx_data_submit,5,0.103,0.021,101.699,106.2449951171875,28160,0,0,0
1,rank1,6,pack_first_tx_ready,1,2.162,2.162,100.878,103.04000854492188,27,0,0,0
1,rank1,6,pack_mte3_exposed_wait,5,0.011,0.003,102.608,106.7650146484375,28160,0,0,0
1,rank1,7,kernel_total,1,34.773,34.773,100.724,135.49700927734375,0,0,0,0
1,rank1,7,pack_total,1,5.62,5.62,100.818,106.43801879882812,0,0,0,0
1,rank1,7,pack_input_wait,4,0.09,0.023,101.125,104.43600463867188,40960,0,0,0
1,rank1,7,pack_quantize,4,1.268,0.334,101.224,104.86700439453125,20480,44,0,0
1,rank1,7,pack_tx_publish,4,0.643,0.211,102.646,105.91500854492188,0,4,4,256
1,rank1,7,receive_total,1,28.628,28.628,106.672,135.30001831054688,0,0,0,0
1,rank1,7,rx_flag_poll_wait,1,23.708,23.708,107.128,130.83599853515625,37,54,48,594
1,rank1,7,rx_unpack_wait,6,0.892,0.334,131.115,133.989990234375,31680,0,0,0
1,rank1,7,rx_unpack_dequant_clear,7,0.662,0.183,131.521,134.38800048828125,30720,66,0,0
1,rank1,7,rx_output,1,0.348,0.348,134.492,134.83999633789062,10240,0,0,0
1,rank1,7,start_gate,1,99.497,99.497,1.121,100.61801147460938,0,0,0,0
1,rank1,7,pack_tx_data_submit,4,0.082,0.021,101.654,105.02700805664062,22528,0,0,0
1,rank1,7,pack_first_tx_ready,1,2.151,2.151,100.831,102.98199462890625,32,0,0,0
1,rank1,7,pack_mte3_exposed_wait,4,0.01,0.003,102.559,105.54800415039062,22528,0,0,0
1,rank1,8,kernel_total,1,7.671,7.671,100.94,108.61099243164062,0,0,0,0
1,rank1,8,pack_total,1,6.59,6.59,101.035,107.625,0,0,0,0
1,rank1,8,pack_input_wait,5,0.112,0.023,101.337,105.77801513671875,51200,0,0,0
1,rank1,8,pack_quantize,5,1.555,0.33,101.432,106.20199584960938,25600,55,0,0
1,rank1,8,pack_tx_publish,5,0.793,0.201,102.853,107.27099609375,0,5,5,320
1,rank1,8,receive_total,1,0.604,0.604,107.828,108.4320068359375,0,0,0,0
1,rank1,8,start_gate,1,99.233,99.233,1.6,100.8330078125,0,0,0,0
1,rank1,8,pack_tx_data_submit,5,0.103,0.021,101.861,106.35202026367188,28160,0,0,0
1,rank1,8,pack_first_tx_ready,1,2.131,2.131,101.047,103.17800903320312,36,0,0,0
1,rank1,8,pack_mte3_exposed_wait,5,0.011,0.003,102.771,106.95599365234375,28160,0,0,0
1,rank1,9,kernel_total,1,32.045,32.045,101.159,133.20401000976562,0,0,0,0
1,rank1,9,pack_total,1,5.318,5.318,101.254,106.57199096679688,0,0,0,0
1,rank1,9,pack_input_wait,4,0.091,0.023,101.56,104.718994140625,40960,0,0,0
1,rank1,9,pack_quantize,4,1.238,0.339,101.654,105.12200927734375,20480,44,0,0
1,rank1,9,pack_tx_publish,4,0.586,0.199,103.07,106.22500610351562,0,4,4,256
1,rank1,9,receive_total,1,26.255,26.255,106.771,133.0260009765625,0,0,0,0
1,rank1,9,rx_flag_poll_wait,1,21.25,21.25,107.234,128.4840087890625,20,51,45,561
1,rank1,9,rx_unpack_wait,6,0.92,0.332,128.804,131.70501708984375,31680,0,0,0
1,rank1,9,rx_unpack_dequant_clear,7,0.661,0.181,129.208,132.09799194335938,30720,66,0,0
1,rank1,9,rx_output,1,0.352,0.352,132.199,132.55099487304688,10240,0,0,0
1,rank1,9,start_gate,1,99.55,99.55,1.508,101.05801391601562,0,0,0,0
1,rank1,9,pack_tx_data_submit,4,0.084,0.021,102.093,105.28201293945312,22528,0,0,0
1,rank1,9,pack_first_tx_ready,1,2.123,2.123,101.267,103.3900146484375,41,0,0,0
1,rank1,9,pack_mte3_exposed_wait,4,0.01,0.004,102.983,105.88900756835938,22528,0,0,0
1,rank1,10,kernel_total,1,24.772,24.772,100.871,125.64300537109375,0,0,0,0
1,rank1,10,pack_total,1,6.621,6.621,100.966,107.58700561523438,0,0,0,0
1,rank1,10,pack_input_wait,5,0.114,0.023,101.273,105.80001831054688,51200,0,0,0
1,rank1,10,pack_quantize,5,1.577,0.343,101.368,106.2239990234375,25600,55,0,0
1,rank1,10,pack_tx_publish,5,0.788,0.228,102.791,107.25701904296875,0,5,5,320
1,rank1,10,receive_total,1,17.668,17.668,107.789,125.45700073242188,0,0,0,0
1,rank1,10,rx_flag_poll_wait,1,12.753,12.753,108.186,120.93899536132812,8,28,22,308
1,rank1,10,rx_unpack_wait,6,1.057,0.415,121.248,124.25900268554688,31680,0,0,0
1,rank1,10,rx_unpack_dequant_clear,7,0.658,0.179,121.736,124.65399169921875,30720,66,0,0
1,rank1,10,rx_output,1,0.345,0.345,124.758,125.10299682617188,10240,0,0,0
1,rank1,10,start_gate,1,99.094,99.094,1.671,100.7650146484375,0,0,0,0
1,rank1,10,pack_tx_data_submit,5,0.104,0.021,101.807,106.37399291992188,28160,0,0,0
1,rank1,10,pack_first_tx_ready,1,2.166,2.166,100.979,103.14501953125,45,0,0,0
1,rank1,10,pack_mte3_exposed_wait,5,0.012,0.004,102.709,106.89801025390625,28160,0,0,0
1,rank1,11,kernel_total,1,23.45,23.45,101.037,124.48699951171875,0,0,0,0
1,rank1,11,pack_total,1,5.582,5.582,101.133,106.71499633789062,0,0,0,0
1,rank1,11,pack_input_wait,4,0.09,0.023,101.518,104.94699096679688,40960,0,0,0
1,rank1,11,pack_quantize,4,1.253,0.344,101.613,105.35400390625,20480,44,0,0
1,rank1,11,pack_tx_publish,4,0.677,0.228,103.027,106.41201782226562,0,4,4,256
1,rank1,11,receive_total,1,17.386,17.386,106.915,124.30099487304688,0,0,0,0
1,rank1,11,rx_flag_poll_wait,1,12.288,12.288,107.342,119.6300048828125,5,29,23,319
1,rank1,11,rx_unpack_wait,6,0.982,0.391,119.929,122.989990234375,31680,0,0,0
1,rank1,11,rx_unpack_dequant_clear,7,0.661,0.184,120.488,123.38299560546875,30720,66,0,0
1,rank1,11,rx_output,1,0.345,0.345,123.488,123.8330078125,10240,0,0,0
1,rank1,11,start_gate,1,99.831,99.831,1.1,100.93099975585938,0,0,0,0
1,rank1,11,pack_tx_data_submit,4,0.081,0.021,102.053,105.51300048828125,22528,0,0,0
1,rank1,11,pack_first_tx_ready,1,2.235,2.235,101.146,103.38101196289062,50,0,0,0
1,rank1,11,pack_mte3_exposed_wait,4,0.01,0.003,102.946,106.072998046875,22528,0,0,0
1,rank1,12,kernel_total,1,7.754,7.754,100.998,108.75201416015625,0,0,0,0
1,rank1,12,pack_total,1,6.717,6.717,101.092,107.80899047851562,0,0,0,0
1,rank1,12,pack_input_wait,5,0.111,0.023,101.396,105.91799926757812,51200,0,0,0
1,rank1,12,pack_quantize,5,1.597,0.345,101.49,106.34701538085938,25600,55,0,0
1,rank1,12,pack_tx_publish,5,0.921,0.231,102.902,107.4739990234375,0,5,5,320
1,rank1,12,receive_total,1,0.566,0.566,108.013,108.57901000976562,0,0,0,0
1,rank1,12,start_gate,1,99.898,99.898,0.998,100.89599609375,0,0,0,0
1,rank1,12,pack_tx_data_submit,5,0.105,0.021,101.934,106.50100708007812,28160,0,0,0
1,rank1,12,pack_first_tx_ready,1,2.155,2.155,101.105,103.260009765625,54,0,0,0
1,rank1,12,pack_mte3_exposed_wait,5,0.01,0.003,102.821,107.1400146484375,28160,0,0,0
1,rank1,13,kernel_total,1,26.683,26.683,101.075,127.75799560546875,0,0,0,0
1,rank1,13,pack_total,1,6.535,6.535,101.17,107.70501708984375,0,0,0,0
1,rank1,13,pack_input_wait,5,0.11,0.022,101.476,105.98199462890625,51200,0,0,0
1,rank1,13,pack_quantize,5,1.569,0.334,101.575,106.40499877929688,25600,55,0,0
1,rank1,13,pack_tx_publish,5,0.77,0.231,102.988,107.38101196289062,0,5,5,320
1,rank1,13,receive_total,1,19.666,19.666,107.911,127.57699584960938,0,0,0,0
1,rank1,13,rx_flag_poll_wait,1,14.729,14.729,108.37,123.0989990234375,9,35,29,385
1,rank1,13,rx_unpack_wait,6,1.03,0.363,123.388,126.39901733398438,31680,0,0,0
1,rank1,13,rx_unpack_dequant_clear,7,0.662,0.186,123.823,126.78900146484375,30720,66,0,0
1,rank1,13,rx_output,1,0.331,0.331,126.894,127.22500610351562,10240,0,0,0
1,rank1,13,start_gate,1,99.729,99.729,1.239,100.968017578125,0,0,0,0
1,rank1,13,pack_tx_data_submit,5,0.103,0.021,102.005,106.55599975585938,28160,0,0,0
1,rank1,13,pack_first_tx_ready,1,2.163,2.163,101.183,103.34600830078125,59,0,0,0
1,rank1,13,pack_mte3_exposed_wait,5,0.012,0.003,102.909,107.05499267578125,28160,0,0,0
1,rank1,14,kernel_total,1,28.863,28.863,100.665,129.52801513671875,0,0,0,0
1,rank1,14,pack_total,1,5.572,5.572,100.76,106.33200073242188,0,0,0,0
1,rank1,14,pack_input_wait,4,0.09,0.023,101.067,104.45101928710938,40960,0,0,0
1,rank1,14,pack_quantize,4,1.293,0.372,101.162,104.8590087890625,20480,44,0,0
1,rank1,14,pack_tx_publish,4,0.689,0.229,102.605,105.885009765625,0,4,4,256
1,rank1,14,receive_total,1,22.76,22.76,106.573,129.3330078125,0,0,0,0
1,rank1,14,rx_flag_poll_wait,1,17.87,17.87,106.967,124.83700561523438,15,44,38,484
1,rank1,14,rx_unpack_wait,6,0.958,0.364,125.113,128.04000854492188,31680,0,0,0
1,rank1,14,rx_unpack_dequant_clear,7,0.665,0.187,125.549,128.43399047851562,30720,66,0,0
1,rank1,14,rx_output,1,0.339,0.339,128.542,128.88101196289062,10240,0,0,0
1,rank1,14,start_gate,1,98.939,98.939,1.625,100.56399536132812,0,0,0,0
1,rank1,14,pack_tx_data_submit,4,0.082,0.021,101.629,105.0159912109375,22528,0,0,0
1,rank1,14,pack_first_tx_ready,1,2.188,2.188,100.772,102.95999145507812,64,0,0,0
1,rank1,14,pack_mte3_exposed_wait,4,0.009,0.003,102.52,105.54598999023438,22528,0,0,0
1,rank1,15,kernel_total,1,27.78,27.78,100.647,128.427001953125,0,0,0,0
1,rank1,15,pack_total,1,6.679,6.679,100.742,107.42098999023438,0,0,0,0
1,rank1,15,pack_input_wait,5,0.113,0.023,101.048,105.5469970703125,51200,0,0,0
1,rank1,15,pack_quantize,5,1.521,0.321,101.148,105.9630126953125,25600,55,0,0
1,rank1,15,pack_tx_publish,5,0.921,0.231,102.555,107.11199951171875,0,5,5,320
1,rank1,15,receive_total,1,20.585,20.585,107.645,128.23001098632812,0,0,0,0
1,rank1,15,rx_flag_poll_wait,1,15.824,15.824,108.007,123.83099365234375,14,38,32,418
1,rank1,15,rx_unpack_wait,6,0.874,0.324,124.095,126.94000244140625,31680,0,0,0
1,rank1,15,rx_unpack_dequant_clear,7,0.66,0.181,124.491,127.33099365234375,30720,66,0,0
1,rank1,15,rx_output,1,0.34,0.34,127.436,127.7760009765625,10240,0,0,0
1,rank1,15,start_gate,1,99.322,99.322,1.219,100.541015625,0,0,0,0
1,rank1,15,pack_tx_data_submit,5,0.102,0.021,101.565,106.114013671875,28160,0,0,0
1,rank1,15,pack_first_tx_ready,1,2.157,2.157,100.754,102.9110107421875,68,0,0,0
1,rank1,15,pack_mte3_exposed_wait,5,0.01,0.003,102.469,106.74700927734375,28160,0,0,0
1,rank1,16,kernel_total,1,6.808,6.808,100.621,107.42901611328125,0,0,0,0
1,rank1,16,pack_total,1,5.645,5.645,100.716,106.36099243164062,0,0,0,0
1,rank1,16,pack_input_wait,4,0.09,0.023,101.018,104.22000122070312,40960,0,0,0
1,rank1,16,pack_quantize,4,1.231,0.328,101.117,104.62799072265625,20480,44,0,0
1,rank1,16,pack_tx_publish,4,0.628,0.214,102.514,105.94100952148438,0,4,4,256
1,rank1,16,receive_total,1,0.663,0.663,106.595,107.25799560546875,0,0,0,0
1,rank1,16,start_gate,1,100.119,100.119,0.401,100.52001953125,0,0,0,0
1,rank1,16,pack_tx_data_submit,4,0.084,0.021,101.544,104.78500366210938,22528,0,0,0
1,rank1,16,pack_first_tx_ready,1,2.125,2.125,100.729,102.85400390625,73,0,0,0
1,rank1,16,pack_mte3_exposed_wait,4,0.009,0.004,102.432,105.40899658203125,22528,0,0,0
1,rank1,17,kernel_total,1,25.718,25.718,100.839,126.5570068359375,0,0,0,0
1,rank1,17,pack_total,1,6.575,6.575,100.933,107.50799560546875,0,0,0,0
1,rank1,17,pack_input_wait,5,0.112,0.023,101.238,105.69000244140625,51200,0,0,0
1,rank1,17,pack_quantize,5,1.518,0.32,101.338,106.11199951171875,25600,55,0,0
1,rank1,17,pack_tx_publish,5,0.751,0.209,102.735,107.17999267578125,0,5,5,320
1,rank1,17,receive_total,1,18.658,18.658,107.722,126.3800048828125,0,0,0,0
1,rank1,17,rx_flag_poll_wait,1,13.939,13.939,108.107,122.04598999023438,7,34,28,374
1,rank1,17,rx_unpack_wait,6,0.877,0.307,122.343,125.19100952148438,31680,0,0,0
1,rank1,17,rx_unpack_dequant_clear,7,0.648,0.17,122.722,125.58499145507812,30720,66,0,0
1,rank1,17,rx_output,1,0.337,0.337,125.689,126.0260009765625,10240,0,0,0
1,rank1,17,start_gate,1,99.868,99.868,0.865,100.73300170898438,0,0,0,0
1,rank1,17,pack_tx_data_submit,5,0.104,0.021,101.754,106.26199340820312,28160,0,0,0
1,rank1,17,pack_first_tx_ready,1,2.126,2.126,100.946,103.07199096679688,77,0,0,0
1,rank1,17,pack_mte3_exposed_wait,5,0.012,0.004,102.649,106.78201293945312,28160,0,0,0
1,rank1,18,kernel_total,1,29.819,29.819,100.952,130.77099609375,0,0,0,0
1,rank1,18,pack_total,1,5.46,5.46,101.047,106.50701904296875,0,0,0,0
1,rank1,18,pack_input_wait,4,0.092,0.023,101.353,104.60601806640625,40960,0,0,0
1,rank1,18,pack_quantize,4,1.235,0.327,101.453,105.01199340820312,20480,44,0,0
1,rank1,18,pack_tx_publish,4,0.601,0.2,102.839,106.10202026367188,0,4,4,256
1,rank1,18,receive_total,1,23.836,23.836,106.745,130.58099365234375,0,0,0,0
1,rank1,18,rx_flag_poll_wait,1,18.94,18.94,107.162,126.10202026367188,11,46,40,506
1,rank1,18,rx_unpack_wait,6,0.927,0.364,126.39,129.29000854492188,31680,0,0,0
1,rank1,18,rx_unpack_dequant_clear,7,0.663,0.175,126.826,129.67599487304688,30720,66,0,0
1,rank1,18,rx_output,1,0.344,0.344,129.78,130.12399291992188,10240,0,0,0
1,rank1,18,start_gate,1,100.851,100.851,0.0,100.85101318359375,0,0,0,0
1,rank1,18,pack_tx_data_submit,4,0.084,0.021,101.876,105.17001342773438,22528,0,0,0
1,rank1,18,pack_first_tx_ready,1,2.106,2.106,101.059,103.16500854492188,82,0,0,0
1,rank1,18,pack_mte3_exposed_wait,4,0.009,0.003,102.754,105.67300415039062,22528,0,0,0
1,rank1,19,kernel_total,1,27.053,27.053,100.508,127.56100463867188,0,0,0,0
1,rank1,19,pack_total,1,6.578,6.578,100.604,107.1820068359375,0,0,0,0
1,rank1,19,pack_input_wait,5,0.114,0.023,100.906,105.3280029296875,51200,0,0,0
1,rank1,19,pack_quantize,5,1.546,0.326,101.006,105.75,25600,55,0,0
1,rank1,19,pack_tx_publish,5,0.802,0.201,102.419,106.85000610351562,0,5,5,320
1,rank1,19,receive_total,1,19.982,19.982,107.388,127.3699951171875,0,0,0,0
1,rank1,19,rx_flag_poll_wait,1,15.068,15.068,107.768,122.83599853515625,17,35,29,385
1,rank1,19,rx_unpack_wait,6,0.997,0.345,123.106,126.08001708984375,31680,0,0,0
1,rank1,19,rx_unpack_dequant_clear,7,0.657,0.176,123.524,126.4739990234375,30720,66,0,0
1,rank1,19,rx_output,1,0.349,0.349,126.573,126.9219970703125,10240,0,0,0
1,rank1,19,start_gate,1,100.057,100.057,0.344,100.4010009765625,0,0,0,0
1,rank1,19,pack_tx_data_submit,5,0.101,0.021,101.433,105.9010009765625,28160,0,0,0
1,rank1,19,pack_first_tx_ready,1,2.13,2.13,100.616,102.74600219726562,86,0,0,0
1,rank1,19,pack_mte3_exposed_wait,5,0.012,0.003,102.332,106.5050048828125,28160,0,0,0
1,rank1,20,kernel_total,1,29.903,29.903,100.575,130.47799682617188,0,0,0,0
1,rank1,20,pack_total,1,6.558,6.558,100.67,107.22799682617188,0,0,0,0
1,rank1,20,pack_input_wait,5,0.112,0.023,100.976,105.48501586914062,51200,0,0,0
1,rank1,20,pack_quantize,5,1.581,0.324,101.076,105.91400146484375,25600,55,0,0
1,rank1,20,pack_tx_publish,5,0.754,0.214,102.489,106.92501831054688,0,5,5,320
1,rank1,20,receive_total,1,22.88,22.88,107.425,130.30499267578125,0,0,0,0
1,rank1,20,rx_flag_poll_wait,1,17.931,17.931,107.826,125.75701904296875,15,43,37,473
1,rank1,20,rx_unpack_wait,6,0.98,0.423,126.063,129.00201416015625,31680,0,0,0
1,rank1,20,rx_unpack_dequant_clear,7,0.645,0.166,126.558,129.38800048828125,30720,66,0,0
1,rank1,20,rx_output,1,0.354,0.354,129.486,129.83999633789062,10240,0,0,0
1,rank1,20,start_gate,1,99.305,99.305,1.169,100.4739990234375,0,0,0,0
1,rank1,20,pack_tx_data_submit,5,0.103,0.021,101.499,106.06399536132812,28160,0,0,0
1,rank1,20,pack_first_tx_ready,1,2.147,2.147,100.683,102.83001708984375,91,0,0,0
1,rank1,20,pack_mte3_exposed_wait,5,0.01,0.003,102.403,106.5780029296875,28160,0,0,0
1,rank1,21,kernel_total,1,6.768,6.768,100.486,107.25399780273438,0,0,0,0
1,rank1,21,pack_total,1,5.609,5.609,100.581,106.19000244140625,0,0,0,0
1,rank1,21,pack_input_wait,4,0.089,0.023,100.886,104.17599487304688,40960,0,0,0
1,rank1,21,pack_quantize,4,1.233,0.327,100.98,104.58700561523438,20480,44,0,0
1,rank1,21,pack_tx_publish,4,0.635,0.205,102.382,105.75799560546875,0,4,4,256
1,rank1,21,receive_total,1,0.583,0.583,106.37,106.9530029296875,0,0,0,0
1,rank1,21,start_gate,1,99.441,99.441,0.939,100.3800048828125,0,0,0,0
1,rank1,21,pack_tx_data_submit,4,0.082,0.021,101.403,104.74801635742188,22528,0,0,0
1,rank1,21,pack_first_tx_ready,1,2.121,2.121,100.594,102.71499633789062,96,0,0,0
1,rank1,21,pack_mte3_exposed_wait,4,0.009,0.003,102.298,105.28900146484375,22528,0,0,0
1,rank1,22,kernel_total,1,24.277,24.277,101.102,125.37899780273438,0,0,0,0
1,rank1,22,pack_total,1,6.693,6.693,101.197,107.8900146484375,0,0,0,0
1,rank1,22,pack_input_wait,5,0.112,0.023,101.504,106.010009765625,51200,0,0,0
1,rank1,22,pack_quantize,5,1.543,0.327,101.603,106.44400024414062,25600,55,0,0
1,rank1,22,pack_tx_publish,5,0.923,0.225,103.018,107.56600952148438,0,5,5,320
1,rank1,22,receive_total,1,17.1,17.1,108.093,125.1929931640625,0,0,0,0
1,rank1,22,rx_flag_poll_wait,1,12.258,12.258,108.497,120.7550048828125,8,30,24,330
1,rank1,22,rx_unpack_wait,6,0.908,0.349,121.032,123.89801025390625,31680,0,0,0
1,rank1,22,rx_unpack_dequant_clear,7,0.649,0.172,121.453,124.29299926757812,30720,66,0,0
1,rank1,22,rx_output,1,0.342,0.342,124.401,124.74301147460938,10240,0,0,0
1,rank1,22,start_gate,1,99.211,99.211,1.784,100.9949951171875,0,0,0,0
1,rank1,22,pack_tx_data_submit,5,0.104,0.021,102.03,106.593994140625,28160,0,0,0
1,rank1,22,pack_first_tx_ready,1,2.158,2.158,101.21,103.36801147460938,100,0,0,0
1,rank1,22,pack_mte3_exposed_wait,5,0.011,0.003,102.931,107.218994140625,28160,0,0,0
1,rank1,23,kernel_total,1,28.981,28.981,100.742,129.72299194335938,0,0,0,0
1,rank1,23,pack_total,1,5.565,5.565,100.836,106.4010009765625,0,0,0,0
1,rank1,23,pack_input_wait,4,0.088,0.022,101.203,104.4219970703125,40960,0,0,0
1,rank1,23,pack_quantize,4,1.246,0.335,101.297,104.83099365234375,20480,44,0,0
1,rank1,23,pack_tx_publish,4,0.699,0.224,102.692,106.00100708007812,0,4,4,256
1,rank1,23,receive_total,1,22.909,22.909,106.628,129.53701782226562,0,0,0,0
1,rank1,23,rx_flag_poll_wait,1,18.019,18.019,107.035,125.05401611328125,12,45,39,495
1,rank1,23,rx_unpack_wait,6,0.905,0.292,125.333,128.2030029296875,31680,0,0,0
1,rank1,23,rx_unpack_dequant_clear,7,0.658,0.177,125.697,128.593017578125,30720,66,0,0
1,rank1,23,rx_output,1,0.385,0.385,128.69,129.07501220703125,10240,0,0,0
1,rank1,23,start_gate,1,100.416,100.416,0.224,100.6400146484375,0,0,0,0
1,rank1,23,pack_tx_data_submit,4,0.083,0.021,101.732,104.98101806640625,22528,0,0,0
1,rank1,23,pack_first_tx_ready,1,2.195,2.195,100.849,103.04400634765625,105,0,0,0
1,rank1,23,pack_mte3_exposed_wait,4,0.01,0.004,102.611,105.62399291992188,22528,0,0,0
1,rank1,24,kernel_total,1,30.129,30.129,100.408,130.53701782226562,0,0,0,0
1,rank1,24,pack_total,1,6.59,6.59,100.502,107.09201049804688,0,0,0,0
1,rank1,24,pack_input_wait,5,0.11,0.022,100.809,105.33599853515625,51200,0,0,0
1,rank1,24,pack_quantize,5,1.571,0.336,100.903,105.76699829101562,25600,55,0,0
1,rank1,24,pack_tx_publish,5,0.824,0.232,102.318,106.78701782226562,0,5,5,320
1,rank1,24,receive_total,1,23.06,23.06,107.296,130.35601806640625,0,0,0,0
1,rank1,24,rx_flag_poll_wait,1,18.245,18.245,107.653,125.89801025390625,18,42,36,462
1,rank1,24,rx_unpack_wait,6,0.934,0.335,126.17,129.0989990234375,31680,0,0,0
1,rank1,24,rx_unpack_dequant_clear,7,0.675,0.191,126.576,129.48501586914062,30720,66,0,0
1,rank1,24,rx_output,1,0.35,0.35,129.581,129.93099975585938,10240,0,0,0
1,rank1,24,start_gate,1,98.569,98.569,1.733,100.302001953125,0,0,0,0
1,rank1,24,pack_tx_data_submit,5,0.103,0.021,101.339,105.9169921875,28160,0,0,0
1,rank1,24,pack_first_tx_ready,1,2.159,2.159,100.515,102.67401123046875,109,0,0,0
1,rank1,24,pack_mte3_exposed_wait,5,0.008,0.003,102.234,106.45101928710938,28160,0,0,0
1,rank1,25,kernel_total,1,6.753,6.753,100.546,107.29901123046875,0,0,0,0
1,rank1,25,pack_total,1,5.624,5.624,100.641,106.2650146484375,0,0,0,0
1,rank1,25,pack_input_wait,4,0.091,0.023,100.944,104.28799438476562,40960,0,0,0
1,rank1,25,pack_quantize,4,1.242,0.34,101.039,104.70901489257812,20480,44,0,0
1,rank1,25,pack_tx_publish,4,0.702,0.231,102.454,105.82901000976562,0,4,4,256
1,rank1,25,receive_total,1,0.562,0.562,106.494,107.05599975585938,0,0,0,0
1,rank1,25,start_gate,1,98.842,98.842,1.603,100.44500732421875,0,0,0,0
1,rank1,25,pack_tx_data_submit,4,0.083,0.021,101.479,104.86700439453125,22528,0,0,0
1,rank1,25,pack_first_tx_ready,1,2.157,2.157,100.654,102.81100463867188,114,0,0,0
1,rank1,25,pack_mte3_exposed_wait,4,0.01,0.003,102.372,105.39599609375,22528,0,0,0
1,rank1,26,kernel_total,1,29.906,29.906,100.98,130.88601684570312,0,0,0,0
1,rank1,26,pack_total,1,6.696,6.696,101.075,107.77099609375,0,0,0,0
1,rank1,26,pack_input_wait,5,0.111,0.023,101.379,105.864990234375,51200,0,0,0
1,rank1,26,pack_quantize,5,1.535,0.325,101.478,106.28900146484375,25600,55,0,0
1,rank1,26,pack_tx_publish,5,0.948,0.239,102.871,107.44699096679688,0,5,5,320
1,rank1,26,receive_total,1,22.724,22.724,107.977,130.70101928710938,0,0,0,0
1,rank1,26,rx_flag_poll_wait,1,18.142,18.142,108.34,126.48199462890625,16,43,37,473
1,rank1,26,rx_unpack_wait,6,0.843,0.302,126.743,129.54800415039062,31680,0,0,0
1,rank1,26,rx_unpack_dequant_clear,7,0.655,0.174,127.117,129.93801879882812,30720,66,0,0
1,rank1,26,rx_output,1,0.347,0.347,130.042,130.38900756835938,10240,0,0,0
1,rank1,26,start_gate,1,99.658,99.658,1.216,100.87399291992188,0,0,0,0
1,rank1,26,pack_tx_data_submit,5,0.103,0.021,101.898,106.43899536132812,28160,0,0,0
1,rank1,26,pack_first_tx_ready,1,2.139,2.139,101.088,103.22702026367188,118,0,0,0
1,rank1,26,pack_mte3_exposed_wait,5,0.011,0.003,102.79,107.08700561523438,28160,0,0,0
1,rank1,27,kernel_total,1,26.578,26.578,100.43,127.00799560546875,0,0,0,0
1,rank1,27,pack_total,1,6.619,6.619,100.525,107.14401245117188,0,0,0,0
1,rank1,27,pack_input_wait,5,0.113,0.023,100.83,105.33901977539062,51200,0,0,0
1,rank1,27,pack_quantize,5,1.537,0.332,100.925,105.76699829101562,25600,55,0,0
1,rank1,27,pack_tx_publish,5,0.875,0.25,102.32,106.8380126953125,0,5,5,320
1,rank1,27,receive_total,1,19.473,19.473,107.35,126.822998046875,0,0,0,0
1,rank1,27,rx_flag_poll_wait,1,14.722,14.722,107.714,122.43600463867188,10,37,31,407
1,rank1,27,rx_unpack_wait,6,0.902,0.316,122.7,125.5830078125,31680,0,0,0
1,rank1,27,rx_unpack_dequant_clear,7,0.652,0.174,123.088,125.9739990234375,30720,66,0,0
1,rank1,27,rx_output,1,0.34,0.34,126.082,126.4219970703125,10240,0,0,0
1,rank1,27,start_gate,1,98.92,98.92,1.409,100.32901000976562,0,0,0,0
1,rank1,27,pack_tx_data_submit,5,0.104,0.021,101.353,105.91799926757812,28160,0,0,0
1,rank1,27,pack_first_tx_ready,1,2.15,2.15,100.537,102.68701171875,123,0,0,0
1,rank1,27,pack_mte3_exposed_wait,5,0.011,0.003,102.239,106.46200561523438,28160,0,0,0
1,rank1,28,kernel_total,1,25.001,25.001,100.818,125.81900024414062,0,0,0,0
1,rank1,28,pack_total,1,5.627,5.627,100.913,106.54000854492188,0,0,0,0
1,rank1,28,pack_input_wait,4,0.091,0.023,101.22,104.56301879882812,40960,0,0,0
1,rank1,28,pack_quantize,4,1.221,0.32,101.32,104.98101806640625,20480,44,0,0
1,rank1,28,pack_tx_publish,4,0.716,0.239,102.725,106.09100341796875,0,4,4,256
1,rank1,28,receive_total,1,18.853,18.853,106.796,125.64901733398438,0,0,0,0
1,rank1,28,rx_flag_poll_wait,1,14.011,14.011,107.276,121.28701782226562,11,34,28,374
1,rank1,28,rx_unpack_wait,6,0.925,0.292,121.583,124.45700073242188,31680,0,0,0
1,rank1,28,rx_unpack_dequant_clear,7,0.651,0.173,121.947,124.84799194335938,30720,66,0,0
1,rank1,28,rx_output,1,0.341,0.341,124.952,125.29299926757812,10240,0,0,0
1,rank1,28,start_gate,1,99.893,99.893,0.818,100.71099853515625,0,0,0,0
1,rank1,28,pack_tx_data_submit,4,0.083,0.021,101.736,105.1300048828125,22528,0,0,0
1,rank1,28,pack_first_tx_ready,1,2.164,2.164,100.926,103.08999633789062,128,0,0,0
1,rank1,28,pack_mte3_exposed_wait,4,0.01,0.004,102.638,105.65499877929688,22528,0,0,0
1,rank1,29,kernel_total,1,7.742,7.742,100.457,108.19900512695312,0,0,0,0
1,rank1,29,pack_total,1,6.73,6.73,100.552,107.28201293945312,0,0,0,0
1,rank1,29,pack_input_wait,5,0.111,0.023,100.86,105.37799072265625,51200,0,0,0
1,rank1,29,pack_quantize,5,1.536,0.328,100.955,105.80300903320312,25600,55,0,0
1,rank1,29,pack_tx_publish,5,0.952,0.239,102.353,106.97000122070312,0,5,5,320
1,rank1,29,receive_total,1,0.564,0.564,107.475,108.03900146484375,0,0,0,0
1,rank1,29,start_gate,1,98.526,98.526,1.83,100.35601806640625,0,0,0,0
1,rank1,29,pack_tx_data_submit,5,0.104,0.021,101.379,105.9530029296875,28160,0,0,0
1,rank1,29,pack_first_tx_ready,1,2.153,2.153,100.565,102.718017578125,132,0,0,0
1,rank1,29,pack_mte3_exposed_wait,5,0.011,0.003,102.271,106.60699462890625,28160,0,0,0
1,rank1,30,kernel_total,1,24.476,24.476,100.604,125.08001708984375,0,0,0,0
1,rank1,30,pack_total,1,5.593,5.593,100.699,106.2919921875,0,0,0,0
1,rank1,30,pack_input_wait,4,0.091,0.023,101.005,104.23101806640625,40960,0,0,0
1,rank1,30,pack_quantize,4,1.24,0.327,101.1,104.64999389648438,20480,44,0,0
1,rank1,30,pack_tx_publish,4,0.73,0.243,102.507,105.86801147460938,0,4,4,256
1,rank1,30,receive_total,1,18.374,18.374,106.529,124.90301513671875,0,0,0,0
1,rank1,30,rx_flag_poll_wait,1,13.386,13.386,106.935,120.32101440429688,8,34,28,374
1,rank1,30,rx_unpack_wait,6,1.105,0.321,120.599,123.65499877929688,31680,0,0,0
1,rank1,30,rx_unpack_dequant_clear,7,0.659,0.179,120.993,124.04400634765625,30720,66,0,0
1,rank1,30,rx_output,1,0.339,0.339,124.141,124.48001098632812,10240,0,0,0
1,rank1,30,start_gate,1,98.767,98.767,1.731,100.49801635742188,0,0,0,0
1,rank1,30,pack_tx_data_submit,4,0.083,0.021,101.527,104.80001831054688,22528,0,0,0
1,rank1,30,pack_first_tx_ready,1,2.159,2.159,100.712,102.87100219726562,137,0,0,0
1,rank1,30,pack_mte3_exposed_wait,4,0.01,0.004,102.417,105.45700073242188,22528,0,0,0
1,rank1,31,kernel_total,1,29.185,29.185,100.89,130.07501220703125,0,0,0,0
1,rank1,31,pack_total,1,6.683,6.683,100.984,107.6669921875,0,0,0,0
1,rank1,31,pack_input_wait,5,0.112,0.023,101.291,105.77001953125,51200,0,0,0
1,rank1,31,pack_quantize,5,1.516,0.318,101.391,106.18899536132812,25600,55,0,0
1,rank1,31,pack_tx_publish,5,0.935,0.244,102.78,107.35299682617188,0,5,5,320
1,rank1,31,receive_total,1,22.037,22.037,107.86,129.89700317382812,0,0,0,0
1,rank1,31,rx_flag_poll_wait,1,17.258,17.258,108.301,125.55899047851562,12,43,37,473
1,rank1,31,rx_unpack_wait,6,0.864,0.302,125.833,128.73699951171875,31680,0,0,0
1,rank1,31,rx_unpack_dequant_clear,7,0.646,0.167,126.294,129.1300048828125,30720,66,0,0
1,rank1,31,rx_output,1,0.331,0.331,129.238,129.56900024414062,10240,0,0,0
1,rank1,31,start_gate,1,100.526,100.526,0.258,100.78399658203125,0,0,0,0
1,rank1,31,pack_tx_data_submit,5,0.104,0.021,101.805,106.33901977539062,28160,0,0,0
1,rank1,31,pack_first_tx_ready,1,2.132,2.132,100.997,103.12899780273438,141,0,0,0
1,rank1,31,pack_mte3_exposed_wait,5,0.01,0.003,102.694,106.864013671875,28160,0,0,0
1,rank1,32,kernel_total,1,23.154,23.154,100.614,123.76800537109375,0,0,0,0
1,rank1,32,pack_total,1,5.454,5.454,100.709,106.16299438476562,0,0,0,0
1,rank1,32,pack_input_wait,4,0.089,0.023,101.015,104.343017578125,40960,0,0,0
1,rank1,32,pack_quantize,4,1.256,0.335,101.114,104.75900268554688,20480,44,0,0
1,rank1,32,pack_tx_publish,4,0.604,0.229,102.596,105.83200073242188,0,4,4,256
1,rank1,32,receive_total,1,17.24,17.24,106.356,123.59600830078125,0,0,0,0
1,rank1,32,rx_flag_poll_wait,1,12.459,12.459,106.724,119.18301391601562,7,30,24,330
1,rank1,32,rx_unpack_wait,6,1.0,0.316,119.457,122.41299438476562,31680,0,0,0
1,rank1,32,rx_unpack_dequant_clear,7,0.645,0.166,119.845,122.80599975585938,30720,66,0,0
1,rank1,32,rx_output,1,0.35,0.35,122.91,123.260009765625,10240,0,0,0
1,rank1,32,start_gate,1,99.027,99.027,1.486,100.51300048828125,0,0,0,0
1,rank1,32,pack_tx_data_submit,4,0.082,0.021,101.545,104.91900634765625,22528,0,0,0
1,rank1,32,pack_first_tx_ready,1,2.23,2.23,100.722,102.95199584960938,146,0,0,0
1,rank1,32,pack_mte3_exposed_wait,4,0.009,0.003,102.515,105.45501708984375,22528,0,0,0
1,rank1,33,kernel_total,1,7.294,7.294,101.896,109.19000244140625,0,0,0,0
1,rank1,33,pack_total,1,6.394,6.394,101.991,108.385009765625,0,0,0,0
1,rank1,33,pack_input_wait,5,0.113,0.023,102.294,106.60699462890625,51200,0,0,0
1,rank1,33,pack_quantize,5,1.536,0.323,102.393,107.02899169921875,25600,55,0,0
1,rank1,33,pack_tx_publish,5,0.624,0.125,103.799,108.07400512695312,0,5,5,320
1,rank1,33,receive_total,1,0.436,0.436,108.579,109.0150146484375,0,0,0,0
1,rank1,33,start_gate,1,99.913,99.913,1.882,101.79501342773438,0,0,0,0
1,rank1,33,pack_tx_data_submit,5,0.104,0.021,102.812,107.17999267578125,28160,0,0,0
1,rank1,33,pack_first_tx_ready,1,2.048,2.048,102.003,104.05099487304688,150,0,0,0
1,rank1,33,pack_mte3_exposed_wait,5,0.01,0.003,103.715,107.72000122070312,28160,0,0,0
1,rank1,34,kernel_total,1,29.052,29.052,100.142,129.19400024414062,0,0,0,0
1,rank1,34,pack_total,1,6.352,6.352,100.237,106.58901977539062,0,0,0,0
1,rank1,34,pack_input_wait,5,0.112,0.023,100.54,104.875,51200,0,0,0
1,rank1,34,pack_quantize,5,1.53,0.318,100.646,105.29400634765625,25600,55,0,0
1,rank1,34,pack_tx_publish,5,0.548,0.129,102.045,106.28399658203125,0,5,5,320
1,rank1,34,receive_total,1,22.269,22.269,106.76,129.02899169921875,0,0,0,0
1,rank1,34,rx_flag_poll_wait,1,17.446,17.446,107.137,124.5830078125,23,41,35,451
1,rank1,34,rx_unpack_wait,6,0.916,0.349,124.873,127.82601928710938,31680,0,0,0
1,rank1,34,rx_unpack_dequant_clear,7,0.639,0.158,125.387,128.218017578125,30720,66,0,0
1,rank1,34,rx_output,1,0.344,0.344,128.315,128.65899658203125,10240,0,0,0
1,rank1,34,start_gate,1,98.247,98.247,1.789,100.0360107421875,0,0,0,0
1,rank1,34,pack_tx_data_submit,5,0.105,0.021,101.058,105.44601440429688,28160,0,0,0
1,rank1,34,pack_first_tx_ready,1,2.057,2.057,100.249,102.30599975585938,155,0,0,0
1,rank1,34,pack_mte3_exposed_wait,5,0.013,0.003,101.958,105.95101928710938,28160,0,0,0
1,rank1,35,kernel_total,1,28.286,28.286,100.047,128.3330078125,0,0,0,0
1,rank1,35,pack_total,1,5.443,5.443,100.141,105.58401489257812,0,0,0,0
1,rank1,35,pack_input_wait,4,0.089,0.023,100.445,103.51300048828125,40960,0,0,0
1,rank1,35,pack_quantize,4,1.231,0.332,100.544,103.92001342773438,20480,44,0,0
1,rank1,35,pack_tx_publish,4,0.393,0.099,101.932,104.92501831054688,0,4,4,256
1,rank1,35,receive_total,1,22.401,22.401,105.768,128.16900634765625,0,0,0,0
1,rank1,35,rx_flag_poll_wait,1,17.591,17.591,106.143,123.7340087890625,12,43,37,473
1,rank1,35,rx_unpack_wait,6,0.981,0.315,124.04,126.97100830078125,31680,0,0,0
1,rank1,35,rx_unpack_dequant_clear,7,0.644,0.165,124.427,127.364990234375,30720,66,0,0
1,rank1,35,rx_output,1,0.338,0.338,127.469,127.8070068359375,10240,0,0,0
1,rank1,35,start_gate,1,98.785,98.785,1.156,99.94100952148438,0,0,0,0
1,rank1,35,pack_tx_data_submit,4,0.081,0.021,100.972,104.0780029296875,22528,0,0,0
1,rank1,35,pack_first_tx_ready,1,2.003,2.003,100.154,102.15701293945312,160,0,0,0
1,rank1,35,pack_mte3_exposed_wait,4,0.008,0.003,101.851,104.59500122070312,22528,0,0,0
1,rank1,36,kernel_total,1,29.792,29.792,100.245,130.03701782226562,0,0,0,0
1,rank1,36,pack_total,1,6.336,6.336,100.339,106.67501831054688,0,0,0,0
1,rank1,36,pack_input_wait,5,0.114,0.023,100.645,104.9429931640625,51200,0,0,0
1,rank1,36,pack_quantize,5,1.546,0.331,100.748,105.36099243164062,25600,55,0,0
1,rank1,36,pack_tx_publish,5,0.523,0.108,102.173,106.36199951171875,0,5,5,320
1,rank1,36,receive_total,1,22.987,22.987,106.872,129.8590087890625,0,0,0,0
1,rank1,36,rx_flag_poll_wait,1,18.094,18.094,107.237,125.33099365234375,12,42,36,462
1,rank1,36,rx_unpack_wait,6,1.034,0.328,125.602,128.7030029296875,31680,0,0,0
1,rank1,36,rx_unpack_dequant_clear,7,0.652,0.168,126.089,129.093994140625,30720,66,0,0
1,rank1,36,rx_output,1,0.342,0.342,129.191,129.53302001953125,10240,0,0,0
1,rank1,36,start_gate,1,97.979,97.979,2.151,100.1300048828125,0,0,0,0
1,rank1,36,pack_tx_data_submit,5,0.102,0.021,101.19,105.51300048828125,28160,0,0,0
1,rank1,36,pack_first_tx_ready,1,2.056,2.056,100.352,102.40802001953125,164,0,0,0
1,rank1,36,pack_mte3_exposed_wait,5,0.012,0.003,102.087,106.02801513671875,28160,0,0,0
1,rank1,37,kernel_total,1,6.284,6.284,100.311,106.59500122070312,0,0,0,0
1,rank1,37,pack_total,1,5.228,5.228,100.406,105.63400268554688,0,0,0,0
1,rank1,37,pack_input_wait,4,0.089,0.023,100.712,103.82400512695312,40960,0,0,0
1,rank1,37,pack_quantize,4,1.234,0.331,100.81,104.23699951171875,20480,44,0,0
1,rank1,37,pack_tx_publish,4,0.422,0.108,102.227,105.24700927734375,0,4,4,256
1,rank1,37,receive_total,1,0.42,0.42,105.818,106.23800659179688,0,0,0,0
1,rank1,37,start_gate,1,97.952,97.952,2.25,100.20199584960938,0,0,0,0
1,rank1,37,pack_tx_data_submit,4,0.082,0.021,101.25,104.39700317382812,22528,0,0,0
1,rank1,37,pack_first_tx_ready,1,2.04,2.04,100.418,102.4580078125,169,0,0,0
1,rank1,37,pack_mte3_exposed_wait,4,0.011,0.003,102.137,104.92001342773438,22528,0,0,0
1,rank1,38,kernel_total,1,34.59,34.59,100.435,135.02499389648438,0,0,0,0
1,rank1,38,pack_total,1,6.362,6.362,100.529,106.8909912109375,0,0,0,0
1,rank1,38,pack_input_wait,5,0.11,0.022,100.835,105.14700317382812,51200,0,0,0
1,rank1,38,pack_quantize,5,1.548,0.334,100.938,105.5670166015625,25600,55,0,0
1,rank1,38,pack_tx_publish,5,0.551,0.113,102.374,106.58499145507812,0,5,5,320
1,rank1,38,receive_total,1,27.774,27.774,107.082,134.85601806640625,0,0,0,0
1,rank1,38,rx_flag_poll_wait,1,22.935,22.935,107.451,130.38601684570312,19,55,49,605
1,rank1,38,rx_unpack_wait,6,0.994,0.324,130.682,133.6719970703125,31680,0,0,0
1,rank1,38,rx_unpack_dequant_clear,7,0.658,0.163,131.087,134.07000732421875,30720,66,0,0
1,rank1,38,rx_output,1,0.34,0.34,134.171,134.51101684570312,10240,0,0,0
1,rank1,38,start_gate,1,98.021,98.021,2.299,100.32000732421875,0,0,0,0
1,rank1,38,pack_tx_data_submit,5,0.103,0.021,101.377,105.72100830078125,28160,0,0,0
1,rank1,38,pack_first_tx_ready,1,2.069,2.069,100.542,102.61099243164062,173,0,0,0
1,rank1,38,pack_mte3_exposed_wait,5,0.011,0.003,102.278,106.23599243164062,28160,0,0,0
1,rank1,39,kernel_total,1,27.906,27.906,100.93,128.83599853515625,0,0,0,0
1,rank1,39,pack_total,1,5.178,5.178,101.024,106.20199584960938,0,0,0,0
1,rank1,39,pack_input_wait,4,0.091,0.023,101.33,104.44601440429688,40960,0,0,0
1,rank1,39,pack_quantize,4,1.245,0.331,101.428,104.84799194335938,20480,44,0,0
1,rank1,39,pack_tx_publish,4,0.435,0.112,102.838,105.8699951171875,0,4,4,256
1,rank1,39,receive_total,1,22.271,22.271,106.395,128.666015625,0,0,0,0
1,rank1,39,rx_flag_poll_wait,1,17.341,17.341,106.767,124.10800170898438,10,43,37,473
1,rank1,39,rx_unpack_wait,6,1.114,0.385,124.387,127.48599243164062,31680,0,0,0
1,rank1,39,rx_unpack_dequant_clear,7,0.654,0.164,124.848,127.8800048828125,30720,66,0,0
1,rank1,39,rx_output,1,0.332,0.332,127.98,128.31201171875,10240,0,0,0
1,rank1,39,start_gate,1,98.624,98.624,2.196,100.82000732421875,0,0,0,0
1,rank1,39,pack_tx_data_submit,4,0.08,0.02,101.864,105.00701904296875,22528,0,0,0
1,rank1,39,pack_first_tx_ready,1,2.041,2.041,101.037,103.0780029296875,178,0,0,0
1,rank1,39,pack_mte3_exposed_wait,4,0.009,0.003,102.751,105.52001953125,22528,0,0,0
1,rank1,40,kernel_total,1,22.795,22.795,100.739,123.53399658203125,0,0,0,0
1,rank1,40,pack_total,1,6.258,6.258,100.834,107.09201049804688,0,0,0,0
1,rank1,40,pack_input_wait,5,0.112,0.023,101.137,105.38800048828125,51200,0,0,0
1,rank1,40,pack_quantize,5,1.544,0.322,101.24,105.80999755859375,25600,55,0,0
1,rank1,40,pack_tx_publish,5,0.469,0.097,102.643,106.78201293945312,0,5,5,320
1,rank1,40,receive_total,1,16.068,16.068,107.281,123.3489990234375,0,0,0,0
1,rank1,40,rx_flag_poll_wait,1,11.314,11.314,107.638,118.95199584960938,7,26,20,286
1,rank1,40,rx_unpack_wait,6,0.973,0.348,119.214,122.18301391601562,31680,0,0,0
1,rank1,40,rx_unpack_dequant_clear,7,0.66,0.174,119.638,122.57400512695312,30720,66,0,0
1,rank1,40,rx_output,1,0.34,0.34,122.675,123.0150146484375,10240,0,0,0
1,rank1,40,start_gate,1,98.694,98.694,1.93,100.62399291992188,0,0,0,0
1,rank1,40,pack_tx_data_submit,5,0.105,0.021,101.67,105.96401977539062,28160,0,0,0
1,rank1,40,pack_first_tx_ready,1,2.012,2.012,100.847,102.8590087890625,182,0,0,0
1,rank1,40,pack_mte3_exposed_wait,5,0.013,0.004,102.555,106.46401977539062,28160,0,0,0
1,rank1,41,kernel_total,1,29.674,29.674,101.191,130.864990234375,0,0,0,0
1,rank1,41,pack_total,1,6.437,6.437,101.286,107.72299194335938,0,0,0,0
1,rank1,41,pack_input_wait,5,0.112,0.023,101.666,105.968017578125,51200,0,0,0
1,rank1,41,pack_quantize,5,1.541,0.333,101.769,106.37899780273438,25600,55,0,0
1,rank1,41,pack_tx_publish,5,0.551,0.123,103.22,107.40899658203125,0,5,5,320
1,rank1,41,receive_total,1,22.766,22.766,107.913,130.67901611328125,0,0,0,0
1,rank1,41,rx_flag_poll_wait,1,17.993,17.993,108.272,126.2650146484375,20,42,36,462
1,rank1,41,rx_unpack_wait,6,0.972,0.303,126.528,129.50299072265625,31680,0,0,0
1,rank1,41,rx_unpack_dequant_clear,7,0.663,0.18,126.907,129.89401245117188,30720,66,0,0
1,rank1,41,rx_output,1,0.339,0.339,129.995,130.33401489257812,10240,0,0,0
1,rank1,41,start_gate,1,98.851,98.851,2.225,101.07601928710938,0,0,0,0
1,rank1,41,pack_tx_data_submit,5,0.104,0.021,102.213,106.53500366210938,28160,0,0,0
1,rank1,41,pack_first_tx_ready,1,2.14,2.14,101.299,103.43899536132812,187,0,0,0
1,rank1,41,pack_mte3_exposed_wait,5,0.013,0.004,103.129,107.06500244140625,28160,0,0,0
1,rank1,42,kernel_total,1,42.069,42.069,100.886,142.95501708984375,0,0,0,0
1,rank1,42,send_total,1,22.455,22.455,104.624,127.07901000976562,0,0,0,0
1,rank1,42,tx_meta_scan,9,1.474,0.215,106.362,120.53900146484375,0,4,5,0
1,rank1,42,tx_ready_poll,9,0.014,0.003,106.107,120.27700805664062,0,9,0,0
1,rank1,42,self_copy,4,3.426,1.027,106.8,114.77700805664062,22528,0,0,0
1,rank1,42,udma_post,5,5.896,1.528,111.699,121.83599853515625,28160,5,1,0
1,rank1,42,udma_quiet,3,2.947,1.204,123.358,126.7860107421875,3,0,0,0
1,rank1,42,local_rx_wait,1,9.696,9.696,127.225,136.92098999023438,42,0,0,0
1,rank1,42,round_publish,1,5.763,5.763,137.001,142.76400756835938,1,64,1,1
1,rank1,42,global_round_wait,1,3.529,3.529,100.98,104.50900268554688,1,119,0,0
1,rank1,42,start_gate,1,98.502,98.502,2.286,100.78799438476562,1,64,1,1
1,rank1,43,kernel_total,1,36.871,36.871,101.389,138.260009765625,0,0,0,0
1,rank1,43,send_total,1,26.973,26.973,104.547,131.52001953125,0,0,0,0
1,rank1,43,tx_meta_scan,9,1.545,0.213,106.247,121.81201171875,0,0,9,0
1,rank1,43,tx_ready_poll,9,0.013,0.002,106.024,121.49700927734375,0,9,0,0
1,rank1,43,udma_post,9,10.425,1.493,106.647,122.697998046875,50688,9,1,0
1,rank1,43,udma_quiet,6,5.848,1.376,124.149,131.27001953125,6,0,0,0
1,rank1,43,local_rx_wait,1,0.545,0.545,131.663,132.2080078125,0,0,0,0
1,rank1,43,round_publish,1,0.559,0.559,137.414,137.97299194335938,0,0,0,0
1,rank1,43,global_round_wait,1,2.957,2.957,101.483,104.44000244140625,0,119,0,0
1,rank1,43,start_gate,1,99.615,99.615,1.672,101.28701782226562,0,0,0,0
1,rank1,44,kernel_total,1,42.112,42.112,100.064,142.17599487304688,0,0,0,0
1,rank1,44,send_total,1,25.76,25.76,104.899,130.65899658203125,0,0,0,0
1,rank1,44,tx_meta_scan,9,1.72,0.309,106.623,121.843994140625,0,1,8,0
1,rank1,44,tx_ready_poll,9,0.012,0.003,106.372,121.49301147460938,0,9,0,0
1,rank1,44,self_copy,1,0.805,0.805,116.999,117.80401611328125,5632,0,0,0
1,rank1,44,udma_post,8,9.236,1.714,107.117,122.93600463867188,45056,8,1,0
1,rank1,44,udma_quiet,6,4.749,0.961,124.336,130.42599487304688,6,0,0,0
1,rank1,44,local_rx_wait,1,1.239,1.239,130.79,132.02899169921875,0,0,0,0
1,rank1,44,round_publish,1,4.412,4.412,137.471,141.88299560546875,1,64,1,1
1,rank1,44,global_round_wait,1,4.631,4.631,100.157,104.78799438476562,1,119,0,0
1,rank1,44,start_gate,1,97.935,97.935,2.026,99.96099853515625,1,64,1,1
1,rank1,45,kernel_total,1,39.576,39.576,102.322,141.89801025390625,0,0,0,0
1,rank1,45,send_total,1,24.883,24.883,104.717,129.60000610351562,0,0,0,0
1,rank1,45,tx_meta_scan,9,1.566,0.224,106.651,121.5469970703125,0,0,9,0
1,rank1,45,tx_ready_poll,9,0.019,0.003,106.204,121.26400756835938,0,9,0,0
1,rank1,45,udma_post,9,9.676,1.568,107.183,122.58999633789062,50688,9,1,0
1,rank1,45,udma_quiet,3,4.66,2.019,124.168,129.35501098632812,3,0,0,0
1,rank1,45,local_rx_wait,1,0.542,0.542,129.735,130.27700805664062,0,0,0,0
1,rank1,45,round_publish,1,4.216,4.216,137.399,141.614990234375,1,64,1,1
1,rank1,45,global_round_wait,1,2.194,2.194,102.416,104.61001586914062,1,119,0,0
1,rank1,45,start_gate,1,100.097,100.097,2.122,102.218994140625,1,64,1,1
1,rank1,46,kernel_total,1,41.706,41.706,100.377,142.0830078125,0,0,0,0
1,rank1,46,send_total,1,25.866,25.866,104.436,130.302001953125,0,0,0,0
1,rank1,46,tx_meta_scan,9,1.54,0.255,106.511,121.0150146484375,0,2,7,0
1,rank1,46,tx_ready_poll,10,0.018,0.003,105.924,120.63299560546875,1,9,0,0
1,rank1,46,self_copy,2,1.671,0.905,114.667,117.02499389648438,11264,0,0,0
1,rank1,46,udma_post,7,7.619,1.297,107.088,122.3170166015625,39424,7,1,0
1,rank1,46,udma_quiet,6,4.226,0.93,124.547,130.05999755859375,6,0,0,0
1,rank1,46,local_rx_wait,1,0.549,0.549,130.45,130.99899291992188,0,0,0,0
1,rank1,46,round_publish,1,4.197,4.197,137.579,141.7760009765625,1,64,1,1
1,rank1,46,global_round_wait,1,3.855,3.855,100.47,104.32501220703125,1,119,0,0
1,rank1,46,start_gate,1,98.555,98.555,1.719,100.27401733398438,1,64,1,1
1,rank1,47,kernel_total,1,41.995,41.995,100.685,142.67999267578125,0,0,0,0
1,rank1,47,send_total,1,27.852,27.852,104.466,132.3179931640625,0,0,0,0
1,rank1,47,tx_meta_scan,9,1.624,0.22,106.633,122.58200073242188,0,0,9,0
1,rank1,47,tx_ready_poll,10,0.022,0.003,105.972,122.2760009765625,1,9,0,0
1,rank1,47,udma_post,9,10.717,1.506,107.173,123.76300048828125,50688,9,1,0
1,rank1,47,udma_quiet,5,5.018,1.408,125.993,132.08401489257812,5,0,0,0
1,rank1,47,local_rx_wait,1,0.311,0.311,132.463,132.77401733398438,0,0,0,0
1,rank1,47,round_publish,1,4.815,4.815,137.552,142.36700439453125,1,64,1,1
1,rank1,47,global_round_wait,1,3.576,3.576,100.778,104.35400390625,1,119,0,0
1,rank1,47,start_gate,1,98.935,98.935,1.647,100.58200073242188,1,64,1,1
1,rank1,48,kernel_total,1,42.234,42.234,100.205,142.43899536132812,0,0,0,0
1,rank1,48,send_total,1,25.129,25.129,104.482,129.61099243164062,0,0,0,0
1,rank1,48,tx_meta_scan,9,1.449,0.208,106.21,120.92599487304688,0,1,8,0
1,rank1,48,tx_ready_poll,9,0.013,0.002,105.976,120.57699584960938,0,9,0,0
1,rank1,48,self_copy,1,0.773,0.773,110.265,111.03799438476562,5632,0,0,0
1,rank1,48,udma_post,8,8.699,1.327,106.593,122.01300048828125,45056,8,1,0
1,rank1,48,udma_quiet,5,4.827,1.943,123.482,129.36199951171875,5,0,0,0
1,rank1,48,local_rx_wait,1,0.769,0.769,129.837,130.60601806640625,0,0,0,0
1,rank1,48,round_publish,1,4.675,4.675,137.492,142.1669921875,1,64,1,1
1,rank1,48,global_round_wait,1,4.077,4.077,100.298,104.375,1,119,0,0
1,rank1,48,start_gate,1,98.019,98.019,2.083,100.10202026367188,1,64,1,1
1,rank1,49,kernel_total,1,41.633,41.633,100.397,142.02999877929688,0,0,0,0
1,rank1,49,send_total,1,25.56,25.56,104.836,130.39599609375,0,0,0,0
1,rank1,49,tx_meta_scan,9,1.666,0.216,106.502,121.64300537109375,0,0,9,0
1,rank1,49,tx_ready_poll,9,0.022,0.003,106.325,121.34799194335938,0,9,0,0
1,rank1,49,udma_post,9,9.698,1.487,106.921,122.6719970703125,50688,9,1,0
1,rank1,49,udma_quiet,5,5.016,1.491,124.065,130.11801147460938,5,0,0,0
1,rank1,49,local_rx_wait,1,5.099,5.099,130.545,135.64401245117188,0,0,0,0
1,rank1,49,round_publish,1,4.315,4.315,137.442,141.75701904296875,1,64,1,1
1,rank1,49,global_round_wait,1,4.236,4.236,100.49,104.72601318359375,1,119,0,0
1,rank1,49,start_gate,1,98.12,98.12,2.174,100.29400634765625,1,64,1,1
1,rank1,50,kernel_total,1,32.142,32.142,100.086,132.22799682617188,0,0,0,0
1,rank1,50,send_total,1,26.324,26.324,104.786,131.11001586914062,0,0,0,0
1,rank1,50,tx_meta_scan,9,1.567,0.244,106.557,120.94500732421875,0,1,8,0
1,rank1,50,tx_ready_poll,9,0.014,0.002,106.277,120.63601684570312,0,9,0,0
1,rank1,50,self_copy,1,0.864,0.864,118.097,118.96099853515625,5632,0,0,0
1,rank1,50,udma_post,8,8.713,1.604,106.981,122.33901977539062,45056,8,1,0
1,rank1,50,udma_quiet,5,6.037,2.363,123.749,130.8690185546875,5,0,0,0
1,rank1,50,local_rx_wait,1,0.438,0.438,131.29,131.72799682617188,0,0,0,0
1,rank1,50,global_round_wait,1,4.5,4.5,100.179,104.67901611328125,0,0,0,0
1,rank1,50,start_gate,1,98.067,98.067,1.916,99.98300170898438,0,0,0,0
1,rank1,51,kernel_total,1,33.575,33.575,100.274,133.8489990234375,0,0,0,0
1,rank1,51,send_total,1,24.232,24.232,104.767,128.99899291992188,0,0,0,0
1,rank1,51,tx_meta_scan,9,1.835,0.283,106.679,121.66400146484375,0,2,7,0
1,rank1,51,tx_ready_poll,9,0.024,0.003,106.279,121.37301635742188,0,9,0,0
1,rank1,51,self_copy,2,1.558,0.792,117.125,121.10501098632812,11264,0,0,0
1,rank1,51,udma_post,7,8.13,1.622,107.084,122.76199340820312,39424,7,1,0
1,rank1,51,udma_quiet,4,3.787,1.221,124.173,128.73800659179688,4,0,0,0
1,rank1,51,local_rx_wait,1,4.269,4.269,129.147,133.416015625,0,0,0,0
1,rank1,51,global_round_wait,1,4.289,4.289,100.367,104.656005859375,0,0,0,0
1,rank1,51,start_gate,1,99.477,99.477,0.699,100.17599487304688,0,0,0,0
1,rank1,52,kernel_total,1,31.524,31.524,100.536,132.05999755859375,0,0,0,0
1,rank1,52,send_total,1,26.244,26.244,104.861,131.10501098632812,0,0,0,0
1,rank1,52,tx_meta_scan,9,2.037,0.321,106.777,122.19000244140625,0,1,8,0
1,rank1,52,tx_ready_poll,9,0.015,0.002,106.369,121.8900146484375,0,9,0,0
1,rank1,52,self_copy,1,0.841,0.841,111.455,112.29598999023438,5632,0,0,0
1,rank1,52,udma_post,8,9.223,1.683,107.302,123.52200317382812,45056,8,1,0
1,rank1,52,udma_quiet,5,4.784,1.567,124.996,130.85400390625,5,0,0,0
1,rank1,52,local_rx_wait,1,0.411,0.411,131.231,131.64199829101562,0,0,0,0
1,rank1,52,global_round_wait,1,4.124,4.124,100.629,104.75299072265625,0,0,0,0
1,rank1,52,start_gate,1,98.616,98.616,1.817,100.43301391601562,0,0,0,0
1,rank1,53,kernel_total,1,33.793,33.793,100.175,133.968017578125,0,0,0,0
1,rank1,53,send_total,1,28.555,28.555,104.574,133.12899780273438,0,0,0,0
1,rank1,53,tx_meta_scan,9,1.607,0.246,106.388,121.72000122070312,0,0,9,0
1,rank1,53,tx_ready_poll,9,0.018,0.003,106.078,121.3590087890625,0,9,0,0
1,rank1,53,udma_post,9,10.017,1.434,106.749,122.84100341796875,50688,9,1,0
1,rank1,53,udma_quiet,6,7.39,3.295,124.217,132.86599731445312,6,0,0,0
1,rank1,53,local_rx_wait,1,0.293,0.293,133.255,133.54800415039062,0,0,0,0
1,rank1,53,global_round_wait,1,4.199,4.199,100.268,104.46701049804688,0,0,0,0
1,rank1,53,start_gate,1,99.004,99.004,1.072,100.07601928710938,0,0,0,0
1,rank1,54,kernel_total,1,33.154,33.154,100.247,133.4010009765625,0,0,0,0
1,rank1,54,send_total,1,27.888,27.888,104.53,132.41799926757812,0,0,0,0
1,rank1,54,tx_meta_scan,9,1.977,0.527,106.541,122.27099609375,0,0,9,0
1,rank1,54,tx_ready_poll,9,0.016,0.002,106.042,121.99899291992188,0,9,0,0
1,rank1,54,udma_post,9,10.821,1.82,107.292,123.614990234375,50688,9,1,0
1,rank1,54,udma_quiet,7,5.688,1.323,124.951,132.17999267578125,7,0,0,0
1,rank1,54,local_rx_wait,1,0.418,0.418,132.554,132.97201538085938,0,0,0,0
1,rank1,54,global_round_wait,1,4.082,4.082,100.34,104.4219970703125,0,0,0,0
1,rank1,54,start_gate,1,98.84,98.84,1.309,100.14901733398438,0,0,0,0
1,rank1,55,kernel_total,1,33.115,33.115,100.443,133.55801391601562,0,0,0,0
1,rank1,55,send_total,1,27.862,27.862,104.651,132.51300048828125,0,0,0,0
1,rank1,55,tx_meta_scan,9,1.442,0.188,107.032,122.39199829101562,0,0,9,0
1,rank1,55,tx_ready_poll,10,0.016,0.003,106.195,122.0,1,9,0,0
1,rank1,55,udma_post,9,10.242,1.629,107.457,123.42800903320312,50688,9,1,0
1,rank1,55,udma_quiet,5,5.476,1.443,125.595,132.27401733398438,5,0,0,0
1,rank1,55,local_rx_wait,1,0.407,0.407,132.651,133.05801391601562,0,0,0,0
1,rank1,55,global_round_wait,1,4.004,4.004,100.536,104.54000854492188,0,0,0,0
1,rank1,55,start_gate,1,98.812,98.812,1.528,100.33999633789062,0,0,0,0
1,rank1,56,kernel_total,1,32.903,32.903,100.166,133.06900024414062,0,0,0,0
1,rank1,56,send_total,1,27.194,27.194,104.822,132.0159912109375,0,0,0,0
1,rank1,56,tx_meta_scan,9,1.495,0.186,106.893,122.09799194335938,0,1,8,0
1,rank1,56,tx_ready_poll,10,0.015,0.003,106.359,121.697998046875,1,9,0,0
1,rank1,56,self_copy,1,0.785,0.785,115.391,116.17599487304688,5632,0,0,0
1,rank1,56,udma_post,8,8.972,1.436,107.409,123.17300415039062,45056,8,1,0
1,rank1,56,udma_quiet,6,5.096,1.183,125.347,131.75299072265625,6,0,0,0
1,rank1,56,local_rx_wait,1,0.434,0.434,132.163,132.59701538085938,0,0,0,0
1,rank1,56,global_round_wait,1,4.455,4.455,100.259,104.71401977539062,0,0,0,0
1,rank1,56,start_gate,1,99.304,99.304,0.759,100.06301879882812,0,0,0,0
1,rank1,57,kernel_total,1,29.432,29.432,100.118,129.55001831054688,0,0,0,0
1,rank1,57,send_total,1,23.843,23.843,104.7,128.54299926757812,0,0,0,0
1,rank1,57,tx_meta_scan,9,1.726,0.237,106.486,121.2650146484375,0,3,6,0
1,rank1,57,tx_ready_poll,9,0.017,0.003,106.237,120.97201538085938,0,9,0,0
1,rank1,57,self_copy,3,2.593,0.988,112.947,120.73300170898438,16896,0,0,0
1,rank1,57,udma_post,6,7.121,1.526,106.876,122.34500122070312,33792,6,1,0
1,rank1,57,udma_quiet,4,3.726,1.25,123.711,128.28201293945312,4,0,0,0
1,rank1,57,local_rx_wait,1,0.435,0.435,128.69,129.125,0,0,0,0
1,rank1,57,global_round_wait,1,4.381,4.381,100.212,104.593017578125,0,0,0,0
1,rank1,57,start_gate,1,99.2,99.2,0.815,100.0150146484375,0,0,0,0
1,rank1,58,kernel_total,1,35.158,35.158,100.331,135.489013671875,0,0,0,0
1,rank1,58,send_total,1,24.553,24.553,104.603,129.156005859375,0,0,0,0
1,rank1,58,tx_meta_scan,8,1.602,0.288,106.804,119.68801879882812,0,2,6,0
1,rank1,58,tx_ready_poll,8,0.014,0.003,106.134,119.42098999023438,0,8,0,0
1,rank1,58,self_copy,2,1.457,0.729,109.967,119.15499877929688,11264,0,0,0
1,rank1,58,udma_post,6,6.897,1.893,107.222,120.70501708984375,33792,6,1,0
1,rank1,58,udma_quiet,4,5.853,3.367,122.223,128.90200805664062,4,0,0,0
1,rank1,58,local_rx_wait,1,5.772,5.772,129.31,135.08200073242188,0,0,0,0
1,rank1,58,global_round_wait,1,4.07,4.07,100.425,104.4949951171875,0,0,0,0
1,rank1,58,start_gate,1,99.329,99.329,0.899,100.22799682617188,0,0,0,0
1,rank1,59,kernel_total,1,29.013,29.013,100.665,129.67800903320312,0,0,0,0
1,rank1,59,send_total,1,23.849,23.849,104.749,128.59799194335938,0,0,0,0
1,rank1,59,tx_meta_scan,8,1.746,0.402,106.736,120.40399169921875,0,1,7,0
1,rank1,59,tx_ready_poll,8,0.013,0.002,106.287,120.08700561523438,0,8,0,0
1,rank1,59,self_copy,1,0.844,0.844,120.527,121.37100219726562,5632,0,0,0
1,rank1,59,udma_post,7,8.289,1.668,107.333,119.85299682617188,39424,7,1,0
1,rank1,59,udma_quiet,4,4.738,1.842,122.804,128.3330078125,4,0,0,0
1,rank1,59,local_rx_wait,1,0.506,0.506,128.758,129.26400756835938,0,0,0,0
1,rank1,59,global_round_wait,1,3.883,3.883,100.759,104.64199829101562,0,0,0,0
1,rank1,59,start_gate,1,99.428,99.428,1.134,100.56201171875,0,0,0,0
1,rank1,60,kernel_total,1,30.441,30.441,100.945,131.38601684570312,0,0,0,0
1,rank1,60,send_total,1,23.635,23.635,104.516,128.1510009765625,0,0,0,0
1,rank1,60,tx_meta_scan,8,1.456,0.232,106.327,120.02499389648438,0,2,6,0
1,rank1,60,tx_ready_poll,8,0.015,0.003,106.076,119.68899536132812,0,8,0,0
1,rank1,60,self_copy,2,1.817,1.002,109.305,115.58999633789062,11264,0,0,0
1,rank1,60,udma_post,6,7.127,1.627,106.823,120.96701049804688,33792,6,1,0
1,rank1,60,udma_quiet,5,4.437,1.138,122.422,127.87701416015625,5,0,0,0
1,rank1,60,local_rx_wait,1,2.693,2.693,128.288,130.98101806640625,0,0,0,0
1,rank1,60,global_round_wait,1,3.364,3.364,101.037,104.4010009765625,0,0,0,0
1,rank1,60,start_gate,1,99.619,99.619,1.223,100.84201049804688,0,0,0,0
1,rank1,61,kernel_total,1,30.764,30.764,100.519,131.28302001953125,0,0,0,0
1,rank1,61,send_total,1,25.269,25.269,104.384,129.65301513671875,0,0,0,0
1,rank1,61,tx_meta_scan,8,1.475,0.224,106.181,120.14300537109375,0,0,8,0
1,rank1,61,tx_ready_poll,8,0.016,0.003,105.942,119.85299682617188,0,8,0,0
1,rank1,61,udma_post,8,9.565,1.62,106.538,121.3590087890625,45056,8,1,0
1,rank1,61,udma_quiet,5,5.532,2.699,122.852,129.41000366210938,5,0,0,0
1,rank1,61,local_rx_wait,1,1.081,1.081,129.806,130.88699340820312,0,0,0,0
1,rank1,61,global_round_wait,1,3.664,3.664,100.612,104.2760009765625,0,0,0,0
1,rank1,61,start_gate,1,99.459,99.459,0.957,100.416015625,0,0,0,0
1,rank1,62,kernel_total,1,30.589,30.589,100.47,131.05899047851562,0,0,0,0
1,rank1,62,send_total,1,25.117,25.117,104.405,129.52200317382812,0,0,0,0
1,rank1,62,tx_meta_scan,8,1.743,0.267,106.294,119.94400024414062,0,1,7,0
1,rank1,62,tx_ready_poll,8,0.014,0.003,106.04,119.5679931640625,0,8,0,0
1,rank1,62,self_copy,1,0.815,0.815,109.156,109.97100830078125,5632,0,0,0
1,rank1,62,udma_post,7,8.0,1.614,106.709,121.00900268554688,39424,7,1,0
1,rank1,62,udma_quiet,4,5.846,3.198,122.613,129.26400756835938,4,0,0,0
1,rank1,62,local_rx_wait,1,1.067,1.067,129.59,130.65701293945312,0,0,0,0
1,rank1,62,global_round_wait,1,3.734,3.734,100.564,104.29800415039062,0,0,0,0
1,rank1,62,start_gate,1,99.353,99.353,1.014,100.36700439453125,0,0,0,0
1,rank1,63,kernel_total,1,29.351,29.351,100.491,129.84201049804688,0,0,0,0
1,rank1,63,send_total,1,24.249,24.249,104.669,128.91799926757812,0,0,0,0
1,rank1,63,tx_meta_scan,8,1.603,0.269,106.48,119.8800048828125,0,1,7,0
1,rank1,63,tx_ready_poll,8,0.011,0.002,106.221,119.55300903320312,0,8,0,0
1,rank1,63,self_copy,1,0.748,0.748,107.051,107.79901123046875,5632,0,0,0
1,rank1,63,udma_post,7,7.822,1.364,108.716,120.82199096679688,39424,7,1,0
1,rank1,63,udma_quiet,5,5.336,1.847,122.246,128.66201782226562,5,0,0,0
1,rank1,63,local_rx_wait,1,0.346,0.346,129.085,129.43099975585938,0,0,0,0
1,rank1,63,global_round_wait,1,3.977,3.977,100.585,104.56201171875,0,0,0,0
1,rank1,63,start_gate,1,99.069,99.069,1.323,100.39199829101562,0,0,0,0
2,rank2,0,kernel_total,1,6.773,6.773,92.477,99.25,0,0,0,0
2,rank2,0,pack_total,1,5.748,5.748,92.571,98.31900024414062,0,0,0,0
2,rank2,0,pack_input_wait,4,0.09,0.023,92.874,96.27999877929688,40960,0,0,0
2,rank2,0,pack_quantize,4,1.279,0.384,92.969,96.69097900390625,20480,44,0,0
2,rank2,0,pack_tx_publish,4,0.888,0.224,94.435,97.99798583984375,0,4,4,256
2,rank2,0,receive_total,1,0.561,0.561,98.503,99.06399536132812,0,0,0,0
2,rank2,0,start_gate,1,90.689,90.689,1.687,92.37600708007812,0,0,0,0
2,rank2,0,pack_tx_data_submit,4,0.082,0.021,93.46,96.84799194335938,22528,0,0,0
2,rank2,0,pack_first_tx_ready,1,2.207,2.207,92.584,94.79098510742188,0,0,0,0
2,rank2,0,pack_mte3_exposed_wait,4,0.01,0.003,94.349,97.48699951171875,22528,0,0,0
2,rank2,1,kernel_total,1,29.237,29.237,91.679,120.91598510742188,0,0,0,0
2,rank2,1,pack_total,1,6.903,6.903,91.774,98.677001953125,0,0,0,0
2,rank2,1,pack_input_wait,5,0.113,0.023,92.144,96.80099487304688,51200,0,0,0
2,rank2,1,pack_quantize,5,1.552,0.33,92.243,97.23397827148438,25600,55,0,0
2,rank2,1,pack_tx_publish,5,1.019,0.225,93.673,98.36398315429688,0,5,5,320
2,rank2,1,receive_total,1,21.846,21.846,98.879,120.72500610351562,0,0,0,0
2,rank2,1,rx_flag_poll_wait,1,16.84,16.84,99.298,116.13800048828125,8,39,33,429
2,rank2,1,rx_unpack_wait,6,1.046,0.329,116.428,119.53799438476562,31680,0,0,0
2,rank2,1,rx_unpack_dequant_clear,7,0.647,0.17,116.931,119.92398071289062,30720,66,0,0
2,rank2,1,rx_output,1,0.344,0.344,120.032,120.37600708007812,10240,0,0,0
2,rank2,1,start_gate,1,89.624,89.624,1.954,91.5780029296875,0,0,0,0
2,rank2,1,pack_tx_data_submit,5,0.103,0.021,92.681,97.38998413085938,28160,0,0,0
2,rank2,1,pack_first_tx_ready,1,2.239,2.239,91.787,94.0260009765625,4,0,0,0
2,rank2,1,pack_mte3_exposed_wait,5,0.012,0.003,93.583,98.01300048828125,28160,0,0,0
2,rank2,2,kernel_total,1,29.088,29.088,91.336,120.42398071289062,0,0,0,0
2,rank2,2,pack_total,1,5.902,5.902,91.43,97.33200073242188,0,0,0,0
2,rank2,2,pack_input_wait,4,0.088,0.022,91.737,94.9639892578125,40960,0,0,0
2,rank2,2,pack_quantize,4,1.236,0.329,91.837,95.375,20480,44,0,0
2,rank2,2,pack_tx_publish,4,0.866,0.337,93.245,96.82598876953125,0,4,4,256
2,rank2,2,receive_total,1,22.709,22.709,97.537,120.24600219726562,0,0,0,0
2,rank2,2,rx_flag_poll_wait,1,17.631,17.631,97.938,115.56900024414062,12,40,34,440
2,rank2,2,rx_unpack_wait,6,1.062,0.376,115.884,119.00799560546875,31680,0,0,0
2,rank2,2,rx_unpack_dequant_clear,7,0.646,0.167,116.429,119.4019775390625,30720,66,0,0
2,rank2,2,rx_output,1,0.382,0.382,119.499,119.8809814453125,10240,0,0,0
2,rank2,2,start_gate,1,88.049,88.049,3.182,91.23098754882812,0,0,0,0
2,rank2,2,pack_tx_data_submit,4,0.084,0.021,92.274,95.531982421875,22528,0,0,0
2,rank2,2,pack_first_tx_ready,1,2.136,2.136,91.443,93.5789794921875,9,0,0,0
2,rank2,2,pack_mte3_exposed_wait,4,0.009,0.003,93.159,96.15298461914062,22528,0,0,0
2,rank2,3,kernel_total,1,24.856,24.856,91.639,116.4949951171875,0,0,0,0
2,rank2,3,pack_total,1,7.009,7.009,91.735,98.74398803710938,0,0,0,0
2,rank2,3,pack_input_wait,5,0.114,0.023,92.103,96.67898559570312,51200,0,0,0
2,rank2,3,pack_quantize,5,1.542,0.334,92.203,97.10699462890625,25600,55,0,0
2,rank2,3,pack_tx_publish,5,1.112,0.251,93.614,98.4329833984375,0,5,5,320
2,rank2,3,receive_total,1,17.388,17.388,98.927,116.31500244140625,0,0,0,0
2,rank2,3,rx_flag_poll_wait,1,12.134,12.134,99.328,111.46200561523438,6,28,22,308
2,rank2,3,rx_unpack_wait,6,1.154,0.382,111.787,114.99899291992188,31680,0,0,0
2,rank2,3,rx_unpack_dequant_clear,7,0.647,0.168,112.342,115.38998413085938,30720,66,0,0
2,rank2,3,rx_output,1,0.362,0.362,115.486,115.84799194335938,10240,0,0,0
2,rank2,3,start_gate,1,88.313,88.313,3.225,91.53799438476562,0,0,0,0
2,rank2,3,pack_tx_data_submit,5,0.102,0.021,92.634,97.26199340820312,28160,0,0,0
2,rank2,3,pack_first_tx_ready,1,2.235,2.235,91.747,93.98199462890625,13,0,0,0
2,rank2,3,pack_mte3_exposed_wait,5,0.012,0.003,93.527,97.92898559570312,28160,0,0,0
2,rank2,4,kernel_total,1,6.756,6.756,91.7,98.45599365234375,0,0,0,0
2,rank2,4,pack_total,1,5.761,5.761,91.795,97.55599975585938,0,0,0,0
2,rank2,4,pack_input_wait,4,0.089,0.023,92.098,95.48800659179688,40960,0,0,0
2,rank2,4,pack_quantize,4,1.238,0.33,92.197,95.89797973632812,20480,44,0,0
2,rank2,4,pack_tx_publish,4,1.004,0.288,93.603,97.22900390625,0,4,4,256
2,rank2,4,receive_total,1,0.525,0.525,97.741,98.2659912109375,0,0,0,0
2,rank2,4,start_gate,1,89.562,89.562,2.037,91.5989990234375,0,0,0,0
2,rank2,4,pack_tx_data_submit,4,0.083,0.021,92.624,96.05499267578125,22528,0,0,0
2,rank2,4,pack_first_tx_ready,1,2.162,2.162,91.807,93.968994140625,18,0,0,0
2,rank2,4,pack_mte3_exposed_wait,4,0.008,0.003,93.517,96.76498413085938,22528,0,0,0
2,rank2,5,kernel_total,1,25.94,25.94,92.426,118.36599731445312,0,0,0,0
2,rank2,5,pack_total,1,6.92,6.92,92.521,99.44097900390625,0,0,0,0
2,rank2,5,pack_input_wait,5,0.113,0.023,92.828,97.54998779296875,51200,0,0,0
2,rank2,5,pack_quantize,5,1.591,0.377,92.927,97.97500610351562,25600,55,0,0
2,rank2,5,pack_tx_publish,5,1.074,0.24,94.399,99.12298583984375,0,5,5,320
2,rank2,5,receive_total,1,18.523,18.523,99.647,118.16998291015625,0,0,0,0
2,rank2,5,rx_flag_poll_wait,1,13.568,13.568,100.035,113.60299682617188,13,31,25,341
2,rank2,5,rx_unpack_wait,6,0.991,0.399,113.899,116.989990234375,31680,0,0,0
2,rank2,5,rx_unpack_dequant_clear,7,0.66,0.175,114.467,117.375,30720,66,0,0
2,rank2,5,rx_output,1,0.341,0.341,117.475,117.81597900390625,10240,0,0,0
2,rank2,5,start_gate,1,90.256,90.256,2.064,92.32000732421875,0,0,0,0
2,rank2,5,pack_tx_data_submit,5,0.101,0.021,93.411,98.1300048828125,28160,0,0,0
2,rank2,5,pack_first_tx_ready,1,2.226,2.226,92.533,94.75900268554688,22,0,0,0
2,rank2,5,pack_mte3_exposed_wait,5,0.011,0.003,94.307,98.76998901367188,28160,0,0,0
2,rank2,6,kernel_total,1,28.655,28.655,91.214,119.86898803710938,0,0,0,0
2,rank2,6,pack_total,1,6.775,6.775,91.308,98.0830078125,0,0,0,0
2,rank2,6,pack_input_wait,5,0.111,0.023,91.614,96.17599487304688,51200,0,0,0
2,rank2,6,pack_quantize,5,1.548,0.331,91.713,96.60400390625,25600,55,0,0
2,rank2,6,pack_tx_publish,5,0.926,0.237,93.116,97.75900268554688,0,5,5,320
2,rank2,6,receive_total,1,21.425,21.425,98.263,119.68798828125,0,0,0,0
2,rank2,6,rx_flag_poll_wait,1,16.217,16.217,98.66,114.87698364257812,9,38,32,418
2,rank2,6,rx_unpack_wait,6,1.089,0.314,115.177,118.37799072265625,31680,0,0,0
2,rank2,6,rx_unpack_dequant_clear,7,0.67,0.172,115.658,118.7760009765625,30720,66,0,0
2,rank2,6,rx_output,1,0.351,0.351,118.877,119.22799682617188,10240,0,0,0
2,rank2,6,start_gate,1,88.37,88.37,2.738,91.10800170898438,0,0,0,0
2,rank2,6,pack_tx_data_submit,5,0.103,0.021,92.141,96.77398681640625,28160,0,0,0
2,rank2,6,pack_first_tx_ready,1,2.158,2.158,91.321,93.47900390625,27,0,0,0
2,rank2,6,pack_mte3_exposed_wait,5,0.011,0.004,93.026,97.30099487304688,28160,0,0,0
2,rank2,7,kernel_total,1,29.319,29.319,91.261,120.57998657226562,0,0,0,0
2,rank2,7,pack_total,1,5.634,5.634,91.43,97.06399536132812,0,0,0,0
2,rank2,7,pack_input_wait,4,0.09,0.023,91.737,95.11898803710938,40960,0,0,0
2,rank2,7,pack_quantize,4,1.234,0.332,91.836,95.52499389648438,20480,44,0,0
2,rank2,7,pack_tx_publish,4,0.669,0.223,93.274,96.6409912109375,0,4,4,256
2,rank2,7,receive_total,1,23.147,23.147,97.25,120.39700317382812,0,0,0,0
2,rank2,7,rx_flag_poll_wait,1,17.958,17.958,97.648,115.60598754882812,10,42,36,462
2,rank2,7,rx_unpack_wait,6,1.071,0.348,115.932,119.093994140625,31680,0,0,0
2,rank2,7,rx_unpack_dequant_clear,7,0.659,0.173,116.463,119.47998046875,30720,66,0,0
2,rank2,7,rx_output,1,0.354,0.354,119.584,119.93798828125,10240,0,0,0
2,rank2,7,start_gate,1,88.385,88.385,2.774,91.15899658203125,0,0,0,0
2,rank2,7,pack_tx_data_submit,4,0.081,0.021,92.276,95.68499755859375,22528,0,0,0
2,rank2,7,pack_first_tx_ready,1,2.181,2.181,91.443,93.62399291992188,32,0,0,0
2,rank2,7,pack_mte3_exposed_wait,4,0.009,0.003,93.184,96.21298217773438,22528,0,0,0
2,rank2,8,kernel_total,1,7.779,7.779,91.436,99.21499633789062,0,0,0,0
2,rank2,8,pack_total,1,6.746,6.746,91.53,98.2760009765625,0,0,0,0
2,rank2,8,pack_input_wait,5,0.112,0.023,91.836,96.38800048828125,51200,0,0,0
2,rank2,8,pack_quantize,5,1.543,0.331,91.936,96.81100463867188,25600,55,0,0
2,rank2,8,pack_tx_publish,5,0.928,0.233,93.353,97.96200561523438,0,5,5,320
2,rank2,8,receive_total,1,0.539,0.539,98.473,99.01199340820312,0,0,0,0
2,rank2,8,start_gate,1,89.532,89.532,1.802,91.333984375,0,0,0,0
2,rank2,8,pack_tx_data_submit,5,0.102,0.021,92.363,96.96200561523438,28160,0,0,0
2,rank2,8,pack_first_tx_ready,1,2.165,2.165,91.543,93.7080078125,36,0,0,0
2,rank2,8,pack_mte3_exposed_wait,5,0.011,0.003,93.263,97.61898803710938,28160,0,0,0
2,rank2,9,kernel_total,1,32.442,32.442,92.307,124.74899291992188,0,0,0,0
2,rank2,9,pack_total,1,5.402,5.402,92.401,97.802978515625,0,0,0,0
2,rank2,9,pack_input_wait,4,0.09,0.023,92.706,95.95199584960938,40960,0,0,0
2,rank2,9,pack_quantize,4,1.239,0.341,92.806,96.3599853515625,20480,44,0,0
2,rank2,9,pack_tx_publish,4,0.697,0.233,94.216,97.48599243164062,0,4,4,256
2,rank2,9,receive_total,1,26.55,26.55,98.0,124.54998779296875,0,0,0,0
2,rank2,9,rx_flag_poll_wait,1,21.644,21.644,98.391,120.03500366210938,22,51,45,561
2,rank2,9,rx_unpack_wait,6,0.835,0.329,120.313,123.23599243164062,31680,0,0,0
2,rank2,9,rx_unpack_dequant_clear,7,0.675,0.186,120.801,123.62698364257812,30720,66,0,0
2,rank2,9,rx_output,1,0.343,0.343,123.724,124.06698608398438,10240,0,0,0
2,rank2,9,start_gate,1,89.615,89.615,2.59,92.20498657226562,0,0,0,0
2,rank2,9,pack_tx_data_submit,4,0.081,0.021,93.255,96.51699829101562,22528,0,0,0
2,rank2,9,pack_first_tx_ready,1,2.154,2.154,92.414,94.5679931640625,41,0,0,0
2,rank2,9,pack_mte3_exposed_wait,4,0.01,0.004,94.129,97.14898681640625,22528,0,0,0
2,rank2,10,kernel_total,1,28.918,28.918,91.23,120.14797973632812,0,0,0,0
2,rank2,10,pack_total,1,6.591,6.591,91.325,97.91598510742188,0,0,0,0
2,rank2,10,pack_input_wait,5,0.112,0.023,91.628,96.15399169921875,51200,0,0,0
2,rank2,10,pack_quantize,5,1.558,0.343,91.727,96.5789794921875,25600,55,0,0
2,rank2,10,pack_tx_publish,5,0.743,0.208,93.175,97.5889892578125,0,5,5,320
2,rank2,10,receive_total,1,21.845,21.845,98.109,119.9539794921875,0,0,0,0
2,rank2,10,rx_flag_poll_wait,1,16.861,16.861,98.493,115.35400390625,10,41,35,451
2,rank2,10,rx_unpack_wait,6,0.949,0.328,115.644,118.6719970703125,31680,0,0,0
2,rank2,10,rx_unpack_dequant_clear,7,0.666,0.183,116.128,119.06298828125,30720,66,0,0
2,rank2,10,rx_output,1,0.34,0.34,119.16,119.5,10240,0,0,0
2,rank2,10,start_gate,1,88.968,88.968,2.161,91.12899780273438,0,0,0,0
2,rank2,10,pack_tx_data_submit,5,0.103,0.021,92.178,96.73599243164062,28160,0,0,0
2,rank2,10,pack_first_tx_ready,1,2.173,2.173,91.337,93.50997924804688,45,0,0,0
2,rank2,10,pack_mte3_exposed_wait,5,0.01,0.003,93.085,97.2659912109375,28160,0,0,0
2,rank2,11,kernel_total,1,28.76,28.76,91.495,120.2550048828125,0,0,0,0
2,rank2,11,pack_total,1,5.645,5.645,91.589,97.23397827148438,0,0,0,0
2,rank2,11,pack_input_wait,4,0.091,0.023,91.893,95.21798706054688,40960,0,0,0
2,rank2,11,pack_quantize,4,1.238,0.33,91.988,95.625,20480,44,0,0
2,rank2,11,pack_tx_publish,4,0.636,0.205,93.421,96.75799560546875,0,4,4,256
2,rank2,11,receive_total,1,22.628,22.628,97.432,120.05999755859375,0,0,0,0
2,rank2,11,rx_flag_poll_wait,1,17.602,17.602,97.828,115.42999267578125,16,41,35,451
2,rank2,11,rx_unpack_wait,6,1.023,0.328,115.72,118.82000732421875,31680,0,0,0
2,rank2,11,rx_unpack_dequant_clear,7,0.664,0.183,116.204,119.21099853515625,30720,66,0,0
2,rank2,11,rx_output,1,0.349,0.349,119.308,119.656982421875,10240,0,0,0
2,rank2,11,start_gate,1,88.066,88.066,3.323,91.38900756835938,0,0,0,0
2,rank2,11,pack_tx_data_submit,4,0.082,0.021,92.414,95.78298950195312,22528,0,0,0
2,rank2,11,pack_first_tx_ready,1,2.148,2.148,91.602,93.75,50,0,0,0
2,rank2,11,pack_mte3_exposed_wait,4,0.009,0.003,93.326,96.30899047851562,22528,0,0,0
2,rank2,12,kernel_total,1,7.685,7.685,91.371,99.05599975585938,0,0,0,0
2,rank2,12,pack_total,1,6.691,6.691,91.466,98.156982421875,0,0,0,0
2,rank2,12,pack_input_wait,5,0.112,0.023,91.772,96.2760009765625,51200,0,0,0
2,rank2,12,pack_quantize,5,1.544,0.332,91.867,96.69699096679688,25600,55,0,0
2,rank2,12,pack_tx_publish,5,0.864,0.215,93.272,97.82098388671875,0,5,5,320
2,rank2,12,receive_total,1,0.539,0.539,98.334,98.87298583984375,0,0,0,0
2,rank2,12,start_gate,1,88.286,88.286,2.979,91.26498413085938,0,0,0,0
2,rank2,12,pack_tx_data_submit,5,0.105,0.021,92.295,96.85299682617188,28160,0,0,0
2,rank2,12,pack_first_tx_ready,1,2.131,2.131,91.478,93.60897827148438,54,0,0,0
2,rank2,12,pack_mte3_exposed_wait,5,0.01,0.003,93.186,97.4739990234375,28160,0,0,0
2,rank2,13,kernel_total,1,26.657,26.657,91.769,118.42599487304688,0,0,0,0
2,rank2,13,pack_total,1,6.685,6.685,91.864,98.54898071289062,0,0,0,0
2,rank2,13,pack_input_wait,5,0.112,0.023,92.221,96.72299194335938,51200,0,0,0
2,rank2,13,pack_quantize,5,1.562,0.344,92.32,97.14898681640625,25600,55,0,0
2,rank2,13,pack_tx_publish,5,0.888,0.224,93.742,98.25399780273438,0,5,5,320
2,rank2,13,receive_total,1,19.508,19.508,98.73,118.23800659179688,0,0,0,0
2,rank2,13,rx_flag_poll_wait,1,14.57,14.57,99.135,113.70498657226562,11,34,28,374
2,rank2,13,rx_unpack_wait,6,1.047,0.395,113.981,117.07400512695312,31680,0,0,0
2,rank2,13,rx_unpack_dequant_clear,7,0.648,0.168,114.54,117.47000122070312,30720,66,0,0
2,rank2,13,rx_output,1,0.332,0.332,117.567,117.89898681640625,10240,0,0,0
2,rank2,13,start_gate,1,88.616,88.616,3.052,91.66799926757812,0,0,0,0
2,rank2,13,pack_tx_data_submit,5,0.1,0.02,92.761,97.30099487304688,28160,0,0,0
2,rank2,13,pack_first_tx_ready,1,2.201,2.201,91.877,94.0780029296875,59,0,0,0
2,rank2,13,pack_mte3_exposed_wait,5,0.011,0.003,93.655,97.82098388671875,28160,0,0,0
2,rank2,14,kernel_total,1,31.178,31.178,92.371,123.54898071289062,0,0,0,0
2,rank2,14,pack_total,1,5.361,5.361,92.466,97.82699584960938,0,0,0,0
2,rank2,14,pack_input_wait,4,0.089,0.023,92.771,96.09799194335938,40960,0,0,0
2,rank2,14,pack_quantize,4,1.225,0.329,92.866,96.5050048828125,20480,44,0,0
2,rank2,14,pack_tx_publish,4,0.619,0.209,94.279,97.5050048828125,0,4,4,256
2,rank2,14,receive_total,1,25.359,25.359,98.018,123.37698364257812,0,0,0,0
2,rank2,14,rx_flag_poll_wait,1,20.272,20.272,98.406,118.677978515625,13,49,43,539
2,rank2,14,rx_unpack_wait,6,1.068,0.317,118.987,122.10897827148438,31680,0,0,0
2,rank2,14,rx_unpack_dequant_clear,7,0.644,0.16,119.469,122.5,30720,66,0,0
2,rank2,14,rx_output,1,0.334,0.334,122.593,122.927001953125,10240,0,0,0
2,rank2,14,start_gate,1,90.116,90.116,2.154,92.26998901367188,0,0,0,0
2,rank2,14,pack_tx_data_submit,4,0.081,0.021,93.292,96.66497802734375,22528,0,0,0
2,rank2,14,pack_first_tx_ready,1,2.137,2.137,92.478,94.614990234375,64,0,0,0
2,rank2,14,pack_mte3_exposed_wait,4,0.009,0.003,94.193,97.1820068359375,22528,0,0,0
2,rank2,15,kernel_total,1,24.664,24.664,91.352,116.0159912109375,0,0,0,0
2,rank2,15,pack_total,1,6.669,6.669,91.447,98.11599731445312,0,0,0,0
2,rank2,15,pack_input_wait,5,0.112,0.023,91.753,96.2559814453125,51200,0,0,0
2,rank2,15,pack_quantize,5,1.557,0.34,91.848,96.67898559570312,25600,55,0,0
2,rank2,15,pack_tx_publish,5,0.823,0.209,93.27,97.7760009765625,0,5,5,320
2,rank2,15,receive_total,1,17.549,17.549,98.295,115.843994140625,0,0,0,0
2,rank2,15,rx_flag_poll_wait,1,12.47,12.47,98.686,111.156005859375,6,30,24,330
2,rank2,15,rx_unpack_wait,6,1.077,0.41,111.455,114.5679931640625,31680,0,0,0
2,rank2,15,rx_unpack_dequant_clear,7,0.645,0.16,112.031,114.958984375,30720,66,0,0
2,rank2,15,rx_output,1,0.349,0.349,115.052,115.4010009765625,10240,0,0,0
2,rank2,15,start_gate,1,89.301,89.301,1.95,91.25100708007812,0,0,0,0
2,rank2,15,pack_tx_data_submit,5,0.103,0.021,92.296,96.82998657226562,28160,0,0,0
2,rank2,15,pack_first_tx_ready,1,2.14,2.14,91.46,93.60000610351562,68,0,0,0
2,rank2,15,pack_mte3_exposed_wait,5,0.01,0.003,93.183,97.44500732421875,28160,0,0,0
2,rank2,16,kernel_total,1,6.826,6.826,91.411,98.23699951171875,0,0,0,0
2,rank2,16,pack_total,1,5.672,5.672,91.506,97.177978515625,0,0,0,0
2,rank2,16,pack_input_wait,4,0.09,0.023,91.813,95.06198120117188,40960,0,0,0
2,rank2,16,pack_quantize,4,1.226,0.324,91.912,95.468994140625,20480,44,0,0
2,rank2,16,pack_tx_publish,4,0.696,0.229,93.32,96.73599243164062,0,4,4,256
2,rank2,16,receive_total,1,0.538,0.538,97.363,97.9010009765625,0,0,0,0
2,rank2,16,start_gate,1,88.577,88.577,2.733,91.30999755859375,0,0,0,0
2,rank2,16,pack_tx_data_submit,4,0.081,0.021,92.344,95.62698364257812,22528,0,0,0
2,rank2,16,pack_first_tx_ready,1,2.152,2.152,91.519,93.67098999023438,73,0,0,0
2,rank2,16,pack_mte3_exposed_wait,4,0.009,0.003,93.233,96.27398681640625,22528,0,0,0
2,rank2,17,kernel_total,1,26.847,26.847,91.719,118.56597900390625,0,0,0,0
2,rank2,17,pack_total,1,6.625,6.625,91.814,98.43899536132812,0,0,0,0
2,rank2,17,pack_input_wait,5,0.112,0.023,92.117,96.6619873046875,51200,0,0,0
2,rank2,17,pack_quantize,5,1.563,0.343,92.211,97.0889892578125,25600,55,0,0
2,rank2,17,pack_tx_publish,5,0.794,0.232,93.646,98.08200073242188,0,5,5,320
2,rank2,17,receive_total,1,19.729,19.729,98.645,118.37399291992188,0,0,0,0
2,rank2,17,rx_flag_poll_wait,1,14.817,14.817,99.038,113.85498046875,8,36,30,396
2,rank2,17,rx_unpack_wait,6,1.014,0.403,114.123,117.20999145507812,31680,0,0,0
2,rank2,17,rx_unpack_dequant_clear,7,0.666,0.184,114.685,117.60098266601562,30720,66,0,0
2,rank2,17,rx_output,1,0.34,0.34,117.698,118.03799438476562,10240,0,0,0
2,rank2,17,start_gate,1,89.511,89.511,2.107,91.61798095703125,0,0,0,0
2,rank2,17,pack_tx_data_submit,5,0.102,0.021,92.651,97.24099731445312,28160,0,0,0
2,rank2,17,pack_first_tx_ready,1,2.178,2.178,91.827,94.0050048828125,77,0,0,0
2,rank2,17,pack_mte3_exposed_wait,5,0.013,0.004,93.561,97.76199340820312,28160,0,0,0
2,rank2,18,kernel_total,1,32.438,32.438,91.303,123.74099731445312,0,0,0,0
2,rank2,18,pack_total,1,5.694,5.694,91.397,97.09100341796875,0,0,0,0
2,rank2,18,pack_input_wait,4,0.088,0.022,91.704,95.12899780273438,40960,0,0,0
2,rank2,18,pack_quantize,4,1.278,0.373,91.804,95.53500366210938,20480,44,0,0
2,rank2,18,pack_tx_publish,4,0.715,0.239,93.273,96.67599487304688,0,4,4,256
2,rank2,18,receive_total,1,26.282,26.282,97.283,123.56500244140625,0,0,0,0
2,rank2,18,rx_flag_poll_wait,1,21.426,21.426,97.678,119.10400390625,16,53,47,583
2,rank2,18,rx_unpack_wait,6,0.847,0.313,119.392,122.28799438476562,31680,0,0,0
2,rank2,18,rx_unpack_dequant_clear,7,0.65,0.165,119.866,122.67898559570312,30720,66,0,0
2,rank2,18,rx_output,1,0.344,0.344,122.779,123.12298583984375,10240,0,0,0
2,rank2,18,start_gate,1,88.875,88.875,2.327,91.20199584960938,0,0,0,0
2,rank2,18,pack_tx_data_submit,4,0.083,0.021,92.285,95.6929931640625,22528,0,0,0
2,rank2,18,pack_first_tx_ready,1,2.23,2.23,91.41,93.63998413085938,82,0,0,0
2,rank2,18,pack_mte3_exposed_wait,4,0.009,0.003,93.184,96.22000122070312,22528,0,0,0
2,rank2,19,kernel_total,1,27.637,27.637,91.28,118.9169921875,0,0,0,0
2,rank2,19,pack_total,1,6.812,6.812,91.374,98.18600463867188,0,0,0,0
2,rank2,19,pack_input_wait,5,0.113,0.023,91.68,96.23800659179688,51200,0,0,0
2,rank2,19,pack_quantize,5,1.567,0.347,91.78,96.66299438476562,25600,55,0,0
2,rank2,19,pack_tx_publish,5,0.947,0.238,93.212,97.85498046875,0,5,5,320
2,rank2,19,receive_total,1,20.378,20.378,98.362,118.739990234375,0,0,0,0
2,rank2,19,rx_flag_poll_wait,1,15.457,15.457,98.747,114.2039794921875,10,38,32,418
2,rank2,19,rx_unpack_wait,6,0.907,0.309,114.505,117.4639892578125,31680,0,0,0
2,rank2,19,rx_unpack_dequant_clear,7,0.65,0.165,114.976,117.85598754882812,30720,66,0,0
2,rank2,19,rx_output,1,0.344,0.344,117.953,118.2969970703125,10240,0,0,0
2,rank2,19,start_gate,1,88.821,88.821,2.358,91.17898559570312,0,0,0,0
2,rank2,19,pack_tx_data_submit,5,0.102,0.021,92.235,96.81399536132812,28160,0,0,0
2,rank2,19,pack_first_tx_ready,1,2.184,2.184,91.387,93.57098388671875,86,0,0,0
2,rank2,19,pack_mte3_exposed_wait,5,0.011,0.003,93.125,97.45498657226562,28160,0,0,0
2,rank2,20,kernel_total,1,33.067,33.067,92.39,125.45700073242188,0,0,0,0
2,rank2,20,pack_total,1,6.584,6.584,92.485,99.06900024414062,0,0,0,0
2,rank2,20,pack_input_wait,5,0.111,0.023,92.792,97.34100341796875,51200,0,0,0
2,rank2,20,pack_quantize,5,1.557,0.339,92.886,97.76998901367188,25600,55,0,0
2,rank2,20,pack_tx_publish,5,0.81,0.231,94.33,98.77099609375,0,5,5,320
2,rank2,20,receive_total,1,26.002,26.002,99.258,125.25997924804688,0,0,0,0
2,rank2,20,rx_flag_poll_wait,1,21.204,21.204,99.614,120.8179931640625,20,52,46,572
2,rank2,20,rx_unpack_wait,6,0.83,0.301,121.086,123.98098754882812,31680,0,0,0
2,rank2,20,rx_unpack_dequant_clear,7,0.656,0.176,121.541,124.37197875976562,30720,66,0,0
2,rank2,20,rx_output,1,0.346,0.346,124.469,124.81500244140625,10240,0,0,0
2,rank2,20,start_gate,1,88.898,88.898,3.387,92.28500366210938,0,0,0,0
2,rank2,20,pack_tx_data_submit,5,0.103,0.021,93.333,97.92098999023438,28160,0,0,0
2,rank2,20,pack_first_tx_ready,1,2.187,2.187,92.497,94.68399047851562,91,0,0,0
2,rank2,20,pack_mte3_exposed_wait,5,0.012,0.003,94.245,98.44900512695312,28160,0,0,0
2,rank2,21,kernel_total,1,6.433,6.433,92.447,98.8800048828125,0,0,0,0
2,rank2,21,pack_total,1,5.44,5.44,92.541,97.98098754882812,0,0,0,0
2,rank2,21,pack_input_wait,4,0.091,0.023,92.848,96.24600219726562,40960,0,0,0
2,rank2,21,pack_quantize,4,1.268,0.337,92.948,96.656982421875,20480,44,0,0
2,rank2,21,pack_tx_publish,4,0.702,0.232,94.36,97.68099975585938,0,4,4,256
2,rank2,21,receive_total,1,0.513,0.513,98.171,98.68399047851562,0,0,0,0
2,rank2,21,start_gate,1,89.101,89.101,3.24,92.34100341796875,0,0,0,0
2,rank2,21,pack_tx_data_submit,4,0.08,0.02,93.381,96.81399536132812,22528,0,0,0
2,rank2,21,pack_first_tx_ready,1,2.164,2.164,92.554,94.71798706054688,96,0,0,0
2,rank2,21,pack_mte3_exposed_wait,4,0.009,0.004,94.273,97.34298706054688,22528,0,0,0
2,rank2,22,kernel_total,1,31.886,31.886,91.755,123.6409912109375,0,0,0,0
2,rank2,22,pack_total,1,6.784,6.784,91.85,98.63400268554688,0,0,0,0
2,rank2,22,pack_input_wait,5,0.112,0.023,92.157,96.70700073242188,51200,0,0,0
2,rank2,22,pack_quantize,5,1.552,0.327,92.256,97.13198852539062,25600,55,0,0
2,rank2,22,pack_tx_publish,5,0.926,0.235,93.676,98.25900268554688,0,5,5,320
2,rank2,22,receive_total,1,24.652,24.652,98.809,123.46099853515625,0,0,0,0
2,rank2,22,rx_flag_poll_wait,1,19.723,19.723,99.218,118.94097900390625,18,49,43,539
2,rank2,22,rx_unpack_wait,6,0.913,0.318,119.225,122.18499755859375,31680,0,0,0
2,rank2,22,rx_unpack_dequant_clear,7,0.646,0.165,119.699,122.57598876953125,30720,66,0,0
2,rank2,22,rx_output,1,0.342,0.342,122.676,123.01800537109375,10240,0,0,0
2,rank2,22,start_gate,1,90.025,90.025,1.624,91.64898681640625,0,0,0,0
2,rank2,22,pack_tx_data_submit,5,0.104,0.021,92.691,97.28399658203125,28160,0,0,0
2,rank2,22,pack_first_tx_ready,1,2.168,2.168,91.863,94.031005859375,100,0,0,0
2,rank2,22,pack_mte3_exposed_wait,5,0.009,0.003,93.589,97.92999267578125,28160,0,0,0
2,rank2,23,kernel_total,1,31.335,31.335,91.472,122.8070068359375,0,0,0,0
2,rank2,23,pack_total,1,5.737,5.737,91.567,97.30398559570312,0,0,0,0
2,rank2,23,pack_input_wait,4,0.09,0.023,91.873,95.10897827148438,40960,0,0,0
2,rank2,23,pack_quantize,4,1.227,0.334,91.973,95.5159912109375,20480,44,0,0
2,rank2,23,pack_tx_publish,4,0.695,0.237,93.399,96.78900146484375,0,4,4,256
2,rank2,23,receive_total,1,25.122,25.122,97.503,122.625,0,0,0,0
2,rank2,23,rx_flag_poll_wait,1,20.177,20.177,97.899,118.07598876953125,27,47,41,517
2,rank2,23,rx_unpack_wait,6,0.892,0.317,118.369,121.32199096679688,31680,0,0,0
2,rank2,23,rx_unpack_dequant_clear,7,0.652,0.169,118.843,121.71298217773438,30720,66,0,0
2,rank2,23,rx_output,1,0.34,0.34,121.813,122.15298461914062,10240,0,0,0
2,rank2,23,start_gate,1,89.682,89.682,1.684,91.36599731445312,0,0,0,0
2,rank2,23,pack_tx_data_submit,4,0.082,0.021,92.403,95.67398071289062,22528,0,0,0
2,rank2,23,pack_first_tx_ready,1,2.173,2.173,91.579,93.75198364257812,105,0,0,0
2,rank2,23,pack_mte3_exposed_wait,4,0.01,0.004,93.304,96.31698608398438,22528,0,0,0
2,rank2,24,kernel_total,1,26.362,26.362,92.34,118.70199584960938,0,0,0,0
2,rank2,24,pack_total,1,6.707,6.707,92.434,99.1409912109375,0,0,0,0
2,rank2,24,pack_input_wait,5,0.111,0.023,92.741,97.31698608398438,51200,0,0,0
2,rank2,24,pack_quantize,5,1.578,0.352,92.84,97.74398803710938,25600,55,0,0
2,rank2,24,pack_tx_publish,5,0.819,0.225,94.284,98.8280029296875,0,5,5,320
2,rank2,24,receive_total,1,19.214,19.214,99.319,118.53298950195312,0,0,0,0
2,rank2,24,rx_flag_poll_wait,1,14.246,14.246,99.694,113.94000244140625,10,33,27,363
2,rank2,24,rx_unpack_wait,6,1.08,0.361,114.221,117.35800170898438,31680,0,0,0
2,rank2,24,rx_unpack_dequant_clear,7,0.638,0.152,114.744,117.74899291992188,30720,66,0,0
2,rank2,24,rx_output,1,0.351,0.351,117.85,118.20098876953125,10240,0,0,0
2,rank2,24,start_gate,1,89.081,89.081,3.153,92.23397827148438,0,0,0,0
2,rank2,24,pack_tx_data_submit,5,0.102,0.021,93.289,97.91299438476562,28160,0,0,0
2,rank2,24,pack_first_tx_ready,1,2.186,2.186,92.447,94.63299560546875,109,0,0,0
2,rank2,24,pack_mte3_exposed_wait,5,0.012,0.003,94.197,98.43499755859375,28160,0,0,0
2,rank2,25,kernel_total,1,6.658,6.658,91.65,98.3079833984375,0,0,0,0
2,rank2,25,pack_total,1,5.615,5.615,91.745,97.3599853515625,0,0,0,0
2,rank2,25,pack_input_wait,4,0.09,0.023,92.052,95.4329833984375,40960,0,0,0
2,rank2,25,pack_quantize,4,1.264,0.328,92.151,95.84298706054688,20480,44,0,0
2,rank2,25,pack_tx_publish,4,0.692,0.226,93.586,96.90899658203125,0,4,4,256
2,rank2,25,receive_total,1,0.562,0.562,97.576,98.13800048828125,0,0,0,0
2,rank2,25,start_gate,1,88.667,88.667,2.882,91.54898071289062,0,0,0,0
2,rank2,25,pack_tx_data_submit,4,0.083,0.021,92.576,96.00100708007812,22528,0,0,0
2,rank2,25,pack_first_tx_ready,1,2.173,2.173,91.758,93.93099975585938,114,0,0,0
2,rank2,25,pack_mte3_exposed_wait,4,0.008,0.003,93.5,96.54299926757812,22528,0,0,0
2,rank2,26,kernel_total,1,28.878,28.878,91.614,120.49200439453125,0,0,0,0
2,rank2,26,pack_total,1,6.883,6.883,91.709,98.59197998046875,0,0,0,0
2,rank2,26,pack_input_wait,5,0.112,0.023,92.015,96.6300048828125,51200,0,0,0
2,rank2,26,pack_quantize,5,1.6,0.347,92.114,97.05499267578125,25600,55,0,0
2,rank2,26,pack_tx_publish,5,0.969,0.237,93.526,98.2449951171875,0,5,5,320
2,rank2,26,receive_total,1,21.553,21.553,98.772,120.32498168945312,0,0,0,0
2,rank2,26,rx_flag_poll_wait,1,16.619,16.619,99.172,115.79098510742188,9,42,36,462
2,rank2,26,rx_unpack_wait,6,0.921,0.322,116.074,119.01699829101562,31680,0,0,0
2,rank2,26,rx_unpack_dequant_clear,7,0.63,0.147,116.559,119.40798950195312,30720,66,0,0
2,rank2,26,rx_output,1,0.349,0.349,119.505,119.85400390625,10240,0,0,0
2,rank2,26,start_gate,1,88.376,88.376,3.132,91.50799560546875,0,0,0,0
2,rank2,26,pack_tx_data_submit,5,0.104,0.021,92.545,97.20700073242188,28160,0,0,0
2,rank2,26,pack_first_tx_ready,1,2.163,2.163,91.722,93.88497924804688,118,0,0,0
2,rank2,26,pack_mte3_exposed_wait,5,0.01,0.003,93.44,97.8699951171875,28160,0,0,0
2,rank2,27,kernel_total,1,32.504,32.504,91.586,124.08999633789062,0,0,0,0
2,rank2,27,pack_total,1,6.792,6.792,91.681,98.47299194335938,0,0,0,0
2,rank2,27,pack_input_wait,5,0.112,0.023,92.049,96.66998291015625,51200,0,0,0
2,rank2,27,pack_quantize,5,1.607,0.357,92.148,97.10598754882812,25600,55,0,0
2,rank2,27,pack_tx_publish,5,0.778,0.232,93.59,98.11798095703125,0,5,5,320
2,rank2,27,receive_total,1,25.241,25.241,98.683,123.92398071289062,0,0,0,0
2,rank2,27,rx_flag_poll_wait,1,20.353,20.353,99.085,119.43798828125,20,50,44,550
2,rank2,27,rx_unpack_wait,6,0.858,0.303,119.73,122.61099243164062,31680,0,0,0
2,rank2,27,rx_unpack_dequant_clear,7,0.64,0.151,120.194,123.0159912109375,30720,66,0,0
2,rank2,27,rx_output,1,0.348,0.348,123.124,123.47198486328125,10240,0,0,0
2,rank2,27,start_gate,1,88.116,88.116,3.369,91.4849853515625,0,0,0,0
2,rank2,27,pack_tx_data_submit,5,0.1,0.02,92.614,97.26199340820312,28160,0,0,0
2,rank2,27,pack_first_tx_ready,1,2.255,2.255,91.694,93.94900512695312,123,0,0,0
2,rank2,27,pack_mte3_exposed_wait,5,0.01,0.003,93.504,97.77099609375,28160,0,0,0
2,rank2,28,kernel_total,1,35.634,35.634,91.385,127.01898193359375,0,0,0,0
2,rank2,28,pack_total,1,5.662,5.662,91.479,97.1409912109375,0,0,0,0
2,rank2,28,pack_input_wait,4,0.089,0.023,91.785,95.13198852539062,40960,0,0,0
2,rank2,28,pack_quantize,4,1.234,0.33,91.884,95.54598999023438,20480,44,0,0
2,rank2,28,pack_tx_publish,4,0.685,0.218,93.312,96.71798706054688,0,4,4,256
2,rank2,28,receive_total,1,29.506,29.506,97.327,126.8330078125,0,0,0,0
2,rank2,28,rx_flag_poll_wait,1,24.766,24.766,97.717,122.48300170898438,31,60,54,660
2,rank2,28,rx_unpack_wait,6,0.781,0.299,122.75,125.56597900390625,31680,0,0,0
2,rank2,28,rx_unpack_dequant_clear,7,0.646,0.164,123.198,125.95700073242188,30720,66,0,0
2,rank2,28,rx_output,1,0.337,0.337,126.054,126.3909912109375,10240,0,0,0
2,rank2,28,start_gate,1,89.547,89.547,1.736,91.28298950195312,0,0,0,0
2,rank2,28,pack_tx_data_submit,4,0.082,0.021,92.322,95.70199584960938,22528,0,0,0
2,rank2,28,pack_first_tx_ready,1,2.165,2.165,91.492,93.656982421875,128,0,0,0
2,rank2,28,pack_mte3_exposed_wait,4,0.009,0.003,93.221,96.22500610351562,22528,0,0,0
2,rank2,29,kernel_total,1,7.759,7.759,91.527,99.28598022460938,0,0,0,0
2,rank2,29,pack_total,1,6.742,6.742,91.621,98.36300659179688,0,0,0,0
2,rank2,29,pack_input_wait,5,0.114,0.023,91.928,96.44000244140625,51200,0,0,0
2,rank2,29,pack_quantize,5,1.556,0.343,92.023,96.87600708007812,25600,55,0,0
2,rank2,29,pack_tx_publish,5,0.905,0.219,93.451,98.01800537109375,0,5,5,320
2,rank2,29,receive_total,1,0.516,0.516,98.57,99.08599853515625,0,0,0,0
2,rank2,29,start_gate,1,88.351,88.351,3.075,91.42599487304688,0,0,0,0
2,rank2,29,pack_tx_data_submit,5,0.103,0.021,92.461,97.02798461914062,28160,0,0,0
2,rank2,29,pack_first_tx_ready,1,2.163,2.163,91.634,93.7969970703125,132,0,0,0
2,rank2,29,pack_mte3_exposed_wait,5,0.01,0.003,93.36,97.67300415039062,28160,0,0,0
2,rank2,30,kernel_total,1,29.523,29.523,91.563,121.08599853515625,0,0,0,0
2,rank2,30,pack_total,1,5.599,5.599,91.658,97.25698852539062,0,0,0,0
2,rank2,30,pack_input_wait,4,0.092,0.023,91.964,95.22000122070312,40960,0,0,0
2,rank2,30,pack_quantize,4,1.304,0.342,92.064,95.6519775390625,20480,44,0,0
2,rank2,30,pack_tx_publish,4,0.644,0.215,93.51,96.82400512695312,0,4,4,256
2,rank2,30,receive_total,1,23.447,23.447,97.464,120.91098022460938,0,0,0,0
2,rank2,30,rx_flag_poll_wait,1,18.576,18.576,97.856,116.4320068359375,14,45,39,495
2,rank2,30,rx_unpack_wait,6,0.892,0.319,116.711,119.64199829101562,31680,0,0,0
2,rank2,30,rx_unpack_dequant_clear,7,0.644,0.159,117.182,120.03298950195312,30720,66,0,0
2,rank2,30,rx_output,1,0.338,0.338,120.13,120.46798706054688,10240,0,0,0
2,rank2,30,start_gate,1,88.779,88.779,2.678,91.45700073242188,0,0,0,0
2,rank2,30,pack_tx_data_submit,4,0.083,0.021,92.502,95.81198120117188,22528,0,0,0
2,rank2,30,pack_first_tx_ready,1,2.171,2.171,91.67,93.84100341796875,137,0,0,0
2,rank2,30,pack_mte3_exposed_wait,4,0.009,0.003,93.416,96.43798828125,22528,0,0,0
2,rank2,31,kernel_total,1,32.533,32.533,91.516,124.04898071289062,0,0,0,0
2,rank2,31,pack_total,1,6.79,6.79,91.611,98.4010009765625,0,0,0,0
2,rank2,31,pack_input_wait,5,0.111,0.023,91.918,96.46697998046875,51200,0,0,0
2,rank2,31,pack_quantize,5,1.562,0.349,92.018,96.88998413085938,25600,55,0,0
2,rank2,31,pack_tx_publish,5,0.939,0.253,93.454,98.06298828125,0,5,5,320
2,rank2,31,receive_total,1,25.269,25.269,98.606,123.875,0,0,0,0
2,rank2,31,rx_flag_poll_wait,1,20.502,20.502,98.987,119.48898315429688,20,51,45,561
2,rank2,31,rx_unpack_wait,6,0.817,0.308,119.76,122.60800170898438,31680,0,0,0
2,rank2,31,rx_unpack_dequant_clear,7,0.642,0.159,120.222,122.99798583984375,30720,66,0,0
2,rank2,31,rx_output,1,0.33,0.33,123.095,123.42498779296875,10240,0,0,0
2,rank2,31,start_gate,1,88.782,88.782,2.628,91.41000366210938,0,0,0,0
2,rank2,31,pack_tx_data_submit,5,0.104,0.021,92.475,97.04400634765625,28160,0,0,0
2,rank2,31,pack_first_tx_ready,1,2.183,2.183,91.624,93.8070068359375,141,0,0,0
2,rank2,31,pack_mte3_exposed_wait,5,0.011,0.003,93.368,97.57199096679688,28160,0,0,0
2,rank2,32,kernel_total,1,33.181,33.181,91.085,124.2659912109375,0,0,0,0
2,rank2,32,pack_total,1,5.336,5.336,91.179,96.51498413085938,0,0,0,0
2,rank2,32,pack_input_wait,4,0.091,0.023,91.55,94.78298950195312,40960,0,0,0
2,rank2,32,pack_quantize,4,1.266,0.348,91.645,95.197998046875,20480,44,0,0
2,rank2,32,pack_tx_publish,4,0.558,0.224,93.066,96.20599365234375,0,4,4,256
2,rank2,32,receive_total,1,27.381,27.381,96.707,124.08798217773438,0,0,0,0
2,rank2,32,rx_flag_poll_wait,1,22.48,22.48,97.083,119.56298828125,20,54,48,594
2,rank2,32,rx_unpack_wait,6,0.999,0.332,119.833,122.8800048828125,31680,0,0,0
2,rank2,32,rx_unpack_dequant_clear,7,0.657,0.163,120.313,123.28799438476562,30720,66,0,0
2,rank2,32,rx_output,1,0.347,0.347,123.392,123.73898315429688,10240,0,0,0
2,rank2,32,start_gate,1,89.645,89.645,1.334,90.97900390625,0,0,0,0
2,rank2,32,pack_tx_data_submit,4,0.08,0.02,92.09,95.35800170898438,22528,0,0,0
2,rank2,32,pack_first_tx_ready,1,2.226,2.226,91.192,93.41799926757812,146,0,0,0
2,rank2,32,pack_mte3_exposed_wait,4,0.009,0.003,92.979,95.87899780273438,22528,0,0,0
2,rank2,33,kernel_total,1,7.247,7.247,91.319,98.56597900390625,0,0,0,0
2,rank2,33,pack_total,1,6.38,6.38,91.414,97.79400634765625,0,0,0,0
2,rank2,33,pack_input_wait,5,0.111,0.023,91.718,96.04498291015625,51200,0,0,0
2,rank2,33,pack_quantize,5,1.554,0.328,91.817,96.47299194335938,25600,55,0,0
2,rank2,33,pack_tx_publish,5,0.559,0.114,93.24,97.510986328125,0,5,5,320
2,rank2,33,receive_total,1,0.406,0.406,97.987,98.39300537109375,0,0,0,0
2,rank2,33,start_gate,1,90.512,90.512,0.706,91.21798706054688,0,0,0,0
2,rank2,33,pack_tx_data_submit,5,0.102,0.021,92.241,96.64700317382812,28160,0,0,0
2,rank2,33,pack_first_tx_ready,1,2.055,2.055,91.427,93.48199462890625,150,0,0,0
2,rank2,33,pack_mte3_exposed_wait,5,0.011,0.004,93.15,97.17599487304688,28160,0,0,0
2,rank2,34,kernel_total,1,34.228,34.228,91.005,125.23300170898438,0,0,0,0
2,rank2,34,pack_total,1,6.396,6.396,91.099,97.4949951171875,0,0,0,0
2,rank2,34,pack_input_wait,5,0.112,0.023,91.401,95.73397827148438,51200,0,0,0
2,rank2,34,pack_quantize,5,1.562,0.345,91.5,96.16000366210938,25600,55,0,0
2,rank2,34,pack_tx_publish,5,0.576,0.123,92.919,97.18099975585938,0,5,5,320
2,rank2,34,receive_total,1,27.353,27.353,97.689,125.0419921875,0,0,0,0
2,rank2,34,rx_flag_poll_wait,1,22.645,22.645,98.047,120.69198608398438,17,55,49,605
2,rank2,34,rx_unpack_wait,6,0.912,0.337,120.944,123.906982421875,31680,0,0,0
2,rank2,34,rx_unpack_dequant_clear,7,0.652,0.169,121.425,124.2919921875,30720,66,0,0
2,rank2,34,rx_output,1,0.347,0.347,124.389,124.73599243164062,10240,0,0,0
2,rank2,34,start_gate,1,89.743,89.743,1.156,90.89898681640625,0,0,0,0
2,rank2,34,pack_tx_data_submit,5,0.103,0.021,91.941,96.31500244140625,28160,0,0,0
2,rank2,34,pack_first_tx_ready,1,2.038,2.038,91.112,93.14999389648438,155,0,0,0
2,rank2,34,pack_mte3_exposed_wait,5,0.01,0.003,92.829,96.84698486328125,28160,0,0,0
2,rank2,35,kernel_total,1,27.45,27.45,90.929,118.37899780273438,0,0,0,0
2,rank2,35,pack_total,1,5.243,5.243,91.023,96.2659912109375,0,0,0,0
2,rank2,35,pack_input_wait,4,0.09,0.023,91.329,94.489990234375,40960,0,0,0
2,rank2,35,pack_quantize,4,1.25,0.335,91.428,94.90399169921875,20480,44,0,0
2,rank2,35,pack_tx_publish,4,0.483,0.124,92.853,95.94097900390625,0,4,4,256
2,rank2,35,receive_total,1,21.724,21.724,96.465,118.18899536132812,0,0,0,0
2,rank2,35,rx_flag_poll_wait,1,16.835,16.835,96.822,113.656982421875,10,40,34,440
2,rank2,35,rx_unpack_wait,6,1.103,0.36,113.919,117.06198120117188,31680,0,0,0
2,rank2,35,rx_unpack_dequant_clear,7,0.651,0.17,114.422,117.4539794921875,30720,66,0,0
2,rank2,35,rx_output,1,0.341,0.341,117.551,117.89199829101562,10240,0,0,0
2,rank2,35,start_gate,1,88.947,88.947,1.881,90.8280029296875,0,0,0,0
2,rank2,35,pack_tx_data_submit,4,0.083,0.021,91.859,95.06597900390625,22528,0,0,0
2,rank2,35,pack_first_tx_ready,1,2.068,2.068,91.036,93.10400390625,160,0,0,0
2,rank2,35,pack_mte3_exposed_wait,4,0.008,0.003,92.768,95.60400390625,22528,0,0,0
2,rank2,36,kernel_total,1,30.797,30.797,90.901,121.697998046875,0,0,0,0
2,rank2,36,pack_total,1,6.401,6.401,90.995,97.39599609375,0,0,0,0
2,rank2,36,pack_input_wait,5,0.112,0.023,91.302,95.63198852539062,51200,0,0,0
2,rank2,36,pack_quantize,5,1.558,0.329,91.396,96.052001953125,25600,55,0,0
2,rank2,36,pack_tx_publish,5,0.585,0.118,92.818,97.08700561523438,0,5,5,320
2,rank2,36,receive_total,1,23.924,23.924,97.599,121.52297973632812,0,0,0,0
2,rank2,36,rx_flag_poll_wait,1,19.008,19.008,97.977,116.9849853515625,13,45,39,495
2,rank2,36,rx_unpack_wait,6,1.156,0.417,117.259,120.35198974609375,31680,0,0,0
2,rank2,36,rx_unpack_dequant_clear,7,0.637,0.161,117.748,120.75399780273438,30720,66,0,0
2,rank2,36,rx_output,1,0.344,0.344,120.854,121.197998046875,10240,0,0,0
2,rank2,36,start_gate,1,88.623,88.623,2.168,90.79098510742188,0,0,0,0
2,rank2,36,pack_tx_data_submit,5,0.102,0.021,91.836,96.21697998046875,28160,0,0,0
2,rank2,36,pack_first_tx_ready,1,2.056,2.056,91.008,93.06399536132812,164,0,0,0
2,rank2,36,pack_mte3_exposed_wait,5,0.012,0.003,92.736,96.7559814453125,28160,0,0,0
2,rank2,37,kernel_total,1,6.468,6.468,91.282,97.75,0,0,0,0
2,rank2,37,pack_total,1,5.191,5.191,91.377,96.5679931640625,0,0,0,0
2,rank2,37,pack_input_wait,4,0.089,0.023,91.681,94.82498168945312,40960,0,0,0
2,rank2,37,pack_quantize,4,1.25,0.338,91.779,95.22500610351562,20480,44,0,0
2,rank2,37,pack_tx_publish,4,0.457,0.118,93.189,96.260986328125,0,4,4,256
2,rank2,37,receive_total,1,0.426,0.426,96.76,97.18600463867188,0,0,0,0
2,rank2,37,start_gate,1,89.091,89.091,2.081,91.1719970703125,0,0,0,0
2,rank2,37,pack_tx_data_submit,4,0.082,0.021,92.214,95.38299560546875,22528,0,0,0
2,rank2,37,pack_first_tx_ready,1,2.038,2.038,91.39,93.427978515625,169,0,0,0
2,rank2,37,pack_mte3_exposed_wait,4,0.008,0.003,93.097,95.91799926757812,22528,0,0,0
2,rank2,38,kernel_total,1,28.21,28.21,91.04,119.25,0,0,0,0
2,rank2,38,pack_total,1,6.397,6.397,91.135,97.531982421875,0,0,0,0
2,rank2,38,pack_input_wait,5,0.113,0.023,91.442,95.76898193359375,51200,0,0,0
2,rank2,38,pack_quantize,5,1.563,0.352,91.54,96.19000244140625,25600,55,0,0
2,rank2,38,pack_tx_publish,5,0.524,0.108,92.996,97.2080078125,0,5,5,320
2,rank2,38,receive_total,1,21.343,21.343,97.721,119.06399536132812,0,0,0,0
2,rank2,38,rx_flag_poll_wait,1,16.616,16.616,98.083,114.69900512695312,14,40,34,440
2,rank2,38,rx_unpack_wait,6,1.013,0.327,114.963,117.93399047851562,31680,0,0,0
2,rank2,38,rx_unpack_dequant_clear,7,0.645,0.163,115.367,118.32598876953125,30720,66,0,0
2,rank2,38,rx_output,1,0.331,0.331,118.426,118.75698852539062,10240,0,0,0
2,rank2,38,start_gate,1,89.042,89.042,1.884,90.92599487304688,0,0,0,0
2,rank2,38,pack_tx_data_submit,5,0.105,0.021,92.003,96.343994140625,28160,0,0,0
2,rank2,38,pack_first_tx_ready,1,2.078,2.078,91.148,93.22598266601562,173,0,0,0
2,rank2,38,pack_mte3_exposed_wait,5,0.012,0.003,92.906,96.85699462890625,28160,0,0,0
2,rank2,39,kernel_total,1,25.671,25.671,90.749,116.41998291015625,0,0,0,0
2,rank2,39,pack_total,1,5.379,5.379,90.843,96.22198486328125,0,0,0,0
2,rank2,39,pack_input_wait,4,0.088,0.022,91.146,94.34100341796875,40960,0,0,0
2,rank2,39,pack_quantize,4,1.303,0.401,91.249,94.75,20480,44,0,0
2,rank2,39,pack_tx_publish,4,0.431,0.108,92.733,95.76400756835938,0,4,4,256
2,rank2,39,receive_total,1,19.819,19.819,96.414,116.23300170898438,0,0,0,0
2,rank2,39,rx_flag_poll_wait,1,14.979,14.979,96.793,111.77200317382812,9,35,29,385
2,rank2,39,rx_unpack_wait,6,1.031,0.303,112.032,115.10897827148438,31680,0,0,0
2,rank2,39,rx_unpack_dequant_clear,7,0.641,0.164,112.484,115.5,30720,66,0,0
2,rank2,39,rx_output,1,0.335,0.335,115.597,115.9320068359375,10240,0,0,0
2,rank2,39,start_gate,1,88.805,88.805,1.834,90.63900756835938,0,0,0,0
2,rank2,39,pack_tx_data_submit,4,0.083,0.021,91.746,94.91098022460938,22528,0,0,0
2,rank2,39,pack_first_tx_ready,1,2.112,2.112,90.856,92.96798706054688,178,0,0,0
2,rank2,39,pack_mte3_exposed_wait,4,0.009,0.003,92.647,95.43499755859375,22528,0,0,0
2,rank2,40,kernel_total,1,25.17,25.17,91.575,116.7449951171875,0,0,0,0
2,rank2,40,pack_total,1,6.467,6.467,91.669,98.135986328125,0,0,0,0
2,rank2,40,pack_input_wait,5,0.112,0.023,91.976,96.32000732421875,51200,0,0,0
2,rank2,40,pack_quantize,5,1.558,0.349,92.071,96.739990234375,25600,55,0,0
2,rank2,40,pack_tx_publish,5,0.642,0.13,93.503,97.82098388671875,0,5,5,320
2,rank2,40,receive_total,1,18.265,18.265,98.316,116.58099365234375,0,0,0,0
2,rank2,40,rx_flag_poll_wait,1,13.268,13.268,98.701,111.968994140625,6,31,25,341
2,rank2,40,rx_unpack_wait,6,1.208,0.371,112.262,115.42498779296875,31680,0,0,0
2,rank2,40,rx_unpack_dequant_clear,7,0.64,0.149,112.71,115.82400512695312,30720,66,0,0
2,rank2,40,rx_output,1,0.347,0.347,115.918,116.26498413085938,10240,0,0,0
2,rank2,40,start_gate,1,90.161,90.161,1.299,91.45999145507812,0,0,0,0
2,rank2,40,pack_tx_data_submit,5,0.101,0.021,92.525,96.89398193359375,28160,0,0,0
2,rank2,40,pack_first_tx_ready,1,2.077,2.077,91.682,93.75900268554688,182,0,0,0
2,rank2,40,pack_mte3_exposed_wait,5,0.01,0.003,93.417,97.45498657226562,28160,0,0,0
2,rank2,41,kernel_total,1,27.237,27.237,92.416,119.65298461914062,0,0,0,0
2,rank2,41,pack_total,1,6.423,6.423,92.511,98.93399047851562,0,0,0,0
2,rank2,41,pack_input_wait,5,0.114,0.023,92.882,97.22299194335938,51200,0,0,0
2,rank2,41,pack_quantize,5,1.544,0.335,92.981,97.64199829101562,25600,55,0,0
2,rank2,41,pack_tx_publish,5,0.548,0.13,94.413,98.61798095703125,0,5,5,320
2,rank2,41,receive_total,1,20.357,20.357,99.131,119.48800659179688,0,0,0,0
2,rank2,41,rx_flag_poll_wait,1,15.485,15.485,99.521,115.0059814453125,8,36,30,396
2,rank2,41,rx_unpack_wait,6,1.114,0.343,115.3,118.35000610351562,31680,0,0,0
2,rank2,41,rx_unpack_dequant_clear,7,0.635,0.151,115.719,118.739990234375,30720,66,0,0
2,rank2,41,rx_output,1,0.334,0.334,118.837,119.17098999023438,10240,0,0,0
2,rank2,41,start_gate,1,91.328,91.328,0.978,92.30599975585938,0,0,0,0
2,rank2,41,pack_tx_data_submit,5,0.104,0.021,93.424,97.79598999023438,28160,0,0,0
2,rank2,41,pack_first_tx_ready,1,2.14,2.14,92.524,94.66400146484375,187,0,0,0
2,rank2,41,pack_mte3_exposed_wait,5,0.013,0.003,94.318,98.29800415039062,28160,0,0,0
2,rank2,42,kernel_total,1,43.74,43.74,91.151,134.8909912109375,0,0,0,0
2,rank2,42,send_total,1,26.103,26.103,94.889,120.99200439453125,0,0,0,0
2,rank2,42,tx_meta_scan,9,1.617,0.249,96.715,112.052978515625,0,1,8,0
2,rank2,42,tx_ready_poll,9,0.016,0.003,96.376,111.78900146484375,0,9,0,0
2,rank2,42,self_copy,1,0.926,0.926,110.62,111.54598999023438,5632,0,0,0
2,rank2,42,udma_post,8,9.042,1.517,97.109,112.9849853515625,45056,8,1,0
2,rank2,42,udma_quiet,6,5.025,1.151,114.442,120.72698974609375,6,0,0,0
2,rank2,42,local_rx_wait,1,7.403,7.403,121.064,128.46697998046875,42,0,0,0
2,rank2,42,round_publish,1,6.057,6.057,128.626,134.6829833984375,1,64,1,1
2,rank2,42,global_round_wait,1,3.533,3.533,91.244,94.7769775390625,1,119,0,0
2,rank2,42,start_gate,1,89.101,89.101,1.951,91.052001953125,1,64,1,1
2,rank2,43,kernel_total,1,43.115,43.115,90.795,133.91000366210938,0,0,0,0
2,rank2,43,send_total,1,26.848,26.848,94.783,121.6309814453125,0,0,0,0
2,rank2,43,tx_meta_scan,9,1.549,0.195,96.834,112.14199829101562,0,1,8,0
2,rank2,43,tx_ready_poll,9,0.016,0.003,96.263,111.83700561523438,0,9,0,0
2,rank2,43,self_copy,1,0.852,0.852,110.773,111.625,5632,0,0,0
2,rank2,43,udma_post,8,9.925,1.787,97.23,113.57598876953125,45056,8,1,0
2,rank2,43,udma_quiet,6,5.061,1.256,115.012,121.38998413085938,6,0,0,0
2,rank2,43,local_rx_wait,1,1.15,1.15,121.781,122.93099975585938,0,0,0,0
2,rank2,43,round_publish,1,4.304,4.304,129.267,133.57098388671875,1,64,1,1
2,rank2,43,global_round_wait,1,3.788,3.788,90.888,94.67599487304688,1,119,0,0
2,rank2,43,start_gate,1,89.55,89.55,1.143,90.6929931640625,1,64,1,1
2,rank2,44,kernel_total,1,39.115,39.115,91.067,130.1820068359375,0,0,0,0
2,rank2,44,send_total,1,27.65,27.65,94.773,122.42300415039062,0,0,0,0
2,rank2,44,tx_meta_scan,9,1.387,0.165,97.283,112.50997924804688,0,1,8,0
2,rank2,44,tx_ready_poll,11,0.02,0.003,96.238,112.11798095703125,2,9,0,0
2,rank2,44,self_copy,1,1.178,1.178,110.711,111.88900756835938,5632,0,0,0
2,rank2,44,udma_post,8,9.252,1.606,97.646,113.989990234375,45056,8,1,0
2,rank2,44,udma_quiet,5,4.849,1.23,116.165,122.11599731445312,5,0,0,0
2,rank2,44,local_rx_wait,1,0.283,0.283,122.563,122.84597778320312,0,0,0,0
2,rank2,44,round_publish,1,0.581,0.581,129.296,129.87698364257812,0,0,0,0
2,rank2,44,global_round_wait,1,3.5,3.5,91.161,94.66098022460938,0,119,0,0
2,rank2,44,start_gate,1,90.901,90.901,0.059,90.95999145507812,0,0,0,0
2,rank2,45,kernel_total,1,43.073,43.073,91.505,134.5780029296875,0,0,0,0
2,rank2,45,send_total,1,26.588,26.588,94.945,121.53298950195312,0,0,0,0
2,rank2,45,tx_meta_scan,9,1.467,0.186,97.137,112.46200561523438,0,1,8,0
2,rank2,45,tx_ready_poll,10,0.019,0.003,96.415,112.07699584960938,1,9,0,0
2,rank2,45,self_copy,1,0.836,0.836,112.588,113.42398071289062,5632,0,0,0
2,rank2,45,udma_post,8,9.468,1.612,97.566,111.8489990234375,45056,8,1,0
2,rank2,45,udma_quiet,5,4.366,1.102,115.645,121.072998046875,5,0,0,0
2,rank2,45,local_rx_wait,1,0.519,0.519,121.704,122.22299194335938,0,0,0,0
2,rank2,45,round_publish,1,5.112,5.112,129.163,134.27499389648438,1,64,1,1
2,rank2,45,global_round_wait,1,3.239,3.239,91.598,94.83700561523438,1,119,0,0
2,rank2,45,start_gate,1,90.332,90.332,1.079,91.41098022460938,1,64,1,1
2,rank2,46,kernel_total,1,42.387,42.387,90.972,133.35897827148438,0,0,0,0
2,rank2,46,send_total,1,24.87,24.87,94.481,119.35098266601562,0,0,0,0
2,rank2,46,tx_meta_scan,9,1.471,0.228,96.474,111.11398315429688,0,2,7,0
2,rank2,46,tx_ready_poll,10,0.018,0.003,95.976,110.718994140625,1,9,0,0
2,rank2,46,self_copy,2,1.534,0.783,99.138,112.02999877929688,11264,0,0,0
2,rank2,46,udma_post,7,7.447,1.381,96.864,110.48098754882812,39424,7,1,0
2,rank2,46,udma_quiet,4,3.992,1.908,114.288,119.07098388671875,4,0,0,0
2,rank2,46,local_rx_wait,1,1.159,1.159,119.484,120.64300537109375,0,0,0,0
2,rank2,46,round_publish,1,3.913,3.913,129.175,133.08798217773438,1,64,1,1
2,rank2,46,global_round_wait,1,3.3,3.3,91.066,94.36599731445312,1,119,0,0
2,rank2,46,start_gate,1,88.876,88.876,2.002,90.87799072265625,1,64,1,1
2,rank2,47,kernel_total,1,42.64,42.64,91.451,134.09100341796875,0,0,0,0
2,rank2,47,send_total,1,26.544,26.544,94.568,121.11199951171875,0,0,0,0
2,rank2,47,tx_meta_scan,9,1.599,0.29,96.658,111.302978515625,0,1,8,0
2,rank2,47,tx_ready_poll,10,0.016,0.003,96.062,110.96499633789062,1,9,0,0
2,rank2,47,self_copy,1,0.912,0.912,99.818,100.72998046875,5632,0,0,0
2,rank2,47,udma_post,8,8.729,1.651,97.273,112.56597900390625,45056,8,1,0
2,rank2,47,udma_quiet,6,4.75,1.252,114.807,120.83999633789062,6,0,0,0
2,rank2,47,local_rx_wait,1,2.981,2.981,121.243,124.2239990234375,0,0,0,0
2,rank2,47,round_publish,1,4.69,4.69,129.129,133.81900024414062,1,64,1,1
2,rank2,47,global_round_wait,1,2.911,2.911,91.545,94.45599365234375,1,119,0,0
2,rank2,47,start_gate,1,90.31,90.31,1.043,91.35299682617188,1,64,1,1
2,rank2,48,kernel_total,1,42.958,42.958,90.914,133.87197875976562,0,0,0,0
2,rank2,48,send_total,1,24.835,24.835,94.561,119.39599609375,0,0,0,0
2,rank2,48,tx_meta_scan,9,1.537,0.236,96.625,111.22900390625,0,3,6,0
2,rank2,48,tx_ready_poll,10,0.022,0.003,96.062,110.84197998046875,1,9,0,0
2,rank2,48,self_copy,3,2.557,0.99,99.454,110.60198974609375,16896,0,0,0
2,rank2,48,udma_post,6,6.549,1.5,97.134,112.2919921875,33792,6,1,0
2,rank2,48,udma_quiet,4,3.746,1.202,114.562,119.12197875976562,4,0,0,0
2,rank2,48,local_rx_wait,1,7.62,7.62,119.545,127.16497802734375,0,0,0,0
2,rank2,48,round_publish,1,4.443,4.443,129.117,133.55999755859375,1,64,1,1
2,rank2,48,global_round_wait,1,3.443,3.443,91.007,94.44998168945312,1,119,0,0
2,rank2,48,start_gate,1,90.045,90.045,0.775,90.82000732421875,1,64,1,1
2,rank2,49,kernel_total,1,42.808,42.808,90.847,133.65499877929688,0,0,0,0
2,rank2,49,send_total,1,23.76,23.76,94.468,118.22799682617188,0,0,0,0
2,rank2,49,tx_meta_scan,9,1.449,0.186,96.225,111.17300415039062,0,3,6,0
2,rank2,49,tx_ready_poll,9,0.02,0.003,95.978,110.86398315429688,0,9,0,0
2,rank2,49,self_copy,3,2.434,0.824,99.011,112.08200073242188,16896,0,0,0
2,rank2,49,udma_post,6,7.171,1.597,96.565,110.625,33792,6,1,0
2,rank2,49,udma_quiet,4,3.682,1.198,113.512,117.94000244140625,4,0,0,0
2,rank2,49,local_rx_wait,1,2.41,2.41,118.382,120.7919921875,0,0,0,0
2,rank2,49,round_publish,1,4.133,4.133,129.213,133.34597778320312,1,64,1,1
2,rank2,49,global_round_wait,1,3.416,3.416,90.94,94.35598754882812,1,119,0,0
2,rank2,49,start_gate,1,88.901,88.901,1.848,90.74899291992188,1,64,1,1
2,rank2,50,kernel_total,1,31.176,31.176,91.104,122.27999877929688,0,0,0,0
2,rank2,50,send_total,1,26.293,26.293,94.827,121.1199951171875,0,0,0,0
2,rank2,50,tx_meta_scan,9,1.507,0.218,96.601,111.29800415039062,0,0,9,0
2,rank2,50,tx_ready_poll,9,0.013,0.003,96.315,110.99600219726562,0,9,0,0
2,rank2,50,udma_post,9,9.95,1.401,96.939,112.5159912109375,50688,9,1,0
2,rank2,50,udma_quiet,6,5.503,1.268,113.967,120.86798095703125,6,0,0,0
2,rank2,50,local_rx_wait,1,0.538,0.538,121.282,121.82000732421875,0,0,0,0
2,rank2,50,global_round_wait,1,3.523,3.523,91.197,94.72000122070312,0,0,0,0
2,rank2,50,start_gate,1,90.477,90.477,0.524,91.00100708007812,0,0,0,0
2,rank2,51,kernel_total,1,34.261,34.261,91.2,125.46099853515625,0,0,0,0
2,rank2,51,send_total,1,26.864,26.864,94.642,121.5059814453125,0,0,0,0
2,rank2,51,tx_meta_scan,9,1.576,0.239,96.411,111.96499633789062,0,1,8,0
2,rank2,51,tx_ready_poll,9,0.014,0.003,96.149,111.64498901367188,0,9,0,0
2,rank2,51,self_copy,1,0.882,0.882,104.852,105.73397827148438,5632,0,0,0
2,rank2,51,udma_post,8,9.816,1.755,96.803,113.10897827148438,45056,8,1,0
2,rank2,51,udma_quiet,6,5.396,1.37,114.537,121.25100708007812,6,0,0,0
2,rank2,51,local_rx_wait,1,3.383,3.383,121.659,125.0419921875,0,0,0,0
2,rank2,51,global_round_wait,1,3.242,3.242,91.293,94.53500366210938,0,0,0,0
2,rank2,51,start_gate,1,90.954,90.954,0.142,91.09597778320312,0,0,0,0
2,rank2,52,kernel_total,1,33.98,33.98,90.733,124.71298217773438,0,0,0,0
2,rank2,52,send_total,1,26.655,26.655,94.706,121.36099243164062,0,0,0,0
2,rank2,52,tx_meta_scan,9,1.496,0.212,96.458,111.76998901367188,0,1,8,0
2,rank2,52,tx_ready_poll,9,0.019,0.003,96.212,111.44000244140625,0,9,0,0
2,rank2,52,self_copy,1,0.872,0.872,96.886,97.75799560546875,5632,0,0,0
2,rank2,52,udma_post,8,9.215,1.479,98.542,112.82998657226562,45056,8,1,0
2,rank2,52,udma_quiet,5,5.756,2.358,114.257,121.11798095703125,5,0,0,0
2,rank2,52,local_rx_wait,1,2.739,2.739,121.536,124.27499389648438,0,0,0,0
2,rank2,52,global_round_wait,1,3.768,3.768,90.826,94.593994140625,0,0,0,0
2,rank2,52,start_gate,1,90.388,90.388,0.242,90.6300048828125,0,0,0,0
2,rank2,53,kernel_total,1,30.388,30.388,91.639,122.0269775390625,0,0,0,0
2,rank2,53,send_total,1,26.08,26.08,94.929,121.00900268554688,0,0,0,0
2,rank2,53,tx_meta_scan,9,1.555,0.248,96.767,112.11798095703125,0,1,8,0
2,rank2,53,tx_ready_poll,9,0.015,0.003,96.448,111.81298828125,0,9,0,0
2,rank2,53,self_copy,1,0.778,0.778,112.238,113.0159912109375,5632,0,0,0
2,rank2,53,udma_post,8,9.556,1.609,97.206,111.56399536132812,45056,8,1,0
2,rank2,53,udma_quiet,5,5.3,1.81,114.334,120.75698852539062,5,0,0,0
2,rank2,53,local_rx_wait,1,0.412,0.412,121.172,121.583984375,0,0,0,0
2,rank2,53,global_round_wait,1,3.086,3.086,91.732,94.8179931640625,0,0,0,0
2,rank2,53,start_gate,1,89.564,89.564,1.972,91.53598022460938,0,0,0,0
2,rank2,54,kernel_total,1,34.29,34.29,91.366,125.656005859375,0,0,0,0
2,rank2,54,send_total,1,26.878,26.878,94.975,121.85299682617188,0,0,0,0
2,rank2,54,tx_meta_scan,9,1.574,0.219,97.072,112.28997802734375,0,2,7,0
2,rank2,54,tx_ready_poll,10,0.016,0.003,96.484,111.84597778320312,1,9,0,0
2,rank2,54,self_copy,2,1.701,0.857,97.383,108.15499877929688,11264,0,0,0
2,rank2,54,udma_post,7,8.15,1.568,99.169,113.31597900390625,39424,7,1,0
2,rank2,54,udma_quiet,6,4.676,0.964,115.565,121.6099853515625,6,0,0,0
2,rank2,54,local_rx_wait,1,3.243,3.243,121.992,125.2349853515625,0,0,0,0
2,rank2,54,global_round_wait,1,3.404,3.404,91.459,94.86300659179688,0,0,0,0
2,rank2,54,start_gate,1,89.319,89.319,1.944,91.26300048828125,0,0,0,0
2,rank2,55,kernel_total,1,30.289,30.289,90.767,121.05599975585938,0,0,0,0
2,rank2,55,send_total,1,25.447,25.447,94.522,119.968994140625,0,0,0,0
2,rank2,55,tx_meta_scan,9,1.669,0.269,96.728,111.79498291015625,0,3,6,0
2,rank2,55,tx_ready_poll,10,0.019,0.003,96.074,111.40499877929688,1,9,0,0
2,rank2,55,self_copy,3,2.412,0.834,101.952,109.69500732421875,16896,0,0,0
2,rank2,55,udma_post,6,7.039,1.85,97.396,112.77297973632812,33792,6,1,0
2,rank2,55,udma_quiet,4,3.852,1.1,115.022,119.69598388671875,4,0,0,0
2,rank2,55,local_rx_wait,1,0.414,0.414,120.106,120.51998901367188,0,0,0,0
2,rank2,55,global_round_wait,1,3.555,3.555,90.86,94.41497802734375,0,0,0,0
2,rank2,55,start_gate,1,90.268,90.268,0.4,90.66799926757812,0,0,0,0
2,rank2,56,kernel_total,1,33.018,33.018,91.182,124.19998168945312,0,0,0,0
2,rank2,56,send_total,1,25.763,25.763,94.748,120.510986328125,0,0,0,0
2,rank2,56,tx_meta_scan,9,1.481,0.196,96.991,112.31198120117188,0,2,7,0
2,rank2,56,tx_ready_poll,10,0.017,0.003,96.283,112.0419921875,1,9,0,0
2,rank2,56,self_copy,2,2.361,1.289,107.404,110.38198852539062,11264,0,0,0
2,rank2,56,udma_post,7,7.59,1.591,97.339,113.3070068359375,39424,7,1,0
2,rank2,56,udma_quiet,4,4.018,1.457,115.465,120.25299072265625,4,0,0,0
2,rank2,56,local_rx_wait,1,3.142,3.142,120.644,123.78598022460938,0,0,0,0
2,rank2,56,global_round_wait,1,3.362,3.362,91.275,94.63699340820312,0,0,0,0
2,rank2,56,start_gate,1,89.48,89.48,1.599,91.0789794921875,0,0,0,0
2,rank2,57,kernel_total,1,31.369,31.369,90.868,122.23699951171875,0,0,0,0
2,rank2,57,send_total,1,26.687,26.687,94.606,121.29299926757812,0,0,0,0
2,rank2,57,tx_meta_scan,9,1.739,0.333,96.782,112.20700073242188,0,1,8,0
2,rank2,57,tx_ready_poll,10,0.015,0.003,96.161,111.81500244140625,1,9,0,0
2,rank2,57,self_copy,1,0.839,0.839,99.938,100.7769775390625,5632,0,0,0
2,rank2,57,udma_post,8,8.854,1.57,97.499,113.13800048828125,45056,8,1,0
2,rank2,57,udma_quiet,5,4.706,1.251,115.313,121.01998901367188,5,0,0,0
2,rank2,57,local_rx_wait,1,0.307,0.307,121.421,121.72799682617188,0,0,0,0
2,rank2,57,global_round_wait,1,3.534,3.534,90.961,94.4949951171875,0,0,0,0
2,rank2,57,start_gate,1,90.704,90.704,0.066,90.76998901367188,0,0,0,0
2,rank2,58,kernel_total,1,28.84,28.84,90.818,119.65798950195312,0,0,0,0
2,rank2,58,send_total,1,23.593,23.593,94.501,118.093994140625,0,0,0,0
2,rank2,58,tx_meta_scan,8,1.298,0.185,96.324,109.47998046875,0,1,7,0
2,rank2,58,tx_ready_poll,8,0.013,0.002,96.03,109.177978515625,0,8,0,0
2,rank2,58,self_copy,1,0.802,0.802,106.243,107.04498291015625,5632,0,0,0
2,rank2,58,udma_post,7,8.168,1.616,96.66,110.62100219726562,39424,7,1,0
2,rank2,58,udma_quiet,4,4.889,1.769,112.062,117.84197998046875,4,0,0,0
2,rank2,58,local_rx_wait,1,1.026,1.026,118.223,119.24899291992188,0,0,0,0
2,rank2,58,global_round_wait,1,3.483,3.483,90.911,94.39398193359375,0,0,0,0
2,rank2,58,start_gate,1,90.538,90.538,0.176,90.7139892578125,0,0,0,0
2,rank2,59,kernel_total,1,29.231,29.231,91.342,120.572998046875,0,0,0,0
2,rank2,59,send_total,1,24.841,24.841,94.805,119.64599609375,0,0,0,0
2,rank2,59,tx_meta_scan,8,1.547,0.281,96.803,110.54498291015625,0,0,8,0
2,rank2,59,tx_ready_poll,8,0.016,0.003,96.341,110.22900390625,0,8,0,0
2,rank2,59,udma_post,8,9.506,1.622,97.303,111.9530029296875,45056,8,1,0
2,rank2,59,udma_quiet,5,5.001,1.218,113.388,119.3699951171875,5,0,0,0
2,rank2,59,local_rx_wait,1,0.303,0.303,119.769,120.07199096679688,0,0,0,0
2,rank2,59,global_round_wait,1,3.262,3.262,91.436,94.697998046875,0,0,0,0
2,rank2,59,start_gate,1,89.848,89.848,1.391,91.23898315429688,0,0,0,0
2,rank2,60,kernel_total,1,33.112,33.112,91.259,124.37100219726562,0,0,0,0
2,rank2,60,send_total,1,24.248,24.248,94.869,119.11700439453125,0,0,0,0
2,rank2,60,tx_meta_scan,8,1.407,0.201,96.861,110.00698852539062,0,1,7,0
2,rank2,60,tx_ready_poll,8,0.011,0.003,96.438,109.70700073242188,0,8,0,0
2,rank2,60,self_copy,1,0.715,0.715,108.785,109.5,5632,0,0,0
2,rank2,60,udma_post,7,8.338,1.596,97.463,111.34698486328125,39424,7,1,0
2,rank2,60,udma_quiet,6,4.779,1.122,112.765,118.85699462890625,6,0,0,0
2,rank2,60,local_rx_wait,1,4.667,4.667,119.279,123.94598388671875,0,0,0,0
2,rank2,60,global_round_wait,1,3.405,3.405,91.353,94.75799560546875,0,0,0,0
2,rank2,60,start_gate,1,90.062,90.062,1.094,91.156005859375,0,0,0,0
2,rank2,61,kernel_total,1,28.189,28.189,91.931,120.1199951171875,0,0,0,0
2,rank2,61,send_total,1,22.674,22.674,94.726,117.39999389648438,0,0,0,0
2,rank2,61,tx_meta_scan,8,1.499,0.217,96.741,110.06399536132812,0,1,7,0
2,rank2,61,tx_ready_poll,8,0.018,0.003,96.274,109.73599243164062,0,8,0,0
2,rank2,61,self_copy,1,0.743,0.743,107.184,107.927001953125,5632,0,0,0
2,rank2,61,udma_post,7,8.115,1.596,97.198,111.11398315429688,39424,7,1,0
2,rank2,61,udma_quiet,4,3.848,1.202,112.512,117.12600708007812,4,0,0,0
2,rank2,61,local_rx_wait,1,2.146,2.146,117.546,119.69198608398438,0,0,0,0
2,rank2,61,global_round_wait,1,2.591,2.591,92.024,94.614990234375,0,0,0,0
2,rank2,61,start_gate,1,91.356,91.356,0.477,91.8330078125,0,0,0,0
2,rank2,62,kernel_total,1,35.003,35.003,90.965,125.96798706054688,0,0,0,0
2,rank2,62,send_total,1,25.565,25.565,94.671,120.23599243164062,0,0,0,0
2,rank2,62,tx_meta_scan,8,1.287,0.178,97.103,110.927978515625,0,0,8,0
2,rank2,62,tx_ready_poll,10,0.02,0.004,96.228,110.66299438476562,2,8,0,0
2,rank2,62,udma_post,8,9.446,1.749,97.612,112.29299926757812,45056,8,1,0
2,rank2,62,udma_quiet,5,4.552,1.302,114.391,119.9539794921875,5,0,0,0
2,rank2,62,local_rx_wait,1,5.188,5.188,120.365,125.552978515625,0,0,0,0
2,rank2,62,global_round_wait,1,3.505,3.505,91.059,94.56399536132812,0,0,0,0
2,rank2,62,start_gate,1,90.042,90.042,0.821,90.86300659179688,0,0,0,0
2,rank2,63,kernel_total,1,30.182,30.182,91.384,121.56597900390625,0,0,0,0
2,rank2,63,send_total,1,26.169,26.169,94.622,120.79098510742188,0,0,0,0
2,rank2,63,tx_meta_scan,8,1.425,0.243,96.854,111.13400268554688,0,1,7,0
2,rank2,63,tx_ready_poll,9,0.016,0.003,96.195,110.72900390625,1,8,0,0
2,rank2,63,self_copy,1,0.727,0.727,109.683,110.41000366210938,5632,0,0,0
2,rank2,63,udma_post,7,8.277,1.677,97.523,112.35299682617188,39424,7,1,0
2,rank2,63,udma_quiet,5,5.06,1.328,114.49,120.5269775390625,5,0,0,0
2,rank2,63,local_rx_wait,1,0.217,0.217,120.925,121.14199829101562,0,0,0,0
2,rank2,63,global_round_wait,1,2.943,2.943,91.568,94.510986328125,0,0,0,0
2,rank2,63,start_gate,1,91.29,91.29,0.0,91.28997802734375,0,0,0,0
3,rank3,0,kernel_total,1,6.838,6.838,121.941,128.77899169921875,0,0,0,0
3,rank3,0,pack_total,1,5.737,5.737,122.036,127.77301025390625,0,0,0,0
3,rank3,0,pack_input_wait,4,0.09,0.023,122.339,125.74700927734375,40960,0,0,0
3,rank3,0,pack_quantize,4,1.241,0.34,122.434,126.14999389648438,20480,44,0,0
3,rank3,0,pack_tx_publish,4,0.943,0.239,123.87,127.4429931640625,0,4,4,256
3,rank3,0,receive_total,1,0.595,0.595,128.002,128.59701538085938,0,0,0,0
3,rank3,0,start_gate,1,120.701,120.701,1.139,121.83999633789062,0,0,0,0
3,rank3,0,pack_tx_data_submit,4,0.082,0.021,122.882,126.3070068359375,22528,0,0,0
3,rank3,0,pack_first_tx_ready,1,2.188,2.188,122.048,124.23599243164062,0,0,0,0
3,rank3,0,pack_mte3_exposed_wait,4,0.008,0.003,123.783,126.95498657226562,22528,0,0,0
3,rank3,1,kernel_total,1,29.38,29.38,122.013,151.39300537109375,0,0,0,0
3,rank3,1,pack_total,1,6.908,6.908,122.107,129.0150146484375,0,0,0,0
3,rank3,1,pack_input_wait,5,0.11,0.022,122.412,127.10598754882812,51200,0,0,0
3,rank3,1,pack_quantize,5,1.554,0.342,122.512,127.53399658203125,25600,55,0,0
3,rank3,1,pack_tx_publish,5,1.067,0.24,123.945,128.70001220703125,0,5,5,320
3,rank3,1,receive_total,1,22.002,22.002,129.213,151.21499633789062,0,0,0,0
3,rank3,1,rx_flag_poll_wait,1,16.76,16.76,129.597,146.35699462890625,11,38,32,418
3,rank3,1,rx_unpack_wait,6,1.232,0.354,146.638,149.90301513671875,31680,0,0,0
3,rank3,1,rx_unpack_dequant_clear,7,0.633,0.154,147.152,150.29800415039062,30720,66,0,0
3,rank3,1,rx_output,1,0.353,0.353,150.399,150.75201416015625,10240,0,0,0
3,rank3,1,start_gate,1,119.712,119.712,2.199,121.9110107421875,0,0,0,0
3,rank3,1,pack_tx_data_submit,5,0.103,0.021,122.951,127.69000244140625,28160,0,0,0
3,rank3,1,pack_first_tx_ready,1,2.191,2.191,122.12,124.31100463867188,4,0,0,0
3,rank3,1,pack_mte3_exposed_wait,5,0.01,0.003,123.859,128.33599853515625,28160,0,0,0
3,rank3,2,kernel_total,1,26.432,26.432,121.775,148.20700073242188,0,0,0,0
3,rank3,2,pack_total,1,5.648,5.648,121.869,127.51699829101562,0,0,0,0
3,rank3,2,pack_input_wait,4,0.091,0.023,122.248,125.50201416015625,40960,0,0,0
3,rank3,2,pack_quantize,4,1.234,0.334,122.343,125.90899658203125,20480,44,0,0
3,rank3,2,pack_tx_publish,4,0.689,0.235,123.767,127.08499145507812,0,4,4,256
3,rank3,2,receive_total,1,20.281,20.281,127.761,148.0419921875,0,0,0,0
3,rank3,2,rx_flag_poll_wait,1,15.056,15.056,128.171,143.22698974609375,10,34,28,374
3,rank3,2,rx_unpack_wait,6,1.162,0.332,143.503,146.72601318359375,31680,0,0,0
3,rank3,2,rx_unpack_dequant_clear,7,0.652,0.155,143.995,147.1199951171875,30720,66,0,0
3,rank3,2,rx_output,1,0.345,0.345,147.224,147.56900024414062,10240,0,0,0
3,rank3,2,start_gate,1,118.961,118.961,2.713,121.67401123046875,0,0,0,0
3,rank3,2,pack_tx_data_submit,4,0.082,0.021,122.785,126.06698608398438,22528,0,0,0
3,rank3,2,pack_first_tx_ready,1,2.239,2.239,121.882,124.12100219726562,9,0,0,0
3,rank3,2,pack_mte3_exposed_wait,4,0.009,0.003,123.68,126.71099853515625,22528,0,0,0
3,rank3,3,kernel_total,1,34.945,34.945,121.917,156.86199951171875,0,0,0,0
3,rank3,3,pack_total,1,6.793,6.793,122.012,128.80499267578125,0,0,0,0
3,rank3,3,pack_input_wait,5,0.112,0.023,122.317,126.87100219726562,51200,0,0,0
3,rank3,3,pack_quantize,5,1.557,0.339,122.417,127.29598999023438,25600,55,0,0
3,rank3,3,pack_tx_publish,5,0.976,0.239,123.826,128.47799682617188,0,5,5,320
3,rank3,3,receive_total,1,27.701,27.701,128.996,156.69699096679688,0,0,0,0
3,rank3,3,rx_flag_poll_wait,1,22.725,22.725,129.383,152.10800170898438,24,53,47,583
3,rank3,3,rx_unpack_wait,6,0.967,0.309,152.395,155.38900756835938,31680,0,0,0
3,rank3,3,rx_unpack_dequant_clear,7,0.633,0.151,152.862,155.77999877929688,30720,66,0,0
3,rank3,3,rx_output,1,0.35,0.35,155.873,156.22299194335938,10240,0,0,0
3,rank3,3,start_gate,1,119.012,119.012,2.804,121.81600952148438,0,0,0,0
3,rank3,3,pack_tx_data_submit,5,0.103,0.021,122.852,127.45199584960938,28160,0,0,0
3,rank3,3,pack_first_tx_ready,1,2.16,2.16,122.025,124.18499755859375,13,0,0,0
3,rank3,3,pack_mte3_exposed_wait,5,0.011,0.003,123.739,127.99600219726562,28160,0,0,0
3,rank3,4,kernel_total,1,6.809,6.809,121.891,128.70001220703125,0,0,0,0
3,rank3,4,pack_total,1,5.72,5.72,121.986,127.70599365234375,0,0,0,0
3,rank3,4,pack_input_wait,4,0.089,0.023,122.293,125.6719970703125,40960,0,0,0
3,rank3,4,pack_quantize,4,1.244,0.338,122.393,126.08099365234375,20480,44,0,0
3,rank3,4,pack_tx_publish,4,0.89,0.226,123.824,127.3489990234375,0,4,4,256
3,rank3,4,receive_total,1,0.586,0.586,127.933,128.51901245117188,0,0,0,0
3,rank3,4,start_gate,1,120.054,120.054,1.736,121.79000854492188,0,0,0,0
3,rank3,4,pack_tx_data_submit,4,0.082,0.021,122.838,126.239013671875,22528,0,0,0
3,rank3,4,pack_first_tx_ready,1,2.172,2.172,121.999,124.17098999023438,18,0,0,0
3,rank3,4,pack_mte3_exposed_wait,4,0.01,0.004,123.733,126.86801147460938,22528,0,0,0
3,rank3,5,kernel_total,1,29.627,29.627,121.798,151.42498779296875,0,0,0,0
3,rank3,5,pack_total,1,6.952,6.952,121.892,128.843994140625,0,0,0,0
3,rank3,5,pack_input_wait,5,0.111,0.023,122.198,126.79598999023438,51200,0,0,0
3,rank3,5,pack_quantize,5,1.546,0.327,122.298,127.22000122070312,25600,55,0,0
3,rank3,5,pack_tx_publish,5,1.11,0.225,123.699,128.49798583984375,0,5,5,320
3,rank3,5,receive_total,1,22.21,22.21,129.032,151.24200439453125,0,0,0,0
3,rank3,5,rx_flag_poll_wait,1,17.149,17.149,129.425,146.57400512695312,12,41,35,451
3,rank3,5,rx_unpack_wait,6,1.04,0.415,146.858,149.95700073242188,31680,0,0,0
3,rank3,5,rx_unpack_dequant_clear,7,0.657,0.175,147.426,150.34701538085938,30720,66,0,0
3,rank3,5,rx_output,1,0.341,0.341,150.447,150.78799438476562,10240,0,0,0
3,rank3,5,start_gate,1,119.124,119.124,2.572,121.69601440429688,0,0,0,0
3,rank3,5,pack_tx_data_submit,5,0.105,0.021,122.721,127.37200927734375,28160,0,0,0
3,rank3,5,pack_first_tx_ready,1,2.139,2.139,121.905,124.04400634765625,22,0,0,0
3,rank3,5,pack_mte3_exposed_wait,5,0.01,0.003,123.613,128.0,28160,0,0,0
3,rank3,6,kernel_total,1,30.432,30.432,122.136,152.5679931640625,0,0,0,0
3,rank3,6,pack_total,1,6.676,6.676,122.231,128.90701293945312,0,0,0,0
3,rank3,6,pack_input_wait,5,0.114,0.023,122.536,127.04299926757812,51200,0,0,0
3,rank3,6,pack_quantize,5,1.544,0.322,122.636,127.46499633789062,25600,55,0,0
3,rank3,6,pack_tx_publish,5,0.871,0.229,124.043,128.5830078125,0,5,5,320
3,rank3,6,receive_total,1,23.306,23.306,129.092,152.39801025390625,0,0,0,0
3,rank3,6,rx_flag_poll_wait,1,18.273,18.273,129.473,147.74600219726562,14,42,36,462
3,rank3,6,rx_unpack_wait,6,1.001,0.37,148.033,151.06399536132812,31680,0,0,0
3,rank3,6,rx_unpack_dequant_clear,7,0.636,0.154,148.559,151.45498657226562,30720,66,0,0
3,rank3,6,rx_output,1,0.348,0.348,151.553,151.9010009765625,10240,0,0,0
3,rank3,6,start_gate,1,120.137,120.137,1.898,122.03500366210938,0,0,0,0
3,rank3,6,pack_tx_data_submit,5,0.103,0.021,123.054,127.61599731445312,28160,0,0,0
3,rank3,6,pack_first_tx_ready,1,2.152,2.152,122.244,124.39599609375,27,0,0,0
3,rank3,6,pack_mte3_exposed_wait,5,0.011,0.003,123.952,128.11700439453125,28160,0,0,0
3,rank3,7,kernel_total,1,27.783,27.783,121.489,149.27200317382812,0,0,0,0
3,rank3,7,pack_total,1,5.794,5.794,121.584,127.37799072265625,0,0,0,0
3,rank3,7,pack_input_wait,4,0.088,0.022,121.89,125.19000244140625,40960,0,0,0
3,rank3,7,pack_quantize,4,1.235,0.327,121.989,125.59701538085938,20480,44,0,0
3,rank3,7,pack_tx_publish,4,0.82,0.212,123.404,126.9639892578125,0,4,4,256
3,rank3,7,receive_total,1,21.516,21.516,127.587,149.10299682617188,0,0,0,0
3,rank3,7,rx_flag_poll_wait,1,16.423,16.423,127.967,144.3900146484375,16,37,31,407
3,rank3,7,rx_unpack_wait,6,1.085,0.342,144.683,147.79901123046875,31680,0,0,0
3,rank3,7,rx_unpack_dequant_clear,7,0.643,0.16,145.181,148.18499755859375,30720,66,0,0
3,rank3,7,rx_output,1,0.348,0.348,148.289,148.63699340820312,10240,0,0,0
3,rank3,7,start_gate,1,120.307,120.307,1.081,121.38800048828125,0,0,0,0
3,rank3,7,pack_tx_data_submit,4,0.083,0.021,122.424,125.75399780273438,22528,0,0,0
3,rank3,7,pack_first_tx_ready,1,2.135,2.135,121.597,123.73199462890625,32,0,0,0
3,rank3,7,pack_mte3_exposed_wait,4,0.009,0.003,123.317,126.37899780273438,22528,0,0,0
3,rank3,8,kernel_total,1,7.895,7.895,121.722,129.61700439453125,0,0,0,0
3,rank3,8,pack_total,1,6.893,6.893,121.817,128.70999145507812,0,0,0,0
3,rank3,8,pack_input_wait,5,0.113,0.023,122.121,126.72698974609375,51200,0,0,0
3,rank3,8,pack_quantize,5,1.548,0.329,122.221,127.15301513671875,25600,55,0,0
3,rank3,8,pack_tx_publish,5,1.087,0.221,123.629,128.3900146484375,0,5,5,320
3,rank3,8,receive_total,1,0.532,0.532,128.9,129.4320068359375,0,0,0,0
3,rank3,8,start_gate,1,119.69,119.69,1.931,121.62100219726562,0,0,0,0
3,rank3,8,pack_tx_data_submit,5,0.103,0.021,122.646,127.30401611328125,28160,0,0,0
3,rank3,8,pack_first_tx_ready,1,2.142,2.142,121.829,123.97100830078125,36,0,0,0
3,rank3,8,pack_mte3_exposed_wait,5,0.01,0.003,123.542,127.9429931640625,28160,0,0,0
3,rank3,9,kernel_total,1,29.128,29.128,122.058,151.18600463867188,0,0,0,0
3,rank3,9,pack_total,1,5.531,5.531,122.152,127.68301391601562,0,0,0,0
3,rank3,9,pack_input_wait,4,0.089,0.023,122.458,125.6929931640625,40960,0,0,0
3,rank3,9,pack_quantize,4,1.236,0.331,122.553,126.10699462890625,20480,44,0,0
3,rank3,9,pack_tx_publish,4,0.661,0.221,123.956,127.27398681640625,0,4,4,256
3,rank3,9,receive_total,1,23.092,23.092,127.904,150.99600219726562,0,0,0,0
3,rank3,9,rx_flag_poll_wait,1,18.166,18.166,128.338,146.50399780273438,13,42,36,462
3,rank3,9,rx_unpack_wait,6,0.988,0.327,146.784,149.82998657226562,31680,0,0,0
3,rank3,9,rx_unpack_dequant_clear,7,0.656,0.175,147.255,150.22000122070312,30720,66,0,0
3,rank3,9,rx_output,1,0.349,0.349,150.317,150.666015625,10240,0,0,0
3,rank3,9,start_gate,1,119.994,119.994,1.958,121.95199584960938,0,0,0,0
3,rank3,9,pack_tx_data_submit,4,0.082,0.021,122.98,126.26699829101562,22528,0,0,0
3,rank3,9,pack_first_tx_ready,1,2.133,2.133,122.165,124.29800415039062,41,0,0,0
3,rank3,9,pack_mte3_exposed_wait,4,0.009,0.003,123.869,126.89898681640625,22528,0,0,0
3,rank3,10,kernel_total,1,31.331,31.331,121.583,152.91400146484375,0,0,0,0
3,rank3,10,pack_total,1,6.582,6.582,121.677,128.25900268554688,0,0,0,0
3,rank3,10,pack_input_wait,5,0.115,0.023,121.981,126.50201416015625,51200,0,0,0
3,rank3,10,pack_quantize,5,1.598,0.368,122.076,126.93399047851562,25600,55,0,0
3,rank3,10,pack_tx_publish,5,0.73,0.22,123.525,127.93600463867188,0,5,5,320
3,rank3,10,receive_total,1,24.279,24.279,128.454,152.73300170898438,0,0,0,0
3,rank3,10,rx_flag_poll_wait,1,19.139,19.139,128.823,147.96200561523438,15,46,40,506
3,rank3,10,rx_unpack_wait,6,1.134,0.332,148.247,151.416015625,31680,0,0,0
3,rank3,10,rx_unpack_dequant_clear,7,0.648,0.167,148.722,151.80801391601562,30720,66,0,0
3,rank3,10,rx_output,1,0.346,0.346,151.905,152.25100708007812,10240,0,0,0
3,rank3,10,start_gate,1,118.653,118.653,2.823,121.47601318359375,0,0,0,0
3,rank3,10,pack_tx_data_submit,5,0.103,0.021,122.541,127.08599853515625,28160,0,0,0
3,rank3,10,pack_first_tx_ready,1,2.179,2.179,121.689,123.86801147460938,45,0,0,0
3,rank3,10,pack_mte3_exposed_wait,5,0.01,0.003,123.438,127.61199951171875,28160,0,0,0
3,rank3,11,kernel_total,1,28.217,28.217,121.555,149.77200317382812,0,0,0,0
3,rank3,11,pack_total,1,5.794,5.794,121.649,127.4429931640625,0,0,0,0
3,rank3,11,pack_input_wait,4,0.089,0.023,121.954,125.33700561523438,40960,0,0,0
3,rank3,11,pack_quantize,4,1.238,0.337,122.049,125.74700927734375,20480,44,0,0
3,rank3,11,pack_tx_publish,4,0.633,0.221,123.474,126.92300415039062,0,4,4,256
3,rank3,11,receive_total,1,21.921,21.921,127.668,149.5889892578125,0,0,0,0
3,rank3,11,rx_flag_poll_wait,1,16.878,16.878,128.08,144.9580078125,13,38,32,418
3,rank3,11,rx_unpack_wait,6,0.946,0.323,145.262,148.31698608398438,31680,0,0,0
3,rank3,11,rx_unpack_dequant_clear,7,0.679,0.197,145.755,148.70901489257812,30720,66,0,0
3,rank3,11,rx_output,1,0.332,0.332,148.806,149.13800048828125,10240,0,0,0
3,rank3,11,start_gate,1,118.684,118.684,2.769,121.4530029296875,0,0,0,0
3,rank3,11,pack_tx_data_submit,4,0.082,0.021,122.483,125.906005859375,22528,0,0,0
3,rank3,11,pack_first_tx_ready,1,2.161,2.161,121.662,123.822998046875,50,0,0,0
3,rank3,11,pack_mte3_exposed_wait,4,0.01,0.003,123.384,126.42401123046875,22528,0,0,0
3,rank3,12,kernel_total,1,8.012,8.012,122.162,130.17401123046875,0,0,0,0
3,rank3,12,pack_total,1,7.019,7.019,122.257,129.2760009765625,0,0,0,0
3,rank3,12,pack_input_wait,5,0.111,0.023,122.561,127.25399780273438,51200,0,0,0
3,rank3,12,pack_quantize,5,1.558,0.326,122.66,127.6820068359375,25600,55,0,0
3,rank3,12,pack_tx_publish,5,1.179,0.238,124.095,128.95199584960938,0,5,5,320
3,rank3,12,receive_total,1,0.535,0.535,129.467,130.00201416015625,0,0,0,0
3,rank3,12,start_gate,1,120.735,120.735,1.326,122.06100463867188,0,0,0,0
3,rank3,12,pack_tx_data_submit,5,0.103,0.021,123.094,127.83401489257812,28160,0,0,0
3,rank3,12,pack_first_tx_ready,1,2.184,2.184,122.27,124.45401000976562,54,0,0,0
3,rank3,12,pack_mte3_exposed_wait,5,0.011,0.003,124.004,128.48300170898438,28160,0,0,0
3,rank3,13,kernel_total,1,30.141,30.141,121.818,151.95901489257812,0,0,0,0
3,rank3,13,pack_total,1,6.762,6.762,121.912,128.67401123046875,0,0,0,0
3,rank3,13,pack_input_wait,5,0.113,0.023,122.218,126.7650146484375,51200,0,0,0
3,rank3,13,pack_quantize,5,1.552,0.328,122.318,127.20001220703125,25600,55,0,0
3,rank3,13,pack_tx_publish,5,0.937,0.24,123.741,128.35198974609375,0,5,5,320
3,rank3,13,receive_total,1,22.922,22.922,128.865,151.7869873046875,0,0,0,0
3,rank3,13,rx_flag_poll_wait,1,18.053,18.053,129.254,147.3070068359375,9,46,40,506
3,rank3,13,rx_unpack_wait,6,0.886,0.321,147.582,150.5260009765625,31680,0,0,0
3,rank3,13,rx_unpack_dequant_clear,7,0.657,0.174,148.067,150.91799926757812,30720,66,0,0
3,rank3,13,rx_output,1,0.337,0.337,151.011,151.34799194335938,10240,0,0,0
3,rank3,13,start_gate,1,119.183,119.183,2.534,121.71701049804688,0,0,0,0
3,rank3,13,pack_tx_data_submit,5,0.103,0.021,122.743,127.35101318359375,28160,0,0,0
3,rank3,13,pack_first_tx_ready,1,2.185,2.185,121.924,124.1090087890625,59,0,0,0
3,rank3,13,pack_mte3_exposed_wait,5,0.01,0.003,123.651,127.87200927734375,28160,0,0,0
3,rank3,14,kernel_total,1,29.28,29.28,121.654,150.93399047851562,0,0,0,0
3,rank3,14,pack_total,1,5.744,5.744,121.749,127.49301147460938,0,0,0,0
3,rank3,14,pack_input_wait,4,0.091,0.023,122.054,125.41500854492188,40960,0,0,0
3,rank3,14,pack_quantize,4,1.239,0.337,122.154,125.82501220703125,20480,44,0,0
3,rank3,14,pack_tx_publish,4,0.68,0.223,123.59,127.00698852539062,0,4,4,256
3,rank3,14,receive_total,1,23.075,23.075,127.7,150.77499389648438,0,0,0,0
3,rank3,14,rx_flag_poll_wait,1,18.002,18.002,128.111,146.11300659179688,12,44,38,484
3,rank3,14,rx_unpack_wait,6,1.021,0.356,146.404,149.48699951171875,31680,0,0,0
3,rank3,14,rx_unpack_dequant_clear,7,0.637,0.158,146.942,149.88198852539062,30720,66,0,0
3,rank3,14,rx_output,1,0.339,0.339,149.979,150.3179931640625,10240,0,0,0
3,rank3,14,start_gate,1,119.459,119.459,2.094,121.55300903320312,0,0,0,0
3,rank3,14,pack_tx_data_submit,4,0.083,0.021,122.599,125.98501586914062,22528,0,0,0
3,rank3,14,pack_first_tx_ready,1,2.179,2.179,121.761,123.94000244140625,64,0,0,0
3,rank3,14,pack_mte3_exposed_wait,4,0.009,0.003,123.498,126.510986328125,22528,0,0,0
3,rank3,15,kernel_total,1,31.686,31.686,121.541,153.22698974609375,0,0,0,0
3,rank3,15,pack_total,1,6.74,6.74,121.636,128.37600708007812,0,0,0,0
3,rank3,15,pack_input_wait,5,0.111,0.023,121.941,126.46600341796875,51200,0,0,0
3,rank3,15,pack_quantize,5,1.544,0.325,122.04,126.88699340820312,25600,55,0,0
3,rank3,15,pack_tx_publish,5,0.907,0.229,123.455,128.06100463867188,0,5,5,320
3,rank3,15,receive_total,1,24.505,24.505,128.562,153.06698608398438,0,0,0,0
3,rank3,15,rx_flag_poll_wait,1,19.39,19.39,128.999,148.38900756835938,22,46,40,506
3,rank3,15,rx_unpack_wait,6,1.044,0.335,148.681,151.79598999023438,31680,0,0,0
3,rank3,15,rx_unpack_dequant_clear,7,0.643,0.158,149.184,152.19000244140625,30720,66,0,0
3,rank3,15,rx_output,1,0.335,0.335,152.287,152.62200927734375,10240,0,0,0
3,rank3,15,start_gate,1,119.169,119.169,2.266,121.43499755859375,0,0,0,0
3,rank3,15,pack_tx_data_submit,5,0.104,0.021,122.462,127.03900146484375,28160,0,0,0
3,rank3,15,pack_first_tx_ready,1,2.158,2.158,121.649,123.8070068359375,68,0,0,0
3,rank3,15,pack_mte3_exposed_wait,5,0.012,0.003,123.369,127.66299438476562,28160,0,0,0
3,rank3,16,kernel_total,1,6.615,6.615,121.957,128.57199096679688,0,0,0,0
3,rank3,16,pack_total,1,5.556,5.556,122.052,127.60800170898438,0,0,0,0
3,rank3,16,pack_input_wait,4,0.089,0.023,122.358,125.6300048828125,40960,0,0,0
3,rank3,16,pack_quantize,4,1.224,0.323,122.458,126.0369873046875,20480,44,0,0
3,rank3,16,pack_tx_publish,4,0.717,0.237,123.875,127.21200561523438,0,4,4,256
3,rank3,16,receive_total,1,0.572,0.572,127.829,128.4010009765625,0,0,0,0
3,rank3,16,start_gate,1,119.41,119.41,2.446,121.85598754882812,0,0,0,0
3,rank3,16,pack_tx_data_submit,4,0.083,0.021,122.878,126.19400024414062,22528,0,0,0
3,rank3,16,pack_first_tx_ready,1,2.173,2.173,122.064,124.23699951171875,73,0,0,0
3,rank3,16,pack_mte3_exposed_wait,4,0.01,0.003,123.785,126.83999633789062,22528,0,0,0
3,rank3,17,kernel_total,1,31.253,31.253,121.699,152.95199584960938,0,0,0,0
3,rank3,17,pack_total,1,6.616,6.616,121.793,128.40899658203125,0,0,0,0
3,rank3,17,pack_input_wait,5,0.112,0.023,122.097,126.60400390625,51200,0,0,0
3,rank3,17,pack_quantize,5,1.554,0.339,122.196,127.02999877929688,25600,55,0,0
3,rank3,17,pack_tx_publish,5,0.754,0.212,123.614,128.0880126953125,0,5,5,320
3,rank3,17,receive_total,1,24.145,24.145,128.606,152.75100708007812,0,0,0,0
3,rank3,17,rx_flag_poll_wait,1,19.143,19.143,129.049,148.19198608398438,20,44,38,484
3,rank3,17,rx_unpack_wait,6,0.925,0.323,148.481,151.46600341796875,31680,0,0,0
3,rank3,17,rx_unpack_dequant_clear,7,0.654,0.168,148.964,151.85699462890625,30720,66,0,0
3,rank3,17,rx_output,1,0.338,0.338,151.953,152.291015625,10240,0,0,0
3,rank3,17,start_gate,1,119.282,119.282,2.315,121.59701538085938,0,0,0,0
3,rank3,17,pack_tx_data_submit,5,0.103,0.021,122.631,127.1820068359375,28160,0,0,0
3,rank3,17,pack_first_tx_ready,1,2.14,2.14,121.806,123.94601440429688,77,0,0,0
3,rank3,17,pack_mte3_exposed_wait,5,0.012,0.004,123.527,127.7080078125,28160,0,0,0
3,rank3,18,kernel_total,1,25.241,25.241,121.845,147.08599853515625,0,0,0,0
3,rank3,18,pack_total,1,5.469,5.469,121.94,127.40899658203125,0,0,0,0
3,rank3,18,pack_input_wait,4,0.09,0.023,122.246,125.57000732421875,40960,0,0,0
3,rank3,18,pack_quantize,4,1.241,0.342,122.341,125.98098754882812,20480,44,0,0
3,rank3,18,pack_tx_publish,4,0.71,0.224,123.747,127.06100463867188,0,4,4,256
3,rank3,18,receive_total,1,19.294,19.294,127.627,146.92098999023438,0,0,0,0
3,rank3,18,rx_flag_poll_wait,1,14.157,14.157,128.04,142.19699096679688,8,36,30,396
3,rank3,18,rx_unpack_wait,6,1.09,0.311,142.475,145.62298583984375,31680,0,0,0
3,rank3,18,rx_unpack_dequant_clear,7,0.655,0.168,142.949,146.03298950195312,30720,66,0,0
3,rank3,18,rx_output,1,0.342,0.342,146.133,146.47500610351562,10240,0,0,0
3,rank3,18,start_gate,1,119.081,119.081,2.658,121.739013671875,0,0,0,0
3,rank3,18,pack_tx_data_submit,4,0.083,0.021,122.779,126.13800048828125,22528,0,0,0
3,rank3,18,pack_first_tx_ready,1,2.145,2.145,121.953,124.09799194335938,82,0,0,0
3,rank3,18,pack_mte3_exposed_wait,4,0.009,0.003,123.661,126.6820068359375,22528,0,0,0
3,rank3,19,kernel_total,1,29.871,29.871,121.633,151.50399780273438,0,0,0,0
3,rank3,19,pack_total,1,6.824,6.824,121.728,128.552001953125,0,0,0,0
3,rank3,19,pack_input_wait,5,0.112,0.023,122.098,126.63101196289062,51200,0,0,0
3,rank3,19,pack_quantize,5,1.551,0.332,122.198,127.04998779296875,25600,55,0,0
3,rank3,19,pack_tx_publish,5,0.945,0.23,123.607,128.21499633789062,0,5,5,320
3,rank3,19,receive_total,1,22.578,22.578,128.761,151.3389892578125,0,0,0,0
3,rank3,19,rx_flag_poll_wait,1,17.563,17.563,129.201,146.76400756835938,21,42,36,462
3,rank3,19,rx_unpack_wait,6,0.947,0.4,147.043,150.04299926757812,31680,0,0,0
3,rank3,19,rx_unpack_dequant_clear,7,0.64,0.159,147.607,150.43399047851562,30720,66,0,0
3,rank3,19,rx_output,1,0.342,0.342,150.531,150.87298583984375,10240,0,0,0
3,rank3,19,start_gate,1,118.876,118.876,2.651,121.52700805664062,0,0,0,0
3,rank3,19,pack_tx_data_submit,5,0.104,0.021,122.626,127.20199584960938,28160,0,0,0
3,rank3,19,pack_first_tx_ready,1,2.223,2.223,121.741,123.9639892578125,86,0,0,0
3,rank3,19,pack_mte3_exposed_wait,5,0.01,0.003,123.517,127.84100341796875,28160,0,0,0
3,rank3,20,kernel_total,1,29.088,29.088,121.479,150.56698608398438,0,0,0,0
3,rank3,20,pack_total,1,6.592,6.592,121.574,128.166015625,0,0,0,0
3,rank3,20,pack_input_wait,5,0.111,0.023,121.879,126.40899658203125,51200,0,0,0
3,rank3,20,pack_quantize,5,1.567,0.354,121.979,126.83499145507812,25600,55,0,0
3,rank3,20,pack_tx_publish,5,0.755,0.215,123.426,127.84298706054688,0,5,5,320
3,rank3,20,receive_total,1,22.024,22.024,128.363,150.38699340820312,0,0,0,0
3,rank3,20,rx_flag_poll_wait,1,17.03,17.03,128.743,145.77301025390625,18,40,34,440
3,rank3,20,rx_unpack_wait,6,1.103,0.344,146.061,149.23199462890625,31680,0,0,0
3,rank3,20,rx_unpack_dequant_clear,7,0.652,0.172,146.56,149.62200927734375,30720,66,0,0
3,rank3,20,rx_output,1,0.347,0.347,149.719,150.06600952148438,10240,0,0,0
3,rank3,20,start_gate,1,118.505,118.505,2.873,121.37799072265625,0,0,0,0
3,rank3,20,pack_tx_data_submit,5,0.103,0.021,122.43,126.98599243164062,28160,0,0,0
3,rank3,20,pack_first_tx_ready,1,2.174,2.174,121.587,123.760986328125,91,0,0,0
3,rank3,20,pack_mte3_exposed_wait,5,0.011,0.003,123.336,127.5050048828125,28160,0,0,0
3,rank3,21,kernel_total,1,6.921,6.921,121.483,128.40399169921875,0,0,0,0
3,rank3,21,pack_total,1,5.777,5.777,121.578,127.35501098632812,0,0,0,0
3,rank3,21,pack_input_wait,4,0.09,0.023,121.884,125.291015625,40960,0,0,0
3,rank3,21,pack_quantize,4,1.315,0.387,121.983,125.70199584960938,20480,44,0,0
3,rank3,21,pack_tx_publish,4,0.652,0.211,123.458,126.9010009765625,0,4,4,256
3,rank3,21,receive_total,1,0.537,0.537,127.557,128.093994140625,0,0,0,0
3,rank3,21,start_gate,1,118.535,118.535,2.847,121.38198852539062,0,0,0,0
3,rank3,21,pack_tx_data_submit,4,0.083,0.021,122.466,125.86001586914062,22528,0,0,0
3,rank3,21,pack_first_tx_ready,1,2.204,2.204,121.591,123.79501342773438,96,0,0,0
3,rank3,21,pack_mte3_exposed_wait,4,0.009,0.003,123.367,126.38900756835938,22528,0,0,0
3,rank3,22,kernel_total,1,28.962,28.962,121.743,150.70498657226562,0,0,0,0
3,rank3,22,pack_total,1,6.683,6.683,121.838,128.52099609375,0,0,0,0
3,rank3,22,pack_input_wait,5,0.113,0.023,122.143,126.63101196289062,51200,0,0,0
3,rank3,22,pack_quantize,5,1.547,0.336,122.242,127.05099487304688,25600,55,0,0
3,rank3,22,pack_tx_publish,5,0.823,0.206,123.678,128.14999389648438,0,5,5,320
3,rank3,22,receive_total,1,21.81,21.81,128.726,150.5360107421875,0,0,0,0
3,rank3,22,rx_flag_poll_wait,1,16.787,16.787,129.161,145.947998046875,18,39,33,429
3,rank3,22,rx_unpack_wait,6,0.927,0.327,146.225,149.22500610351562,31680,0,0,0
3,rank3,22,rx_unpack_dequant_clear,7,0.666,0.178,146.711,149.61700439453125,30720,66,0,0
3,rank3,22,rx_output,1,0.358,0.358,149.714,150.07199096679688,10240,0,0,0
3,rank3,22,start_gate,1,120.251,120.251,1.391,121.64199829101562,0,0,0,0
3,rank3,22,pack_tx_data_submit,5,0.101,0.021,122.686,127.20599365234375,28160,0,0,0
3,rank3,22,pack_first_tx_ready,1,2.16,2.16,121.85,124.010009765625,100,0,0,0
3,rank3,22,pack_mte3_exposed_wait,5,0.011,0.003,123.587,127.81698608398438,28160,0,0,0
3,rank3,23,kernel_total,1,25.888,25.888,121.98,147.86801147460938,0,0,0,0
3,rank3,23,pack_total,1,5.495,5.495,122.075,127.57000732421875,0,0,0,0
3,rank3,23,pack_input_wait,4,0.089,0.023,122.382,125.60299682617188,40960,0,0,0
3,rank3,23,pack_quantize,4,1.249,0.346,122.482,126.010986328125,20480,44,0,0
3,rank3,23,pack_tx_publish,4,0.615,0.206,123.917,127.114013671875,0,4,4,256
3,rank3,23,receive_total,1,19.899,19.899,127.8,147.69900512695312,0,0,0,0
3,rank3,23,rx_flag_poll_wait,1,14.823,14.823,128.225,143.04800415039062,8,35,29,385
3,rank3,23,rx_unpack_wait,6,1.022,0.319,143.337,146.42901611328125,31680,0,0,0
3,rank3,23,rx_unpack_dequant_clear,7,0.655,0.168,143.816,146.82000732421875,30720,66,0,0
3,rank3,23,rx_output,1,0.343,0.343,146.917,147.260009765625,10240,0,0,0
3,rank3,23,start_gate,1,120.522,120.522,1.357,121.87899780273438,0,0,0,0
3,rank3,23,pack_tx_data_submit,4,0.084,0.021,122.936,126.16900634765625,22528,0,0,0
3,rank3,23,pack_first_tx_ready,1,2.159,2.159,122.087,124.24600219726562,105,0,0,0
3,rank3,23,pack_mte3_exposed_wait,4,0.009,0.003,123.83,126.77999877929688,22528,0,0,0
3,rank3,24,kernel_total,1,27.023,27.023,121.606,148.62899780273438,0,0,0,0
3,rank3,24,pack_total,1,6.783,6.783,121.7,128.48300170898438,0,0,0,0
3,rank3,24,pack_input_wait,5,0.112,0.023,122.005,126.64999389648438,51200,0,0,0
3,rank3,24,pack_quantize,5,1.542,0.333,122.104,127.07501220703125,25600,55,0,0
3,rank3,24,pack_tx_publish,5,0.846,0.241,123.531,128.1400146484375,0,5,5,320
3,rank3,24,receive_total,1,19.767,19.767,128.687,148.45401000976562,0,0,0,0
3,rank3,24,rx_flag_poll_wait,1,14.527,14.527,129.126,143.65301513671875,11,34,28,374
3,rank3,24,rx_unpack_wait,6,1.232,0.32,143.933,147.26199340820312,31680,0,0,0
3,rank3,24,rx_unpack_dequant_clear,7,0.653,0.163,144.429,147.666015625,30720,66,0,0
3,rank3,24,rx_output,1,0.341,0.341,147.763,148.10400390625,10240,0,0,0
3,rank3,24,start_gate,1,120.086,120.086,1.419,121.5050048828125,0,0,0,0
3,rank3,24,pack_tx_data_submit,5,0.104,0.021,122.534,127.23098754882812,28160,0,0,0
3,rank3,24,pack_first_tx_ready,1,2.185,2.185,121.713,123.89801025390625,109,0,0,0
3,rank3,24,pack_mte3_exposed_wait,5,0.01,0.003,123.441,127.76998901367188,28160,0,0,0
3,rank3,25,kernel_total,1,6.806,6.806,121.682,128.48800659179688,0,0,0,0
3,rank3,25,pack_total,1,5.693,5.693,121.776,127.468994140625,0,0,0,0
3,rank3,25,pack_input_wait,4,0.09,0.023,122.079,125.5150146484375,40960,0,0,0
3,rank3,25,pack_quantize,4,1.257,0.341,122.179,125.92300415039062,20480,44,0,0
3,rank3,25,pack_tx_publish,4,0.72,0.24,123.604,126.98599243164062,0,4,4,256
3,rank3,25,receive_total,1,0.587,0.587,127.731,128.3179931640625,0,0,0,0
3,rank3,25,start_gate,1,119.573,119.573,2.003,121.57598876953125,0,0,0,0
3,rank3,25,pack_tx_data_submit,4,0.082,0.021,122.603,126.08499145507812,22528,0,0,0
3,rank3,25,pack_first_tx_ready,1,2.182,2.182,121.789,123.97100830078125,114,0,0,0
3,rank3,25,pack_mte3_exposed_wait,4,0.01,0.003,123.514,126.62200927734375,22528,0,0,0
3,rank3,26,kernel_total,1,32.426,32.426,122.102,154.52801513671875,0,0,0,0
3,rank3,26,pack_total,1,6.879,6.879,122.197,129.07598876953125,0,0,0,0
3,rank3,26,pack_input_wait,5,0.111,0.023,122.579,127.135009765625,51200,0,0,0
3,rank3,26,pack_quantize,5,1.554,0.329,122.678,127.56298828125,25600,55,0,0
3,rank3,26,pack_tx_publish,5,0.958,0.241,124.09,128.75601196289062,0,5,5,320
3,rank3,26,receive_total,1,25.092,25.092,129.269,154.36099243164062,0,0,0,0
3,rank3,26,rx_flag_poll_wait,1,20.042,20.042,129.693,149.73501586914062,25,46,40,506
3,rank3,26,rx_unpack_wait,6,0.953,0.317,150.019,153.02999877929688,31680,0,0,0
3,rank3,26,rx_unpack_dequant_clear,7,0.657,0.166,150.51,153.43399047851562,30720,66,0,0
3,rank3,26,rx_output,1,0.35,0.35,153.541,153.8909912109375,10240,0,0,0
3,rank3,26,start_gate,1,120.887,120.887,1.113,122.0,0,0,0,0
3,rank3,26,pack_tx_data_submit,5,0.104,0.021,123.103,127.73199462890625,28160,0,0,0
3,rank3,26,pack_first_tx_ready,1,2.243,2.243,122.209,124.45199584960938,118,0,0,0
3,rank3,26,pack_mte3_exposed_wait,5,0.01,0.003,123.999,128.39898681640625,28160,0,0,0
3,rank3,27,kernel_total,1,30.851,30.851,121.509,152.36001586914062,0,0,0,0
3,rank3,27,pack_total,1,6.74,6.74,121.604,128.343994140625,0,0,0,0
3,rank3,27,pack_input_wait,5,0.111,0.023,121.907,126.48199462890625,51200,0,0,0
3,rank3,27,pack_quantize,5,1.57,0.332,122.006,126.9110107421875,25600,55,0,0
3,rank3,27,pack_tx_publish,5,0.826,0.241,123.437,128.01901245117188,0,5,5,320
3,rank3,27,receive_total,1,23.66,23.66,128.532,152.19198608398438,0,0,0,0
3,rank3,27,rx_flag_poll_wait,1,18.622,18.622,128.972,147.593994140625,13,47,41,517
3,rank3,27,rx_unpack_wait,6,0.939,0.339,147.86,150.86300659179688,31680,0,0,0
3,rank3,27,rx_unpack_dequant_clear,7,0.647,0.165,148.374,151.24899291992188,30720,66,0,0
3,rank3,27,rx_output,1,0.353,0.353,151.346,151.69900512695312,10240,0,0,0
3,rank3,27,start_gate,1,120.341,120.341,1.067,121.40798950195312,0,0,0,0
3,rank3,27,pack_tx_data_submit,5,0.104,0.021,122.446,127.06298828125,28160,0,0,0
3,rank3,27,pack_first_tx_ready,1,2.188,2.188,121.617,123.80499267578125,123,0,0,0
3,rank3,27,pack_mte3_exposed_wait,5,0.011,0.004,123.351,127.61300659179688,28160,0,0,0
3,rank3,28,kernel_total,1,27.531,27.531,122.025,149.55599975585938,0,0,0,0
3,rank3,28,pack_total,1,5.631,5.631,122.119,127.75,0,0,0,0
3,rank3,28,pack_input_wait,4,0.09,0.023,122.427,125.95498657226562,40960,0,0,0
3,rank3,28,pack_quantize,4,1.372,0.392,122.526,126.36599731445312,20480,44,0,0
3,rank3,28,pack_tx_publish,4,0.727,0.238,124.05,127.41299438476562,0,4,4,256
3,rank3,28,receive_total,1,21.391,21.391,127.978,149.36898803710938,0,0,0,0
3,rank3,28,rx_flag_poll_wait,1,16.511,16.511,128.411,144.9219970703125,13,40,34,440
3,rank3,28,rx_unpack_wait,6,0.905,0.348,145.223,148.2139892578125,31680,0,0,0
3,rank3,28,rx_unpack_dequant_clear,7,0.667,0.18,145.736,148.60501098632812,30720,66,0,0
3,rank3,28,rx_output,1,0.341,0.341,148.702,149.04299926757812,10240,0,0,0
3,rank3,28,start_gate,1,119.703,119.703,2.22,121.92300415039062,0,0,0,0
3,rank3,28,pack_tx_data_submit,4,0.082,0.021,122.973,126.52700805664062,22528,0,0,0
3,rank3,28,pack_first_tx_ready,1,2.282,2.282,122.132,124.41400146484375,128,0,0,0
3,rank3,28,pack_mte3_exposed_wait,4,0.009,0.003,123.963,127.05899047851562,22528,0,0,0
3,rank3,29,kernel_total,1,7.798,7.798,122.076,129.87399291992188,0,0,0,0
3,rank3,29,pack_total,1,6.784,6.784,122.171,128.95498657226562,0,0,0,0
3,rank3,29,pack_input_wait,5,0.114,0.023,122.478,127.0780029296875,51200,0,0,0
3,rank3,29,pack_quantize,5,1.579,0.333,122.578,127.50399780273438,25600,55,0,0
3,rank3,29,pack_tx_publish,5,0.967,0.242,124.027,128.64599609375,0,5,5,320
3,rank3,29,receive_total,1,0.528,0.528,129.158,129.68600463867188,0,0,0,0
3,rank3,29,start_gate,1,119.944,119.944,2.026,121.97000122070312,0,0,0,0
3,rank3,29,pack_tx_data_submit,5,0.103,0.021,123.019,127.656005859375,28160,0,0,0
3,rank3,29,pack_first_tx_ready,1,2.208,2.208,122.184,124.39199829101562,132,0,0,0
3,rank3,29,pack_mte3_exposed_wait,5,0.009,0.003,123.936,128.30099487304688,28160,0,0,0
3,rank3,30,kernel_total,1,28.295,28.295,121.863,150.15798950195312,0,0,0,0
3,rank3,30,pack_total,1,5.682,5.682,121.958,127.6400146484375,0,0,0,0
3,rank3,30,pack_input_wait,4,0.09,0.023,122.263,125.55099487304688,40960,0,0,0
3,rank3,30,pack_quantize,4,1.256,0.344,122.362,125.97000122070312,20480,44,0,0
3,rank3,30,pack_tx_publish,4,0.716,0.236,123.78,127.1669921875,0,4,4,256
3,rank3,30,receive_total,1,22.114,22.114,127.868,149.98199462890625,0,0,0,0
3,rank3,30,rx_flag_poll_wait,1,17.193,17.193,128.299,145.49200439453125,18,40,34,440
3,rank3,30,rx_unpack_wait,6,0.839,0.352,145.781,148.69601440429688,31680,0,0,0
3,rank3,30,rx_unpack_dequant_clear,7,0.661,0.179,146.298,149.08599853515625,30720,66,0,0
3,rank3,30,rx_output,1,0.341,0.341,149.183,149.52398681640625,10240,0,0,0
3,rank3,30,start_gate,1,120.016,120.016,1.741,121.75698852539062,0,0,0,0
3,rank3,30,pack_tx_data_submit,4,0.082,0.021,122.802,126.12899780273438,22528,0,0,0
3,rank3,30,pack_first_tx_ready,1,2.173,2.173,121.97,124.14300537109375,137,0,0,0
3,rank3,30,pack_mte3_exposed_wait,4,0.009,0.004,123.69,126.78900146484375,22528,0,0,0
3,rank3,31,kernel_total,1,29.195,29.195,121.459,150.65399169921875,0,0,0,0
3,rank3,31,pack_total,1,6.9,6.9,121.554,128.45401000976562,0,0,0,0
3,rank3,31,pack_input_wait,5,0.111,0.023,121.859,126.49600219726562,51200,0,0,0
3,rank3,31,pack_quantize,5,1.547,0.331,121.958,126.92498779296875,25600,55,0,0
3,rank3,31,pack_tx_publish,5,0.959,0.251,123.46,128.11099243164062,0,5,5,320
3,rank3,31,receive_total,1,21.824,21.824,128.654,150.47799682617188,0,0,0,0
3,rank3,31,rx_flag_poll_wait,1,16.875,16.875,129.089,145.9639892578125,16,41,35,451
3,rank3,31,rx_unpack_wait,6,0.89,0.302,146.253,149.23800659179688,31680,0,0,0
3,rank3,31,rx_unpack_dequant_clear,7,0.666,0.185,146.744,149.62899780273438,30720,66,0,0
3,rank3,31,rx_output,1,0.377,0.377,149.726,150.10299682617188,10240,0,0,0
3,rank3,31,start_gate,1,119.492,119.492,1.866,121.35800170898438,0,0,0,0
3,rank3,31,pack_tx_data_submit,5,0.104,0.021,122.385,127.093994140625,28160,0,0,0
3,rank3,31,pack_first_tx_ready,1,2.248,2.248,121.566,123.81399536132812,141,0,0,0
3,rank3,31,pack_mte3_exposed_wait,5,0.01,0.003,123.37,127.64199829101562,28160,0,0,0
3,rank3,32,kernel_total,1,35.437,35.437,120.284,155.72100830078125,0,0,0,0
3,rank3,32,pack_total,1,5.601,5.601,120.378,125.97900390625,0,0,0,0
3,rank3,32,pack_input_wait,4,0.089,0.023,120.684,123.95098876953125,40960,0,0,0
3,rank3,32,pack_quantize,4,1.247,0.331,120.779,124.36099243164062,20480,44,0,0
3,rank3,32,pack_tx_publish,4,0.592,0.224,122.213,125.3909912109375,0,4,4,256
3,rank3,32,receive_total,1,29.36,29.36,126.18,155.54000854492188,0,0,0,0
3,rank3,32,rx_flag_poll_wait,1,24.531,24.531,126.593,151.12399291992188,24,59,53,649
3,rank3,32,rx_unpack_wait,6,0.872,0.344,151.401,154.35198974609375,31680,0,0,0
3,rank3,32,rx_unpack_dequant_clear,7,0.66,0.177,151.906,154.739013671875,30720,66,0,0
3,rank3,32,rx_output,1,0.35,0.35,154.846,155.19601440429688,10240,0,0,0
3,rank3,32,start_gate,1,118.834,118.834,1.344,120.17800903320312,0,0,0,0
3,rank3,32,pack_tx_data_submit,4,0.082,0.021,121.218,124.52200317382812,22528,0,0,0
3,rank3,32,pack_first_tx_ready,1,2.171,2.171,120.391,122.56201171875,146,0,0,0
3,rank3,32,pack_mte3_exposed_wait,4,0.01,0.004,122.118,125.05499267578125,22528,0,0,0
3,rank3,33,kernel_total,1,7.331,7.331,120.355,127.68600463867188,0,0,0,0
3,rank3,33,pack_total,1,6.397,6.397,120.449,126.84600830078125,0,0,0,0
3,rank3,33,pack_input_wait,5,0.11,0.022,120.756,125.07400512695312,51200,0,0,0
3,rank3,33,pack_quantize,5,1.565,0.34,120.855,125.5,25600,55,0,0
3,rank3,33,pack_tx_publish,5,0.619,0.126,122.269,126.52099609375,0,5,5,320
3,rank3,33,receive_total,1,0.459,0.459,127.051,127.510009765625,0,0,0,0
3,rank3,33,start_gate,1,118.669,118.669,1.58,120.24899291992188,0,0,0,0
3,rank3,33,pack_tx_data_submit,5,0.103,0.021,121.291,125.6510009765625,28160,0,0,0
3,rank3,33,pack_first_tx_ready,1,2.053,2.053,120.462,122.5150146484375,150,0,0,0
3,rank3,33,pack_mte3_exposed_wait,5,0.011,0.003,122.179,126.17901611328125,28160,0,0,0
3,rank3,34,kernel_total,1,35.974,35.974,120.569,156.54299926757812,0,0,0,0
3,rank3,34,pack_total,1,6.418,6.418,120.664,127.08200073242188,0,0,0,0
3,rank3,34,pack_input_wait,5,0.112,0.023,120.966,125.27999877929688,51200,0,0,0
3,rank3,34,pack_quantize,5,1.538,0.328,121.066,125.70999145507812,25600,55,0,0
3,rank3,34,pack_tx_publish,5,0.557,0.115,122.499,126.74700927734375,0,5,5,320
3,rank3,34,receive_total,1,29.051,29.051,127.301,156.35198974609375,0,0,0,0
3,rank3,34,rx_flag_poll_wait,1,24.176,24.176,127.699,151.875,30,55,49,605
3,rank3,34,rx_unpack_wait,6,0.956,0.324,152.161,155.177001953125,31680,0,0,0
3,rank3,34,rx_unpack_dequant_clear,7,0.661,0.18,152.645,155.56698608398438,30720,66,0,0
3,rank3,34,rx_output,1,0.343,0.343,155.664,156.00698852539062,10240,0,0,0
3,rank3,34,start_gate,1,118.774,118.774,1.688,120.46200561523438,0,0,0,0
3,rank3,34,pack_tx_data_submit,5,0.102,0.021,121.502,125.86199951171875,28160,0,0,0
3,rank3,34,pack_first_tx_ready,1,2.058,2.058,120.676,122.7340087890625,155,0,0,0
3,rank3,34,pack_mte3_exposed_wait,5,0.013,0.004,122.409,126.385986328125,28160,0,0,0
3,rank3,35,kernel_total,1,29.776,29.776,120.687,150.4630126953125,0,0,0,0
3,rank3,35,pack_total,1,5.238,5.238,120.782,126.01998901367188,0,0,0,0
3,rank3,35,pack_input_wait,4,0.091,0.023,121.087,124.2449951171875,40960,0,0,0
3,rank3,35,pack_quantize,4,1.248,0.335,121.187,124.6510009765625,20480,44,0,0
3,rank3,35,pack_tx_publish,4,0.449,0.115,122.609,125.66299438476562,0,4,4,256
3,rank3,35,receive_total,1,24.044,24.044,126.228,150.27200317382812,0,0,0,0
3,rank3,35,rx_flag_poll_wait,1,19.187,19.187,126.629,145.81600952148438,14,47,41,517
3,rank3,35,rx_unpack_wait,6,0.952,0.337,146.098,149.12100219726562,31680,0,0,0
3,rank3,35,rx_unpack_dequant_clear,7,0.664,0.181,146.596,149.510986328125,30720,66,0,0
3,rank3,35,rx_output,1,0.337,0.337,149.608,149.94500732421875,10240,0,0,0
3,rank3,35,start_gate,1,118.901,118.901,1.68,120.58099365234375,0,0,0,0
3,rank3,35,pack_tx_data_submit,4,0.083,0.021,121.619,124.81100463867188,22528,0,0,0
3,rank3,35,pack_first_tx_ready,1,2.057,2.057,120.794,122.85101318359375,160,0,0,0
3,rank3,35,pack_mte3_exposed_wait,4,0.008,0.003,122.519,125.33599853515625,22528,0,0,0
3,rank3,36,kernel_total,1,31.026,31.026,120.668,151.69400024414062,0,0,0,0
3,rank3,36,pack_total,1,6.479,6.479,120.762,127.24099731445312,0,0,0,0
3,rank3,36,pack_input_wait,5,0.113,0.023,121.069,125.38699340820312,51200,0,0,0
3,rank3,36,pack_quantize,5,1.57,0.353,121.163,125.80801391601562,25600,55,0,0
3,rank3,36,pack_tx_publish,5,0.515,0.105,122.609,126.92098999023438,0,5,5,320
3,rank3,36,receive_total,1,24.081,24.081,127.437,151.51800537109375,0,0,0,0
3,rank3,36,rx_flag_poll_wait,1,19.246,19.246,127.852,147.09799194335938,9,47,41,517
3,rank3,36,rx_unpack_wait,6,0.91,0.302,147.371,150.33599853515625,31680,0,0,0
3,rank3,36,rx_unpack_dequant_clear,7,0.656,0.174,147.835,150.73098754882812,30720,66,0,0
3,rank3,36,rx_output,1,0.346,0.346,150.824,151.17001342773438,10240,0,0,0
3,rank3,36,start_gate,1,119.339,119.339,1.219,120.55801391601562,0,0,0,0
3,rank3,36,pack_tx_data_submit,5,0.104,0.021,121.626,125.96099853515625,28160,0,0,0
3,rank3,36,pack_first_tx_ready,1,2.06,2.06,120.775,122.83499145507812,164,0,0,0
3,rank3,36,pack_mte3_exposed_wait,5,0.012,0.003,122.521,126.4949951171875,28160,0,0,0
3,rank3,37,kernel_total,1,6.272,6.272,121.142,127.41400146484375,0,0,0,0
3,rank3,37,pack_total,1,5.198,5.198,121.236,126.43399047851562,0,0,0,0
3,rank3,37,pack_input_wait,4,0.089,0.023,121.54,124.67800903320312,40960,0,0,0
3,rank3,37,pack_quantize,4,1.263,0.349,121.638,125.07699584960938,20480,44,0,0
3,rank3,37,pack_tx_publish,4,0.404,0.105,123.07,126.11199951171875,0,4,4,256
3,rank3,37,receive_total,1,0.478,0.478,126.635,127.11300659179688,0,0,0,0
3,rank3,37,start_gate,1,120.052,120.052,0.984,121.0360107421875,0,0,0,0
3,rank3,37,pack_tx_data_submit,4,0.083,0.021,122.095,125.2340087890625,22528,0,0,0
3,rank3,37,pack_first_tx_ready,1,2.047,2.047,121.249,123.29598999023438,169,0,0,0
3,rank3,37,pack_mte3_exposed_wait,4,0.009,0.004,122.978,125.78201293945312,22528,0,0,0
3,rank3,38,kernel_total,1,28.057,28.057,120.153,148.20999145507812,0,0,0,0
3,rank3,38,pack_total,1,6.369,6.369,120.248,126.61700439453125,0,0,0,0
3,rank3,38,pack_input_wait,5,0.112,0.023,120.608,124.86801147460938,51200,0,0,0
3,rank3,38,pack_quantize,5,1.547,0.329,120.706,125.29299926757812,25600,55,0,0
3,rank3,38,pack_tx_publish,5,0.486,0.101,122.117,126.29400634765625,0,5,5,320
3,rank3,38,receive_total,1,21.203,21.203,126.821,148.02398681640625,0,0,0,0
3,rank3,38,rx_flag_poll_wait,1,16.363,16.363,127.225,143.5880126953125,9,40,34,440
3,rank3,38,rx_unpack_wait,6,1.0,0.313,143.871,146.86898803710938,31680,0,0,0
3,rank3,38,rx_unpack_dequant_clear,7,0.677,0.185,144.261,147.25698852539062,30720,66,0,0
3,rank3,38,rx_output,1,0.344,0.344,147.354,147.697998046875,10240,0,0,0
3,rank3,38,start_gate,1,119.512,119.512,0.527,120.03900146484375,0,0,0,0
3,rank3,38,pack_tx_data_submit,5,0.104,0.021,121.132,125.44699096679688,28160,0,0,0
3,rank3,38,pack_first_tx_ready,1,2.078,2.078,120.26,122.3380126953125,173,0,0,0
3,rank3,38,pack_mte3_exposed_wait,5,0.011,0.004,122.027,125.97100830078125,28160,0,0,0
3,rank3,39,kernel_total,1,33.385,33.385,120.477,153.86199951171875,0,0,0,0
3,rank3,39,pack_total,1,5.483,5.483,120.572,126.05499267578125,0,0,0,0
3,rank3,39,pack_input_wait,4,0.09,0.023,120.878,123.97000122070312,40960,0,0,0
3,rank3,39,pack_quantize,4,1.226,0.33,120.978,124.37899780273438,20480,44,0,0
3,rank3,39,pack_tx_publish,4,0.393,0.101,122.381,125.40798950195312,0,4,4,256
3,rank3,39,receive_total,1,27.414,27.414,126.261,153.67498779296875,0,0,0,0
3,rank3,39,rx_flag_poll_wait,1,22.614,22.614,126.668,149.28201293945312,15,55,49,605
3,rank3,39,rx_unpack_wait,6,0.882,0.326,149.571,152.46200561523438,31680,0,0,0
3,rank3,39,rx_unpack_dequant_clear,7,0.664,0.181,149.973,152.85299682617188,30720,66,0,0
3,rank3,39,rx_output,1,0.339,0.339,152.95,153.28900146484375,10240,0,0,0
3,rank3,39,start_gate,1,119.695,119.695,0.675,120.3699951171875,0,0,0,0
3,rank3,39,pack_tx_data_submit,4,0.083,0.021,121.404,124.53900146484375,22528,0,0,0
3,rank3,39,pack_first_tx_ready,1,2.017,2.017,120.585,122.60198974609375,178,0,0,0
3,rank3,39,pack_mte3_exposed_wait,4,0.011,0.004,122.291,125.06298828125,22528,0,0,0
3,rank3,40,kernel_total,1,34.358,34.358,120.554,154.9119873046875,0,0,0,0
3,rank3,40,pack_total,1,6.391,6.391,120.648,127.03900146484375,0,0,0,0
3,rank3,40,pack_input_wait,5,0.113,0.023,120.954,125.26901245117188,51200,0,0,0
3,rank3,40,pack_quantize,5,1.549,0.334,121.053,125.69500732421875,25600,55,0,0
3,rank3,40,pack_tx_publish,5,0.565,0.117,122.475,126.72100830078125,0,5,5,320
3,rank3,40,receive_total,1,27.515,27.515,127.231,154.74600219726562,0,0,0,0
3,rank3,40,rx_flag_poll_wait,1,22.712,22.712,127.656,150.36801147460938,22,51,45,561
3,rank3,40,rx_unpack_wait,6,0.906,0.314,150.653,153.54299926757812,31680,0,0,0
3,rank3,40,rx_unpack_dequant_clear,7,0.647,0.165,151.043,153.92901611328125,30720,66,0,0
3,rank3,40,rx_output,1,0.35,0.35,154.026,154.37600708007812,10240,0,0,0
3,rank3,40,start_gate,1,118.932,118.932,1.512,120.44400024414062,0,0,0,0
3,rank3,40,pack_tx_data_submit,5,0.103,0.021,121.491,125.8489990234375,28160,0,0,0
3,rank3,40,pack_first_tx_ready,1,2.052,2.052,120.661,122.7130126953125,182,0,0,0
3,rank3,40,pack_mte3_exposed_wait,5,0.012,0.003,122.388,126.37200927734375,28160,0,0,0
3,rank3,41,kernel_total,1,28.669,28.669,120.654,149.322998046875,0,0,0,0
3,rank3,41,pack_total,1,6.573,6.573,120.748,127.32101440429688,0,0,0,0
3,rank3,41,pack_input_wait,5,0.222,0.132,121.053,125.43899536132812,51200,0,0,0
3,rank3,41,pack_quantize,5,1.505,0.308,121.266,125.85699462890625,25600,55,0,0
3,rank3,41,pack_tx_publish,5,0.557,0.117,122.653,126.9639892578125,0,5,5,320
3,rank3,41,receive_total,1,21.642,21.642,127.513,149.15499877929688,0,0,0,0
3,rank3,41,rx_flag_poll_wait,1,16.487,16.487,127.94,144.427001953125,11,38,32,418
3,rank3,41,rx_unpack_wait,6,1.292,0.365,144.712,147.98599243164062,31680,0,0,0
3,rank3,41,rx_unpack_dequant_clear,7,0.659,0.175,145.159,148.37701416015625,30720,66,0,0
3,rank3,41,rx_output,1,0.337,0.337,148.474,148.81100463867188,10240,0,0,0
3,rank3,41,start_gate,1,120.299,120.299,0.24,120.53900146484375,0,0,0,0
3,rank3,41,pack_tx_data_submit,5,0.104,0.021,121.666,126.02499389648438,28160,0,0,0
3,rank3,41,pack_first_tx_ready,1,2.14,2.14,120.761,122.9010009765625,187,0,0,0
3,rank3,41,pack_mte3_exposed_wait,5,0.012,0.003,122.563,126.54400634765625,28160,0,0,0
3,rank3,42,kernel_total,1,44.557,44.557,120.527,165.08401489257812,0,0,0,0
3,rank3,42,send_total,1,23.903,23.903,123.963,147.86599731445312,0,0,0,0
3,rank3,42,tx_meta_scan,9,1.553,0.233,125.72,140.10400390625,0,3,6,0
3,rank3,42,tx_ready_poll,10,0.017,0.003,125.44,139.85598754882812,1,9,0,0
3,rank3,42,self_copy,3,2.398,0.811,130.232,136.20498657226562,16896,0,0,0
3,rank3,42,udma_post,6,6.706,1.467,126.063,141.38800048828125,33792,6,1,0
3,rank3,42,udma_quiet,4,3.305,1.265,143.512,147.6090087890625,4,0,0,0
3,rank3,42,local_rx_wait,1,10.844,10.844,148.008,158.85198974609375,42,0,0,0
3,rank3,42,round_publish,1,5.886,5.886,159.005,164.8909912109375,1,64,1,1
3,rank3,42,global_round_wait,1,3.231,3.231,120.62,123.85101318359375,1,119,0,0
3,rank3,42,start_gate,1,119.767,119.767,0.656,120.42300415039062,1,64,1,1
3,rank3,43,kernel_total,1,44.472,44.472,120.077,164.54901123046875,0,0,0,0
3,rank3,43,send_total,1,27.295,27.295,124.129,151.42401123046875,0,0,0,0
3,rank3,43,tx_meta_scan,9,1.402,0.163,126.037,141.50601196289062,0,0,9,0
3,rank3,43,tx_ready_poll,9,0.013,0.003,125.6,141.21499633789062,0,9,0,0
3,rank3,43,udma_post,9,10.537,1.859,126.385,142.38900756835938,50688,9,1,0
3,rank3,43,udma_quiet,7,5.794,1.197,143.822,151.17001342773438,7,0,0,0
3,rank3,43,local_rx_wait,1,0.41,0.41,151.559,151.968994140625,0,0,0,0
3,rank3,43,round_publish,1,4.836,4.836,159.421,164.25698852539062,1,64,1,1
3,rank3,43,global_round_wait,1,3.847,3.847,120.17,124.01699829101562,1,119,0,0
3,rank3,43,start_gate,1,118.22,118.22,1.754,119.9739990234375,1,64,1,1
3,rank3,44,kernel_total,1,43.795,43.795,120.328,164.12298583984375,0,0,0,0
3,rank3,44,send_total,1,25.407,25.407,124.105,149.51199340820312,0,0,0,0
3,rank3,44,tx_meta_scan,9,1.469,0.206,126.602,140.98501586914062,0,2,7,0
3,rank3,44,tx_ready_poll,11,0.019,0.003,125.575,140.59799194335938,2,9,0,0
3,rank3,44,self_copy,2,1.653,0.854,129.121,131.5,11264,0,0,0
3,rank3,44,udma_post,7,7.377,1.339,126.97,141.97799682617188,39424,7,1,0
3,rank3,44,udma_quiet,5,4.095,1.002,144.166,149.23800659179688,5,0,0,0
3,rank3,44,local_rx_wait,1,0.525,0.525,149.684,150.20901489257812,0,0,0,0
3,rank3,44,round_publish,1,4.249,4.249,159.599,163.84799194335938,1,64,1,1
3,rank3,44,global_round_wait,1,3.574,3.574,120.421,123.9949951171875,1,119,0,0
3,rank3,44,start_gate,1,119.624,119.624,0.606,120.23001098632812,1,64,1,1
3,rank3,45,kernel_total,1,39.909,39.909,120.427,160.33599853515625,0,0,0,0
3,rank3,45,send_total,1,27.949,27.949,123.841,151.79000854492188,0,0,0,0
3,rank3,45,tx_meta_scan,9,1.572,0.218,125.932,141.60400390625,0,1,8,0
3,rank3,45,tx_ready_poll,10,0.016,0.003,125.312,141.21099853515625,1,9,0,0
3,rank3,45,self_copy,1,0.771,0.771,134.844,135.614990234375,5632,0,0,0
3,rank3,45,udma_post,8,9.882,1.613,126.477,142.70999145507812,45056,8,1,0
3,rank3,45,udma_quiet,6,5.217,1.557,144.968,151.5360107421875,6,0,0,0
3,rank3,45,local_rx_wait,1,5.164,5.164,151.935,157.0989990234375,0,0,0,0
3,rank3,45,round_publish,1,0.514,0.514,159.543,160.0570068359375,0,0,0,0
3,rank3,45,global_round_wait,1,3.21,3.21,120.52,123.73001098632812,0,119,0,0
3,rank3,45,start_gate,1,120.128,120.128,0.197,120.32501220703125,0,0,0,0
3,rank3,46,kernel_total,1,44.217,44.217,120.162,164.37899780273438,0,0,0,0
3,rank3,46,send_total,1,25.626,25.626,123.868,149.49398803710938,0,0,0,0
3,rank3,46,tx_meta_scan,9,1.669,0.291,125.858,140.5050048828125,0,0,9,0
3,rank3,46,tx_ready_poll,10,0.02,0.003,125.365,140.197998046875,1,9,0,0
3,rank3,46,udma_post,9,9.054,1.248,126.363,141.50900268554688,50688,9,1,0
3,rank3,46,udma_quiet,4,4.64,1.518,143.752,149.22000122070312,4,0,0,0
3,rank3,46,local_rx_wait,1,5.024,5.024,149.63,154.65399169921875,0,0,0,0
3,rank3,46,round_publish,1,4.553,4.553,159.569,164.12200927734375,1,64,1,1
3,rank3,46,global_round_wait,1,3.501,3.501,120.255,123.75601196289062,1,119,0,0
3,rank3,46,start_gate,1,118.994,118.994,1.07,120.06399536132812,1,64,1,1
3,rank3,47,kernel_total,1,44.118,44.118,120.091,164.20901489257812,0,0,0,0
3,rank3,47,send_total,1,25.381,25.381,123.983,149.364013671875,0,0,0,0
3,rank3,47,tx_meta_scan,9,1.537,0.23,125.898,140.25100708007812,0,0,9,0
3,rank3,47,tx_ready_poll,10,0.021,0.003,125.484,139.85501098632812,1,9,0,0
3,rank3,47,udma_post,9,8.723,1.323,126.305,141.13101196289062,50688,9,1,0
3,rank3,47,udma_quiet,5,4.629,1.223,143.416,149.10000610351562,5,0,0,0
3,rank3,47,local_rx_wait,1,2.988,2.988,149.501,152.489013671875,0,0,0,0
3,rank3,47,round_publish,1,4.459,4.459,159.488,163.94699096679688,1,64,1,1
3,rank3,47,global_round_wait,1,3.687,3.687,120.184,123.87100219726562,1,119,0,0
3,rank3,47,start_gate,1,118.344,118.344,1.649,119.99301147460938,1,64,1,1
3,rank3,48,kernel_total,1,43.809,43.809,120.235,164.04400634765625,0,0,0,0
3,rank3,48,send_total,1,27.684,27.684,123.8,151.4840087890625,0,0,0,0
3,rank3,48,tx_meta_scan,9,1.511,0.237,125.821,140.635986328125,0,0,9,0
3,rank3,48,tx_ready_poll,10,0.018,0.003,125.292,140.25799560546875,1,9,0,0
3,rank3,48,udma_post,9,9.787,1.479,126.146,141.79501342773438,50688,9,1,0
3,rank3,48,udma_quiet,6,5.882,1.526,144.028,151.23599243164062,6,0,0,0
3,rank3,48,local_rx_wait,1,1.142,1.142,151.655,152.7969970703125,0,0,0,0
3,rank3,48,round_publish,1,4.285,4.285,159.442,163.72698974609375,1,64,1,1
3,rank3,48,global_round_wait,1,3.359,3.359,120.329,123.68798828125,1,119,0,0
3,rank3,48,start_gate,1,119.694,119.694,0.443,120.13699340820312,1,64,1,1
3,rank3,49,kernel_total,1,44.205,44.205,120.382,164.58700561523438,0,0,0,0
3,rank3,49,send_total,1,24.714,24.714,124.083,148.7969970703125,0,0,0,0
3,rank3,49,tx_meta_scan,9,1.617,0.252,125.833,140.5830078125,0,1,8,0
3,rank3,49,tx_ready_poll,9,0.017,0.003,125.578,140.30099487304688,0,9,0,0
3,rank3,49,self_copy,1,0.925,0.925,135.902,136.82699584960938,5632,0,0,0
3,rank3,49,udma_post,8,8.429,1.54,126.213,141.53399658203125,45056,8,1,0
3,rank3,49,udma_quiet,5,4.471,1.72,142.941,148.5360107421875,5,0,0,0
3,rank3,49,local_rx_wait,1,0.682,0.682,148.95,149.63198852539062,0,0,0,0
3,rank3,49,round_publish,1,4.826,4.826,159.467,164.29299926757812,1,64,1,1
3,rank3,49,global_round_wait,1,3.497,3.497,120.476,123.97299194335938,1,119,0,0
3,rank3,49,start_gate,1,119.877,119.877,0.402,120.27899169921875,1,64,1,1
3,rank3,50,kernel_total,1,31.845,31.845,120.192,152.0369873046875,0,0,0,0
3,rank3,50,send_total,1,26.647,26.647,124.224,150.87100219726562,0,0,0,0
3,rank3,50,tx_meta_scan,9,1.565,0.308,125.928,141.4119873046875,0,0,9,0
3,rank3,50,tx_ready_poll,9,0.017,0.003,125.718,141.0889892578125,0,9,0,0
3,rank3,50,udma_post,9,10.702,1.721,126.27,142.69601440429688,50688,9,1,0
3,rank3,50,udma_quiet,5,5.4,1.633,144.137,150.57998657226562,5,0,0,0
3,rank3,50,local_rx_wait,1,0.526,0.526,151.011,151.5369873046875,0,0,0,0
3,rank3,50,global_round_wait,1,3.828,3.828,120.285,124.11300659179688,0,0,0,0
3,rank3,50,start_gate,1,118.641,118.641,1.448,120.0889892578125,0,0,0,0
3,rank3,51,kernel_total,1,31.926,31.926,120.264,152.19000244140625,0,0,0,0
3,rank3,51,send_total,1,27.093,27.093,124.051,151.14401245117188,0,0,0,0
3,rank3,51,tx_meta_scan,9,1.691,0.255,125.757,141.22500610351562,0,0,9,0
3,rank3,51,tx_ready_poll,10,0.058,0.045,125.555,140.82199096679688,1,9,0,0
3,rank3,51,udma_post,9,10.009,1.494,126.205,142.63299560546875,50688,9,1,0
3,rank3,51,udma_quiet,5,4.956,1.348,144.82,150.87600708007812,5,0,0,0
3,rank3,51,local_rx_wait,1,0.354,0.354,151.294,151.64801025390625,0,0,0,0
3,rank3,51,global_round_wait,1,3.587,3.587,120.357,123.94400024414062,0,0,0,0
3,rank3,51,start_gate,1,120.161,120.161,0.0,120.1610107421875,0,0,0,0
3,rank3,52,kernel_total,1,35.442,35.442,120.716,156.15798950195312,0,0,0,0
3,rank3,52,send_total,1,24.195,24.195,123.943,148.13800048828125,0,0,0,0
3,rank3,52,tx_meta_scan,9,1.752,0.36,126.153,140.01300048828125,0,3,6,0
3,rank3,52,tx_ready_poll,9,0.019,0.003,125.446,139.760986328125,0,9,0,0
3,rank3,52,self_copy,3,2.295,0.78,129.024,139.52899169921875,16896,0,0,0
3,rank3,52,udma_post,6,6.276,1.525,126.565,140.96099853515625,33792,6,1,0
3,rank3,52,udma_quiet,3,4.829,2.661,142.526,147.885009765625,3,0,0,0
3,rank3,52,local_rx_wait,1,7.437,7.437,148.301,155.73800659179688,0,0,0,0
3,rank3,52,global_round_wait,1,3.023,3.023,120.809,123.83200073242188,0,0,0,0
3,rank3,52,start_gate,1,118.995,118.995,1.618,120.61300659179688,0,0,0,0
3,rank3,53,kernel_total,1,31.437,31.437,120.03,151.46701049804688,0,0,0,0
3,rank3,53,send_total,1,26.68,26.68,123.921,150.60101318359375,0,0,0,0
3,rank3,53,tx_meta_scan,9,1.343,0.164,126.317,141.11099243164062,0,1,8,0
3,rank3,53,tx_ready_poll,11,0.015,0.002,125.43,140.739990234375,2,9,0,0
3,rank3,53,self_copy,1,0.875,0.875,126.71,127.58499145507812,5632,0,0,0
3,rank3,53,udma_post,8,8.487,1.527,128.586,142.10000610351562,45056,8,1,0
3,rank3,53,udma_quiet,6,4.785,1.076,144.232,150.35699462890625,6,0,0,0
3,rank3,53,local_rx_wait,1,0.278,0.278,150.761,151.03900146484375,0,0,0,0
3,rank3,53,global_round_wait,1,3.687,3.687,120.123,123.80999755859375,0,0,0,0
3,rank3,53,start_gate,1,119.149,119.149,0.778,119.927001953125,0,0,0,0
3,rank3,54,kernel_total,1,36.911,36.911,120.053,156.9639892578125,0,0,0,0
3,rank3,54,send_total,1,27.301,27.301,123.821,151.12200927734375,0,0,0,0
3,rank3,54,tx_meta_scan,9,1.627,0.245,125.938,141.02801513671875,0,2,7,0
3,rank3,54,tx_ready_poll,10,0.016,0.003,125.329,140.70498657226562,1,9,0,0
3,rank3,54,self_copy,2,1.606,0.807,130.838,135.20700073242188,11264,0,0,0
3,rank3,54,udma_post,7,8.211,1.701,126.452,142.21798706054688,39424,7,1,0
3,rank3,54,udma_quiet,4,5.641,2.321,144.419,150.85598754882812,4,0,0,0
3,rank3,54,local_rx_wait,1,5.288,5.288,151.262,156.54998779296875,0,0,0,0
3,rank3,54,global_round_wait,1,3.567,3.567,120.146,123.7130126953125,0,0,0,0
3,rank3,54,start_gate,1,118.832,118.832,1.117,119.94900512695312,0,0,0,0
3,rank3,55,kernel_total,1,32.929,32.929,120.731,153.66000366210938,0,0,0,0
3,rank3,55,send_total,1,28.67,28.67,124.03,152.70001220703125,0,0,0,0
3,rank3,55,tx_meta_scan,9,1.5,0.199,126.166,141.56698608398438,0,0,9,0
3,rank3,55,tx_ready_poll,10,0.018,0.003,125.568,141.17498779296875,1,9,0,0
3,rank3,55,udma_post,9,10.61,1.628,126.617,142.92999267578125,50688,9,1,0
3,rank3,55,udma_quiet,6,5.954,1.377,145.136,152.42999267578125,6,0,0,0
3,rank3,55,local_rx_wait,1,0.4,0.4,152.842,153.24200439453125,0,0,0,0
3,rank3,55,global_round_wait,1,3.098,3.098,120.824,123.9219970703125,0,0,0,0
3,rank3,55,start_gate,1,120.32,120.32,0.317,120.63699340820312,0,0,0,0
3,rank3,56,kernel_total,1,31.755,31.755,120.398,152.15301513671875,0,0,0,0
3,rank3,56,send_total,1,25.666,25.666,124.171,149.83700561523438,0,0,0,0
3,rank3,56,tx_meta_scan,9,1.54,0.191,126.249,141.56900024414062,0,1,8,0
3,rank3,56,tx_ready_poll,11,0.019,0.003,125.704,141.2080078125,2,9,0,0
3,rank3,56,self_copy,1,0.778,0.778,134.77,135.54800415039062,5632,0,0,0
3,rank3,56,udma_post,8,8.686,1.586,126.653,142.59799194335938,45056,8,1,0
3,rank3,56,udma_quiet,4,4.187,1.732,144.589,149.57000732421875,4,0,0,0
3,rank3,56,local_rx_wait,1,1.723,1.723,149.991,151.7139892578125,0,0,0,0
3,rank3,56,global_round_wait,1,3.572,3.572,120.492,124.06399536132812,0,0,0,0
3,rank3,56,start_gate,1,119.404,119.404,0.896,120.29998779296875,0,0,0,0
3,rank3,57,kernel_total,1,32.505,32.505,121.355,153.86001586914062,0,0,0,0
3,rank3,57,send_total,1,28.176,28.176,124.006,152.1820068359375,0,0,0,0
3,rank3,57,tx_meta_scan,9,1.713,0.243,126.335,141.9010009765625,0,0,9,0
3,rank3,57,tx_ready_poll,10,0.017,0.002,125.54,141.62200927734375,1,9,0,0
3,rank3,57,udma_post,9,10.408,1.618,126.768,142.92300415039062,50688,9,1,0
3,rank3,57,udma_quiet,6,5.542,1.188,145.115,151.93499755859375,6,0,0,0
3,rank3,57,local_rx_wait,1,1.084,1.084,152.345,153.42901611328125,0,0,0,0
3,rank3,57,global_round_wait,1,2.449,2.449,121.449,123.89801025390625,0,0,0,0
3,rank3,57,start_gate,1,120.779,120.779,0.473,121.25201416015625,0,0,0,0
3,rank3,58,kernel_total,1,29.119,29.119,120.217,149.33599853515625,0,0,0,0
3,rank3,58,send_total,1,24.463,24.463,123.893,148.35598754882812,0,0,0,0
3,rank3,58,tx_meta_scan,8,1.502,0.244,125.685,138.89199829101562,0,1,7,0
3,rank3,58,tx_ready_poll,8,0.012,0.003,125.441,138.59100341796875,0,8,0,0
3,rank3,58,self_copy,1,0.819,0.819,126.04,126.8590087890625,5632,0,0,0
3,rank3,58,udma_post,7,8.246,1.476,127.767,140.39898681640625,39424,7,1,0
3,rank3,58,udma_quiet,6,4.966,1.201,141.867,148.10198974609375,6,0,0,0
3,rank3,58,local_rx_wait,1,0.408,0.408,148.498,148.906005859375,0,0,0,0
3,rank3,58,global_round_wait,1,3.473,3.473,120.31,123.78298950195312,0,0,0,0
3,rank3,58,start_gate,1,120.027,120.027,0.087,120.114013671875,0,0,0,0
3,rank3,59,kernel_total,1,33.867,33.867,120.454,154.32101440429688,0,0,0,0
3,rank3,59,send_total,1,24.398,24.398,124.147,148.54501342773438,0,0,0,0
3,rank3,59,tx_meta_scan,8,1.42,0.275,125.87,139.5,0,0,8,0
3,rank3,59,tx_ready_poll,8,0.016,0.003,125.679,139.197998046875,0,8,0,0
3,rank3,59,udma_post,8,9.621,1.675,126.36,140.87200927734375,45056,8,1,0
3,rank3,59,udma_quiet,5,4.911,1.26,142.359,148.2919921875,5,0,0,0
3,rank3,59,local_rx_wait,1,5.194,5.194,148.701,153.89498901367188,0,0,0,0
3,rank3,59,global_round_wait,1,3.491,3.491,120.548,124.03900146484375,0,0,0,0
3,rank3,59,start_gate,1,119.483,119.483,0.868,120.35101318359375,0,0,0,0
3,rank3,60,kernel_total,1,35.274,35.274,120.122,155.39599609375,0,0,0,0
3,rank3,60,send_total,1,21.858,21.858,124.31,146.16799926757812,0,0,0,0
3,rank3,60,tx_meta_scan,8,1.407,0.243,126.128,139.260009765625,0,2,6,0
3,rank3,60,tx_ready_poll,9,0.017,0.003,125.872,138.98199462890625,1,8,0,0
3,rank3,60,self_copy,2,1.717,0.926,126.554,133.34100341796875,11264,0,0,0
3,rank3,60,udma_post,6,6.14,1.346,128.626,140.24398803710938,33792,6,1,0
3,rank3,60,udma_quiet,3,3.082,1.529,142.314,145.86801147460938,3,0,0,0
3,rank3,60,local_rx_wait,1,8.625,8.625,146.329,154.95401000976562,0,0,0,0
3,rank3,60,global_round_wait,1,3.984,3.984,120.215,124.19900512695312,0,0,0,0
3,rank3,60,start_gate,1,118.866,118.866,1.156,120.02200317382812,0,0,0,0
3,rank3,61,kernel_total,1,31.981,31.981,120.315,152.29598999023438,0,0,0,0
3,rank3,61,send_total,1,25.742,25.742,124.287,150.02899169921875,0,0,0,0
3,rank3,61,tx_meta_scan,8,1.479,0.26,126.102,139.697998046875,0,0,8,0
3,rank3,61,tx_ready_poll,8,0.014,0.003,125.844,139.39300537109375,0,8,0,0
3,rank3,61,udma_post,8,9.055,1.529,126.69,140.59799194335938,45056,8,1,0
3,rank3,61,udma_quiet,6,6.334,2.022,142.09,149.75698852539062,6,0,0,0
3,rank3,61,local_rx_wait,1,1.584,1.584,150.185,151.76901245117188,0,0,0,0
3,rank3,61,global_round_wait,1,3.767,3.767,120.408,124.17498779296875,0,0,0,0
3,rank3,61,start_gate,1,118.929,118.929,1.283,120.21200561523438,0,0,0,0
3,rank3,62,kernel_total,1,30.747,30.747,120.879,151.62600708007812,0,0,0,0
3,rank3,62,send_total,1,26.557,26.557,124.249,150.80599975585938,0,0,0,0
3,rank3,62,tx_meta_scan,8,1.295,0.183,126.683,140.3800048828125,0,1,7,0
3,rank3,62,tx_ready_poll,10,0.016,0.003,125.807,140.11700439453125,2,8,0,0
3,rank3,62,self_copy,1,0.763,0.763,139.123,139.885986328125,5632,0,0,0
3,rank3,62,udma_post,7,8.28,1.607,127.03,141.30499267578125,39424,7,1,0
3,rank3,62,udma_quiet,6,5.877,2.47,143.378,150.5469970703125,6,0,0,0
3,rank3,62,local_rx_wait,1,0.216,0.216,150.969,151.18499755859375,0,0,0,0
3,rank3,62,global_round_wait,1,3.168,3.168,120.973,124.1409912109375,0,0,0,0
3,rank3,62,start_gate,1,120.706,120.706,0.074,120.77999877929688,0,0,0,0
3,rank3,63,kernel_total,1,30.183,30.183,120.925,151.10800170898438,0,0,0,0
3,rank3,63,send_total,1,25.994,25.994,124.202,150.19601440429688,0,0,0,0
3,rank3,63,tx_meta_scan,8,1.435,0.292,126.538,140.822998046875,0,0,8,0
3,rank3,63,tx_ready_poll,9,0.047,0.031,125.775,140.4219970703125,1,8,0,0
3,rank3,63,udma_post,8,9.72,1.646,126.893,141.94000244140625,45056,8,1,0
3,rank3,63,udma_quiet,5,4.717,1.083,144.132,149.92800903320312,5,0,0,0
3,rank3,63,local_rx_wait,1,0.32,0.32,150.348,150.66799926757812,0,0,0,0
3,rank3,63,global_round_wait,1,3.071,3.071,121.019,124.08999633789062,0,0,0,0
3,rank3,63,start_gate,1,120.662,120.662,0.168,120.82998657226562,0,0,0,0
4,rank4,0,kernel_total,1,6.845,6.845,65.068,71.91299438476562,0,0,0,0
4,rank4,0,pack_total,1,5.676,5.676,65.163,70.8389892578125,0,0,0,0
4,rank4,0,pack_input_wait,4,0.089,0.023,65.466,68.8330078125,40960,0,0,0
4,rank4,0,pack_quantize,4,1.26,0.348,65.561,69.25698852539062,20480,44,0,0
4,rank4,0,pack_tx_publish,4,0.711,0.237,66.993,70.4119873046875,0,4,4,256
4,rank4,0,receive_total,1,0.555,0.555,71.038,71.59298706054688,0,0,0,0
4,rank4,0,start_gate,1,64.852,64.852,0.115,64.96701049804688,0,0,0,0
4,rank4,0,pack_tx_data_submit,4,0.082,0.021,66.009,69.41299438476562,22528,0,0,0
4,rank4,0,pack_first_tx_ready,1,2.176,2.176,65.175,67.35101318359375,0,0,0,0
4,rank4,0,pack_mte3_exposed_wait,4,0.009,0.003,66.901,69.94400024414062,22528,0,0,0
4,rank4,1,kernel_total,1,32.803,32.803,66.338,99.1409912109375,0,0,0,0
4,rank4,1,pack_total,1,6.825,6.825,66.432,73.25698852539062,0,0,0,0
4,rank4,1,pack_input_wait,5,0.113,0.023,66.735,71.385009765625,51200,0,0,0
4,rank4,1,pack_quantize,5,1.561,0.331,66.835,71.8070068359375,25600,55,0,0
4,rank4,1,pack_tx_publish,5,1.069,0.238,68.245,72.94699096679688,0,5,5,320
4,rank4,1,receive_total,1,25.503,25.503,73.461,98.9639892578125,0,0,0,0
4,rank4,1,rx_flag_poll_wait,1,20.498,20.498,73.84,94.3380126953125,27,46,40,506
4,rank4,1,rx_unpack_wait,6,1.006,0.316,94.609,97.66900634765625,31680,0,0,0
4,rank4,1,rx_unpack_dequant_clear,7,0.636,0.158,95.105,98.06298828125,30720,66,0,0
4,rank4,1,rx_output,1,0.352,0.352,98.163,98.5150146484375,10240,0,0,0
4,rank4,1,start_gate,1,65.511,65.511,0.72,66.23098754882812,0,0,0,0
4,rank4,1,pack_tx_data_submit,5,0.102,0.021,67.261,71.95700073242188,28160,0,0,0
4,rank4,1,pack_first_tx_ready,1,2.163,2.163,66.445,68.60800170898438,4,0,0,0
4,rank4,1,pack_mte3_exposed_wait,5,0.011,0.003,68.155,72.59500122070312,28160,0,0,0
4,rank4,2,kernel_total,1,27.811,27.811,65.335,93.14599609375,0,0,0,0
4,rank4,2,pack_total,1,5.655,5.655,65.429,71.08401489257812,0,0,0,0
4,rank4,2,pack_input_wait,4,0.089,0.023,65.82,69.08999633789062,40960,0,0,0
4,rank4,2,pack_quantize,4,1.256,0.335,65.919,69.489990234375,20480,44,0,0
4,rank4,2,pack_tx_publish,4,0.837,0.239,67.329,70.77099609375,0,4,4,256
4,rank4,2,receive_total,1,21.697,21.697,71.275,92.97201538085938,0,0,0,0
4,rank4,2,rx_flag_poll_wait,1,16.745,16.745,71.667,88.4119873046875,11,41,35,451
4,rank4,2,rx_unpack_wait,6,1.0,0.308,88.73,91.68099975585938,31680,0,0,0
4,rank4,2,rx_unpack_dequant_clear,7,0.636,0.159,89.11,92.07501220703125,30720,66,0,0
4,rank4,2,rx_output,1,0.343,0.343,92.176,92.51901245117188,10240,0,0,0
4,rank4,2,start_gate,1,65.139,65.139,0.09,65.22900390625,0,0,0,0
4,rank4,2,pack_tx_data_submit,4,0.082,0.021,66.35,69.64700317382812,22528,0,0,0
4,rank4,2,pack_first_tx_ready,1,2.253,2.253,65.442,67.69500732421875,9,0,0,0
4,rank4,2,pack_mte3_exposed_wait,4,0.009,0.003,67.246,70.29501342773438,22528,0,0,0
4,rank4,3,kernel_total,1,33.756,33.756,65.473,99.22900390625,0,0,0,0
4,rank4,3,pack_total,1,7.037,7.037,65.567,72.60400390625,0,0,0,0
4,rank4,3,pack_input_wait,5,0.111,0.023,65.871,70.4010009765625,51200,0,0,0
4,rank4,3,pack_quantize,5,1.615,0.353,65.971,70.82400512695312,25600,55,0,0
4,rank4,3,pack_tx_publish,5,0.919,0.205,67.379,72.27801513671875,0,5,5,320
4,rank4,3,receive_total,1,26.238,26.238,72.795,99.03298950195312,0,0,0,0
4,rank4,3,rx_flag_poll_wait,1,21.482,21.482,73.174,94.656005859375,30,51,45,561
4,rank4,3,rx_unpack_wait,6,0.899,0.317,94.919,97.74398803710938,31680,0,0,0
4,rank4,3,rx_unpack_dequant_clear,7,0.639,0.16,95.308,98.13900756835938,30720,66,0,0
4,rank4,3,rx_output,1,0.347,0.347,98.24,98.58700561523438,10240,0,0,0
4,rank4,3,start_gate,1,63.897,63.897,1.475,65.37200927734375,0,0,0,0
4,rank4,3,pack_tx_data_submit,5,0.103,0.021,66.396,70.9739990234375,28160,0,0,0
4,rank4,3,pack_first_tx_ready,1,2.129,2.129,65.58,67.70901489257812,13,0,0,0
4,rank4,3,pack_mte3_exposed_wait,5,0.011,0.004,67.297,71.59600830078125,28160,0,0,0
4,rank4,4,kernel_total,1,6.519,6.519,65.739,72.25799560546875,0,0,0,0
4,rank4,4,pack_total,1,5.505,5.505,65.834,71.3389892578125,0,0,0,0
4,rank4,4,pack_input_wait,4,0.091,0.023,66.136,69.43301391601562,40960,0,0,0
4,rank4,4,pack_quantize,4,1.223,0.327,66.236,69.8380126953125,20480,44,0,0
4,rank4,4,pack_tx_publish,4,0.789,0.223,67.628,71.02499389648438,0,4,4,256
4,rank4,4,receive_total,1,0.532,0.532,71.547,72.07901000976562,0,0,0,0
4,rank4,4,start_gate,1,64.299,64.299,1.334,65.63299560546875,0,0,0,0
4,rank4,4,pack_tx_data_submit,4,0.08,0.02,66.659,69.99600219726562,22528,0,0,0
4,rank4,4,pack_first_tx_ready,1,2.13,2.13,65.847,67.97698974609375,18,0,0,0
4,rank4,4,pack_mte3_exposed_wait,4,0.008,0.003,67.547,70.54400634765625,22528,0,0,0
4,rank4,5,kernel_total,1,25.365,25.365,65.266,90.63101196289062,0,0,0,0
4,rank4,5,pack_total,1,6.75,6.75,65.36,72.11001586914062,0,0,0,0
4,rank4,5,pack_input_wait,5,0.114,0.023,65.666,70.18399047851562,51200,0,0,0
4,rank4,5,pack_quantize,5,1.582,0.335,65.766,70.61001586914062,25600,55,0,0
4,rank4,5,pack_tx_publish,5,0.909,0.223,67.173,71.781005859375,0,5,5,320
4,rank4,5,receive_total,1,18.132,18.132,72.318,90.45001220703125,0,0,0,0
4,rank4,5,rx_flag_poll_wait,1,13.244,13.244,72.695,85.93899536132812,13,29,23,319
4,rank4,5,rx_unpack_wait,6,1.079,0.355,86.212,89.27200317382812,31680,0,0,0
4,rank4,5,rx_unpack_dequant_clear,7,0.649,0.163,86.64,89.66799926757812,30720,66,0,0
4,rank4,5,rx_output,1,0.35,0.35,89.769,90.11898803710938,10240,0,0,0
4,rank4,5,start_gate,1,63.837,63.837,1.323,65.16000366210938,0,0,0,0
4,rank4,5,pack_tx_data_submit,5,0.104,0.021,66.196,70.760986328125,28160,0,0,0
4,rank4,5,pack_first_tx_ready,1,2.145,2.145,65.373,67.51800537109375,22,0,0,0
4,rank4,5,pack_mte3_exposed_wait,5,0.009,0.003,67.092,71.39801025390625,28160,0,0,0
4,rank4,6,kernel_total,1,27.439,27.439,65.102,92.541015625,0,0,0,0
4,rank4,6,pack_total,1,6.65,6.65,65.196,71.84600830078125,0,0,0,0
4,rank4,6,pack_input_wait,5,0.111,0.023,65.502,69.98699951171875,51200,0,0,0
4,rank4,6,pack_quantize,5,1.561,0.339,65.597,70.41000366210938,25600,55,0,0
4,rank4,6,pack_tx_publish,5,0.897,0.226,67.007,71.5419921875,0,5,5,320
4,rank4,6,receive_total,1,20.321,20.321,72.041,92.36199951171875,0,0,0,0
4,rank4,6,rx_flag_poll_wait,1,15.353,15.353,72.442,87.79501342773438,12,36,30,396
4,rank4,6,rx_unpack_wait,6,1.075,0.38,88.067,91.0780029296875,31680,0,0,0
4,rank4,6,rx_unpack_dequant_clear,7,0.644,0.162,88.519,91.4739990234375,30720,66,0,0
4,rank4,6,rx_output,1,0.343,0.343,91.575,91.91799926757812,10240,0,0,0
4,rank4,6,start_gate,1,64.036,64.036,0.959,64.9949951171875,0,0,0,0
4,rank4,6,pack_tx_data_submit,5,0.105,0.021,66.036,70.55999755859375,28160,0,0,0
4,rank4,6,pack_first_tx_ready,1,2.137,2.137,65.209,67.34600830078125,27,0,0,0
4,rank4,6,pack_mte3_exposed_wait,5,0.01,0.003,66.926,71.0889892578125,28160,0,0,0
4,rank4,7,kernel_total,1,34.355,34.355,65.149,99.50399780273438,0,0,0,0
4,rank4,7,pack_total,1,5.652,5.652,65.244,70.89599609375,0,0,0,0
4,rank4,7,pack_input_wait,4,0.091,0.023,65.548,68.864990234375,40960,0,0,0
4,rank4,7,pack_quantize,4,1.249,0.343,65.648,69.27301025390625,20480,44,0,0
4,rank4,7,pack_tx_publish,4,0.705,0.228,67.048,70.45498657226562,0,4,4,256
4,rank4,7,receive_total,1,28.211,28.211,71.114,99.32501220703125,0,0,0,0
4,rank4,7,rx_flag_poll_wait,1,23.327,23.327,71.503,94.82998657226562,22,56,50,616
4,rank4,7,rx_unpack_wait,6,0.99,0.325,95.112,98.03298950195312,31680,0,0,0
4,rank4,7,rx_unpack_dequant_clear,7,0.633,0.153,95.509,98.43301391601562,30720,66,0,0
4,rank4,7,rx_output,1,0.347,0.347,98.534,98.88101196289062,10240,0,0,0
4,rank4,7,start_gate,1,63.405,63.405,1.638,65.04299926757812,0,0,0,0
4,rank4,7,pack_tx_data_submit,4,0.08,0.02,66.087,69.42999267578125,22528,0,0,0
4,rank4,7,pack_first_tx_ready,1,2.145,2.145,65.257,67.40200805664062,32,0,0,0
4,rank4,7,pack_mte3_exposed_wait,4,0.009,0.003,66.967,69.9580078125,22528,0,0,0
4,rank4,8,kernel_total,1,7.568,7.568,65.364,72.9320068359375,0,0,0,0
4,rank4,8,pack_total,1,6.581,6.581,65.459,72.04000854492188,0,0,0,0
4,rank4,8,pack_input_wait,5,0.112,0.023,65.764,70.2080078125,51200,0,0,0
4,rank4,8,pack_quantize,5,1.558,0.329,65.858,70.62701416015625,25600,55,0,0
4,rank4,8,pack_tx_publish,5,0.835,0.21,67.258,71.72601318359375,0,5,5,320
4,rank4,8,receive_total,1,0.495,0.495,72.251,72.74600219726562,0,0,0,0
4,rank4,8,start_gate,1,64.901,64.901,0.357,65.25799560546875,0,0,0,0
4,rank4,8,pack_tx_data_submit,5,0.104,0.021,66.283,70.77700805664062,28160,0,0,0
4,rank4,8,pack_first_tx_ready,1,2.116,2.116,65.472,67.5880126953125,36,0,0,0
4,rank4,8,pack_mte3_exposed_wait,5,0.011,0.003,67.167,71.40200805664062,28160,0,0,0
4,rank4,9,kernel_total,1,27.231,27.231,65.223,92.45401000976562,0,0,0,0
4,rank4,9,pack_total,1,5.558,5.558,65.318,70.87600708007812,0,0,0,0
4,rank4,9,pack_input_wait,4,0.089,0.023,65.62,68.82699584960938,40960,0,0,0
4,rank4,9,pack_quantize,4,1.253,0.337,65.719,69.2449951171875,20480,44,0,0
4,rank4,9,pack_tx_publish,4,0.632,0.209,67.135,70.45700073242188,0,4,4,256
4,rank4,9,receive_total,1,21.173,21.173,71.092,92.2650146484375,0,0,0,0
4,rank4,9,rx_flag_poll_wait,1,16.369,16.369,71.475,87.843994140625,21,38,32,418
4,rank4,9,rx_unpack_wait,6,0.991,0.382,88.119,91.10598754882812,31680,0,0,0
4,rank4,9,rx_unpack_dequant_clear,7,0.68,0.209,88.573,91.50100708007812,30720,66,0,0
4,rank4,9,rx_output,1,0.343,0.343,91.601,91.94400024414062,10240,0,0,0
4,rank4,9,start_gate,1,63.328,63.328,1.789,65.11700439453125,0,0,0,0
4,rank4,9,pack_tx_data_submit,4,0.082,0.021,66.152,69.4010009765625,22528,0,0,0
4,rank4,9,pack_first_tx_ready,1,2.14,2.14,65.33,67.47000122070312,41,0,0,0
4,rank4,9,pack_mte3_exposed_wait,4,0.009,0.003,67.049,70.01300048828125,22528,0,0,0
4,rank4,10,kernel_total,1,25.522,25.522,65.556,91.0780029296875,0,0,0,0
4,rank4,10,pack_total,1,6.877,6.877,65.651,72.52801513671875,0,0,0,0
4,rank4,10,pack_input_wait,5,0.113,0.023,65.954,70.52301025390625,51200,0,0,0
4,rank4,10,pack_quantize,5,1.556,0.337,66.054,70.94601440429688,25600,55,0,0
4,rank4,10,pack_tx_publish,5,0.861,0.242,67.473,72.1300048828125,0,5,5,320
4,rank4,10,receive_total,1,18.152,18.152,72.735,90.88699340820312,0,0,0,0
4,rank4,10,rx_flag_poll_wait,1,13.251,13.251,73.149,86.39999389648438,9,31,25,341
4,rank4,10,rx_unpack_wait,6,0.971,0.324,86.685,89.64199829101562,31680,0,0,0
4,rank4,10,rx_unpack_dequant_clear,7,0.655,0.175,87.081,90.02899169921875,30720,66,0,0
4,rank4,10,rx_output,1,0.334,0.334,90.129,90.4630126953125,10240,0,0,0
4,rank4,10,start_gate,1,64.364,64.364,1.086,65.45001220703125,0,0,0,0
4,rank4,10,pack_tx_data_submit,5,0.103,0.021,66.487,71.09600830078125,28160,0,0,0
4,rank4,10,pack_first_tx_ready,1,2.18,2.18,65.663,67.84298706054688,45,0,0,0
4,rank4,10,pack_mte3_exposed_wait,5,0.01,0.003,67.384,71.62899780273438,28160,0,0,0
4,rank4,11,kernel_total,1,27.077,27.077,65.179,92.25601196289062,0,0,0,0
4,rank4,11,pack_total,1,5.663,5.663,65.274,70.93701171875,0,0,0,0
4,rank4,11,pack_input_wait,4,0.088,0.022,65.635,69.0050048828125,40960,0,0,0
4,rank4,11,pack_quantize,4,1.242,0.334,65.735,69.4119873046875,20480,44,0,0
4,rank4,11,pack_tx_publish,4,0.734,0.241,67.144,70.51400756835938,0,4,4,256
4,rank4,11,receive_total,1,20.907,20.907,71.158,92.06500244140625,0,0,0,0
4,rank4,11,rx_flag_poll_wait,1,15.923,15.923,71.546,87.468994140625,9,38,32,418
4,rank4,11,rx_unpack_wait,6,1.076,0.328,87.751,90.80300903320312,31680,0,0,0
4,rank4,11,rx_unpack_dequant_clear,7,0.654,0.175,88.151,91.20199584960938,30720,66,0,0
4,rank4,11,rx_output,1,0.334,0.334,91.303,91.63699340820312,10240,0,0,0
4,rank4,11,start_gate,1,63.292,63.292,1.78,65.07199096679688,0,0,0,0
4,rank4,11,pack_tx_data_submit,4,0.082,0.021,66.165,69.57400512695312,22528,0,0,0
4,rank4,11,pack_first_tx_ready,1,2.226,2.226,65.287,67.51300048828125,50,0,0,0
4,rank4,11,pack_mte3_exposed_wait,4,0.008,0.003,67.061,70.114990234375,22528,0,0,0
4,rank4,12,kernel_total,1,7.71,7.71,65.428,73.13800048828125,0,0,0,0
4,rank4,12,pack_total,1,6.662,6.662,65.522,72.18399047851562,0,0,0,0
4,rank4,12,pack_input_wait,5,0.113,0.023,65.829,70.31500244140625,51200,0,0,0
4,rank4,12,pack_quantize,5,1.562,0.332,65.929,70.73098754882812,25600,55,0,0
4,rank4,12,pack_tx_publish,5,0.891,0.225,67.341,71.85800170898438,0,5,5,320
4,rank4,12,receive_total,1,0.577,0.577,72.381,72.9580078125,0,0,0,0
4,rank4,12,start_gate,1,63.374,63.374,1.952,65.32598876953125,0,0,0,0
4,rank4,12,pack_tx_data_submit,5,0.104,0.021,66.357,70.88101196289062,28160,0,0,0
4,rank4,12,pack_first_tx_ready,1,2.155,2.155,65.535,67.69000244140625,54,0,0,0
4,rank4,12,pack_mte3_exposed_wait,5,0.012,0.004,67.258,71.50100708007812,28160,0,0,0
4,rank4,13,kernel_total,1,30.077,30.077,65.528,95.60501098632812,0,0,0,0
4,rank4,13,pack_total,1,6.639,6.639,65.623,72.26199340820312,0,0,0,0
4,rank4,13,pack_input_wait,5,0.113,0.023,65.929,70.48800659179688,51200,0,0,0
4,rank4,13,pack_quantize,5,1.594,0.341,66.024,70.90701293945312,25600,55,0,0
4,rank4,13,pack_tx_publish,5,0.807,0.239,67.428,71.93600463867188,0,5,5,320
4,rank4,13,receive_total,1,22.963,22.963,72.456,95.41900634765625,0,0,0,0
4,rank4,13,rx_flag_poll_wait,1,17.765,17.765,72.862,90.62701416015625,15,43,37,473
4,rank4,13,rx_unpack_wait,6,1.217,0.318,90.911,94.12701416015625,31680,0,0,0
4,rank4,13,rx_unpack_dequant_clear,7,0.658,0.172,91.301,94.52099609375,30720,66,0,0
4,rank4,13,rx_output,1,0.336,0.336,94.621,94.95700073242188,10240,0,0,0
4,rank4,13,start_gate,1,63.535,63.535,1.887,65.4219970703125,0,0,0,0
4,rank4,13,pack_tx_data_submit,5,0.102,0.021,66.46,71.05801391601562,28160,0,0,0
4,rank4,13,pack_first_tx_ready,1,2.144,2.144,65.635,67.77899169921875,59,0,0,0
4,rank4,13,pack_mte3_exposed_wait,5,0.011,0.003,67.347,71.59201049804688,28160,0,0,0
4,rank4,14,kernel_total,1,24.402,24.402,65.621,90.02301025390625,0,0,0,0
4,rank4,14,pack_total,1,5.439,5.439,65.716,71.15499877929688,0,0,0,0
4,rank4,14,pack_input_wait,4,0.089,0.023,66.023,69.36099243164062,40960,0,0,0
4,rank4,14,pack_quantize,4,1.222,0.32,66.118,69.76800537109375,20480,44,0,0
4,rank4,14,pack_tx_publish,4,0.733,0.243,67.508,70.85699462890625,0,4,4,256
4,rank4,14,receive_total,1,18.506,18.506,71.337,89.84298706054688,0,0,0,0
4,rank4,14,rx_flag_poll_wait,1,13.512,13.512,71.744,85.25601196289062,9,32,26,352
4,rank4,14,rx_unpack_wait,6,1.034,0.343,85.551,88.53201293945312,31680,0,0,0
4,rank4,14,rx_unpack_dequant_clear,7,0.644,0.17,85.966,88.927001953125,30720,66,0,0
4,rank4,14,rx_output,1,0.338,0.338,89.027,89.364990234375,10240,0,0,0
4,rank4,14,start_gate,1,64.535,64.535,0.98,65.5150146484375,0,0,0,0
4,rank4,14,pack_tx_data_submit,4,0.082,0.021,66.534,69.927001953125,22528,0,0,0
4,rank4,14,pack_first_tx_ready,1,2.15,2.15,65.729,67.87899780273438,64,0,0,0
4,rank4,14,pack_mte3_exposed_wait,4,0.008,0.004,67.427,70.48699951171875,22528,0,0,0
4,rank4,15,kernel_total,1,32.316,32.316,65.291,97.60699462890625,0,0,0,0
4,rank4,15,pack_total,1,6.934,6.934,65.386,72.32000732421875,0,0,0,0
4,rank4,15,pack_input_wait,5,0.111,0.023,65.752,70.385986328125,51200,0,0,0
4,rank4,15,pack_quantize,5,1.557,0.345,65.847,70.81100463867188,25600,55,0,0
4,rank4,15,pack_tx_publish,5,0.985,0.245,67.276,72.01199340820312,0,5,5,320
4,rank4,15,receive_total,1,24.918,24.918,72.508,97.42599487304688,0,0,0,0
4,rank4,15,rx_flag_poll_wait,1,20.1,20.1,72.898,92.99798583984375,19,50,44,550
4,rank4,15,rx_unpack_wait,6,0.868,0.301,93.29,96.11001586914062,31680,0,0,0
4,rank4,15,rx_unpack_dequant_clear,7,0.644,0.166,93.664,96.50799560546875,30720,66,0,0
4,rank4,15,rx_output,1,0.339,0.339,96.609,96.947998046875,10240,0,0,0
4,rank4,15,start_gate,1,65.127,65.127,0.057,65.18399047851562,0,0,0,0
4,rank4,15,pack_tx_data_submit,5,0.103,0.021,66.293,70.96499633789062,28160,0,0,0
4,rank4,15,pack_first_tx_ready,1,2.247,2.247,65.398,67.64498901367188,68,0,0,0
4,rank4,15,pack_mte3_exposed_wait,5,0.01,0.003,67.198,71.62200927734375,28160,0,0,0
4,rank4,16,kernel_total,1,6.568,6.568,65.406,71.9739990234375,0,0,0,0
4,rank4,16,pack_total,1,5.517,5.517,65.501,71.01800537109375,0,0,0,0
4,rank4,16,pack_input_wait,4,0.089,0.023,65.804,69.0159912109375,40960,0,0,0
4,rank4,16,pack_quantize,4,1.224,0.324,65.904,69.42401123046875,20480,44,0,0
4,rank4,16,pack_tx_publish,4,0.701,0.234,67.301,70.5570068359375,0,4,4,256
4,rank4,16,receive_total,1,0.554,0.554,71.234,71.78799438476562,0,0,0,0
4,rank4,16,start_gate,1,63.464,63.464,1.841,65.30499267578125,0,0,0,0
4,rank4,16,pack_tx_data_submit,4,0.08,0.02,66.329,69.58099365234375,22528,0,0,0
4,rank4,16,pack_first_tx_ready,1,2.148,2.148,65.514,67.6619873046875,73,0,0,0
4,rank4,16,pack_mte3_exposed_wait,4,0.009,0.003,67.219,70.22500610351562,22528,0,0,0
4,rank4,17,kernel_total,1,29.416,29.416,65.199,94.614990234375,0,0,0,0
4,rank4,17,pack_total,1,6.59,6.59,65.293,71.88299560546875,0,0,0,0
4,rank4,17,pack_input_wait,5,0.111,0.023,65.599,70.08700561523438,51200,0,0,0
4,rank4,17,pack_quantize,5,1.535,0.333,65.694,70.50601196289062,25600,55,0,0
4,rank4,17,pack_tx_publish,5,0.837,0.231,67.117,71.55300903320312,0,5,5,320
4,rank4,17,receive_total,1,22.338,22.338,72.086,94.42401123046875,0,0,0,0
4,rank4,17,rx_flag_poll_wait,1,17.327,17.327,72.491,89.8179931640625,14,41,35,451
4,rank4,17,rx_unpack_wait,6,0.938,0.31,90.101,93.0159912109375,31680,0,0,0
4,rank4,17,rx_unpack_dequant_clear,7,0.654,0.176,90.483,93.41400146484375,30720,66,0,0
4,rank4,17,rx_output,1,0.344,0.344,93.518,93.86199951171875,10240,0,0,0
4,rank4,17,start_gate,1,63.703,63.703,1.39,65.09298706054688,0,0,0,0
4,rank4,17,pack_tx_data_submit,5,0.103,0.021,66.123,70.66000366210938,28160,0,0,0
4,rank4,17,pack_first_tx_ready,1,2.165,2.165,65.306,67.47100830078125,77,0,0,0
4,rank4,17,pack_mte3_exposed_wait,5,0.012,0.004,67.027,71.1820068359375,28160,0,0,0
4,rank4,18,kernel_total,1,34.78,34.78,65.666,100.44601440429688,0,0,0,0
4,rank4,18,pack_total,1,5.362,5.362,65.761,71.12298583984375,0,0,0,0
4,rank4,18,pack_input_wait,4,0.091,0.023,66.067,69.36801147460938,40960,0,0,0
4,rank4,18,pack_quantize,4,1.25,0.337,66.162,69.78399658203125,20480,44,0,0
4,rank4,18,pack_tx_publish,4,0.643,0.215,67.566,70.80999755859375,0,4,4,256
4,rank4,18,receive_total,1,28.953,28.953,71.309,100.26199340820312,0,0,0,0
4,rank4,18,rx_flag_poll_wait,1,23.984,23.984,71.708,95.69198608398438,18,60,54,660
4,rank4,18,rx_unpack_wait,6,0.937,0.307,95.976,98.96099853515625,31680,0,0,0
4,rank4,18,rx_unpack_dequant_clear,7,0.644,0.167,96.448,99.34799194335938,30720,66,0,0
4,rank4,18,rx_output,1,0.34,0.34,99.453,99.79299926757812,10240,0,0,0
4,rank4,18,start_gate,1,64.522,64.522,1.043,65.56500244140625,0,0,0,0
4,rank4,18,pack_tx_data_submit,4,0.083,0.021,66.599,69.94100952148438,22528,0,0,0
4,rank4,18,pack_first_tx_ready,1,2.133,2.133,65.773,67.906005859375,82,0,0,0
4,rank4,18,pack_mte3_exposed_wait,4,0.008,0.003,67.485,70.45999145507812,22528,0,0,0
4,rank4,19,kernel_total,1,28.507,28.507,65.458,93.96499633789062,0,0,0,0
4,rank4,19,pack_total,1,6.667,6.667,65.553,72.22000122070312,0,0,0,0
4,rank4,19,pack_input_wait,5,0.113,0.023,65.859,70.32901000976562,51200,0,0,0
4,rank4,19,pack_quantize,5,1.531,0.324,65.959,70.75698852539062,25600,55,0,0
4,rank4,19,pack_tx_publish,5,0.846,0.211,67.354,71.89300537109375,0,5,5,320
4,rank4,19,receive_total,1,21.373,21.373,72.406,93.77899169921875,0,0,0,0
4,rank4,19,rx_flag_poll_wait,1,16.385,16.385,72.824,89.20901489257812,10,40,34,440
4,rank4,19,rx_unpack_wait,6,1.012,0.324,89.505,92.4739990234375,31680,0,0,0
4,rank4,19,rx_unpack_dequant_clear,7,0.65,0.171,89.901,92.87298583984375,30720,66,0,0
4,rank4,19,rx_output,1,0.34,0.34,92.977,93.31698608398438,10240,0,0,0
4,rank4,19,start_gate,1,64.34,64.34,1.012,65.35198974609375,0,0,0,0
4,rank4,19,pack_tx_data_submit,5,0.101,0.021,66.379,70.90701293945312,28160,0,0,0
4,rank4,19,pack_first_tx_ready,1,2.123,2.123,65.566,67.68899536132812,86,0,0,0
4,rank4,19,pack_mte3_exposed_wait,5,0.012,0.004,67.267,71.53399658203125,28160,0,0,0
4,rank4,20,kernel_total,1,35.303,35.303,65.692,100.9949951171875,0,0,0,0
4,rank4,20,pack_total,1,6.605,6.605,65.787,72.39199829101562,0,0,0,0
4,rank4,20,pack_input_wait,5,0.112,0.023,66.129,70.635986328125,51200,0,0,0
4,rank4,20,pack_quantize,5,1.541,0.336,66.223,71.05899047851562,25600,55,0,0
4,rank4,20,pack_tx_publish,5,0.783,0.228,67.646,72.07598876953125,0,5,5,320
4,rank4,20,receive_total,1,28.199,28.199,72.6,100.79901123046875,0,0,0,0
4,rank4,20,rx_flag_poll_wait,1,23.237,23.237,72.998,96.23501586914062,25,55,49,605
4,rank4,20,rx_unpack_wait,6,0.922,0.293,96.525,99.510009765625,31680,0,0,0
4,rank4,20,rx_unpack_dequant_clear,7,0.669,0.19,96.958,99.90899658203125,30720,66,0,0
4,rank4,20,rx_output,1,0.344,0.344,100.013,100.35699462890625,10240,0,0,0
4,rank4,20,start_gate,1,63.775,63.775,1.816,65.59100341796875,0,0,0,0
4,rank4,20,pack_tx_data_submit,5,0.101,0.021,66.655,71.20901489257812,28160,0,0,0
4,rank4,20,pack_first_tx_ready,1,2.202,2.202,65.8,68.00201416015625,91,0,0,0
4,rank4,20,pack_mte3_exposed_wait,5,0.011,0.004,67.551,71.72698974609375,28160,0,0,0
4,rank4,21,kernel_total,1,6.753,6.753,65.13,71.88299560546875,0,0,0,0
4,rank4,21,pack_total,1,5.564,5.564,65.225,70.78900146484375,0,0,0,0
4,rank4,21,pack_input_wait,4,0.091,0.023,65.528,68.81201171875,40960,0,0,0
4,rank4,21,pack_quantize,4,1.23,0.329,65.623,69.218994140625,20480,44,0,0
4,rank4,21,pack_tx_publish,4,0.635,0.21,67.022,70.35699462890625,0,4,4,256
4,rank4,21,receive_total,1,0.515,0.515,70.997,71.51199340820312,0,0,0,0
4,rank4,21,start_gate,1,63.605,63.605,1.419,65.02398681640625,0,0,0,0
4,rank4,21,pack_tx_data_submit,4,0.084,0.021,66.048,69.37899780273438,22528,0,0,0
4,rank4,21,pack_first_tx_ready,1,2.122,2.122,65.238,67.36001586914062,96,0,0,0
4,rank4,21,pack_mte3_exposed_wait,4,0.008,0.003,66.941,69.91000366210938,22528,0,0,0
4,rank4,22,kernel_total,1,33.696,33.696,65.502,99.197998046875,0,0,0,0
4,rank4,22,pack_total,1,6.756,6.756,65.597,72.35299682617188,0,0,0,0
4,rank4,22,pack_input_wait,5,0.113,0.023,65.903,70.38198852539062,51200,0,0,0
4,rank4,22,pack_quantize,5,1.517,0.32,66.003,70.80099487304688,25600,55,0,0
4,rank4,22,pack_tx_publish,5,0.916,0.225,67.406,72.03500366210938,0,5,5,320
4,rank4,22,receive_total,1,26.459,26.459,72.55,99.00900268554688,0,0,0,0
4,rank4,22,rx_flag_poll_wait,1,21.611,21.611,72.956,94.56698608398438,16,52,46,572
4,rank4,22,rx_unpack_wait,6,0.841,0.3,94.875,97.69000244140625,31680,0,0,0
4,rank4,22,rx_unpack_dequant_clear,7,0.654,0.176,95.247,98.08401489257812,30720,66,0,0
4,rank4,22,rx_output,1,0.342,0.342,98.188,98.52999877929688,10240,0,0,0
4,rank4,22,start_gate,1,63.952,63.952,1.449,65.4010009765625,0,0,0,0
4,rank4,22,pack_tx_data_submit,5,0.103,0.021,66.419,70.95199584960938,28160,0,0,0
4,rank4,22,pack_first_tx_ready,1,2.148,2.148,65.609,67.75698852539062,100,0,0,0
4,rank4,22,pack_mte3_exposed_wait,5,0.01,0.003,67.32,71.60400390625,28160,0,0,0
4,rank4,23,kernel_total,1,28.405,28.405,66.318,94.72299194335938,0,0,0,0
4,rank4,23,pack_total,1,5.353,5.353,66.413,71.7659912109375,0,0,0,0
4,rank4,23,pack_input_wait,4,0.09,0.023,66.718,69.95498657226562,40960,0,0,0
4,rank4,23,pack_quantize,4,1.222,0.328,66.819,70.35400390625,20480,44,0,0
4,rank4,23,pack_tx_publish,4,0.673,0.218,68.225,71.47201538085938,0,4,4,256
4,rank4,23,receive_total,1,22.587,22.587,71.946,94.53298950195312,0,0,0,0
4,rank4,23,rx_flag_poll_wait,1,17.541,17.541,72.313,89.85400390625,17,41,35,451
4,rank4,23,rx_unpack_wait,6,1.032,0.421,90.153,93.239990234375,31680,0,0,0
4,rank4,23,rx_unpack_dequant_clear,7,0.649,0.167,90.738,93.63101196289062,30720,66,0,0
4,rank4,23,rx_output,1,0.345,0.345,93.731,94.07598876953125,10240,0,0,0
4,rank4,23,start_gate,1,66.062,66.062,0.15,66.21200561523438,0,0,0,0
4,rank4,23,pack_tx_data_submit,4,0.084,0.021,67.247,70.51199340820312,22528,0,0,0
4,rank4,23,pack_first_tx_ready,1,2.149,2.149,66.426,68.57501220703125,105,0,0,0
4,rank4,23,pack_mte3_exposed_wait,4,0.009,0.003,68.138,71.13800048828125,22528,0,0,0
4,rank4,24,kernel_total,1,31.002,31.002,65.238,96.239990234375,0,0,0,0
4,rank4,24,pack_total,1,6.594,6.594,65.332,71.92599487304688,0,0,0,0
4,rank4,24,pack_input_wait,5,0.111,0.023,65.638,70.13299560546875,51200,0,0,0
4,rank4,24,pack_quantize,5,1.556,0.342,65.732,70.5570068359375,25600,55,0,0
4,rank4,24,pack_tx_publish,5,0.745,0.221,67.149,71.56698608398438,0,5,5,320
4,rank4,24,receive_total,1,23.927,23.927,72.128,96.05499267578125,0,0,0,0
4,rank4,24,rx_flag_poll_wait,1,18.926,18.926,72.551,91.47698974609375,14,46,40,506
4,rank4,24,rx_unpack_wait,6,0.9,0.355,91.763,94.72201538085938,31680,0,0,0
4,rank4,24,rx_unpack_dequant_clear,7,0.651,0.172,92.282,95.11599731445312,30720,66,0,0
4,rank4,24,rx_output,1,0.347,0.347,95.22,95.56698608398438,10240,0,0,0
4,rank4,24,start_gate,1,63.143,63.143,1.993,65.135986328125,0,0,0,0
4,rank4,24,pack_tx_data_submit,5,0.103,0.021,66.17,70.70700073242188,28160,0,0,0
4,rank4,24,pack_first_tx_ready,1,2.151,2.151,65.345,67.49600219726562,109,0,0,0
4,rank4,24,pack_mte3_exposed_wait,5,0.012,0.003,67.071,71.22100830078125,28160,0,0,0
4,rank4,25,kernel_total,1,6.461,6.461,65.712,72.17300415039062,0,0,0,0
4,rank4,25,pack_total,1,5.398,5.398,65.806,71.20401000976562,0,0,0,0
4,rank4,25,pack_input_wait,4,0.089,0.023,66.112,69.40499877929688,40960,0,0,0
4,rank4,25,pack_quantize,4,1.227,0.328,66.211,69.81100463867188,20480,44,0,0
4,rank4,25,pack_tx_publish,4,0.641,0.22,67.601,70.864013671875,0,4,4,256
4,rank4,25,receive_total,1,0.591,0.591,71.4,71.99099731445312,0,0,0,0
4,rank4,25,start_gate,1,63.584,63.584,2.027,65.61099243164062,0,0,0,0
4,rank4,25,pack_tx_data_submit,4,0.083,0.021,66.639,69.96798706054688,22528,0,0,0
4,rank4,25,pack_first_tx_ready,1,2.128,2.128,65.819,67.94699096679688,114,0,0,0
4,rank4,25,pack_mte3_exposed_wait,4,0.009,0.003,67.52,70.4840087890625,22528,0,0,0
4,rank4,26,kernel_total,1,27.571,27.571,65.382,92.9530029296875,0,0,0,0
4,rank4,26,pack_total,1,6.665,6.665,65.477,72.14199829101562,0,0,0,0
4,rank4,26,pack_input_wait,5,0.113,0.023,65.783,70.22500610351562,51200,0,0,0
4,rank4,26,pack_quantize,5,1.547,0.331,65.883,70.64801025390625,25600,55,0,0
4,rank4,26,pack_tx_publish,5,0.83,0.214,67.291,71.8179931640625,0,5,5,320
4,rank4,26,receive_total,1,20.418,20.418,72.349,92.76699829101562,0,0,0,0
4,rank4,26,rx_flag_poll_wait,1,15.652,15.652,72.763,88.41500854492188,15,37,31,407
4,rank4,26,rx_unpack_wait,6,0.901,0.3,88.709,91.57598876953125,31680,0,0,0
4,rank4,26,rx_unpack_dequant_clear,7,0.645,0.164,89.08,91.96600341796875,30720,66,0,0
4,rank4,26,rx_output,1,0.345,0.345,92.07,92.41500854492188,10240,0,0,0
4,rank4,26,start_gate,1,64.613,64.613,0.668,65.281005859375,0,0,0,0
4,rank4,26,pack_tx_data_submit,5,0.101,0.021,66.31,70.79901123046875,28160,0,0,0
4,rank4,26,pack_first_tx_ready,1,2.143,2.143,65.489,67.63198852539062,118,0,0,0
4,rank4,26,pack_mte3_exposed_wait,5,0.012,0.003,67.21,71.43798828125,28160,0,0,0
4,rank4,27,kernel_total,1,21.698,21.698,65.601,87.29901123046875,0,0,0,0
4,rank4,27,pack_total,1,6.763,6.763,65.696,72.45901489257812,0,0,0,0
4,rank4,27,pack_input_wait,5,0.113,0.023,66.003,70.55300903320312,51200,0,0,0
4,rank4,27,pack_quantize,5,1.496,0.312,66.188,70.97900390625,25600,55,0,0
4,rank4,27,pack_tx_publish,5,0.779,0.23,67.577,72.08200073242188,0,5,5,320
4,rank4,27,receive_total,1,14.447,14.447,72.669,87.11599731445312,0,0,0,0
4,rank4,27,rx_flag_poll_wait,1,9.475,9.475,73.069,82.54400634765625,5,21,15,231
4,rank4,27,rx_unpack_wait,6,0.933,0.306,82.844,85.82598876953125,31680,0,0,0
4,rank4,27,rx_unpack_dequant_clear,7,0.65,0.164,83.329,86.21701049804688,30720,66,0,0
4,rank4,27,rx_output,1,0.352,0.352,86.314,86.666015625,10240,0,0,0
4,rank4,27,start_gate,1,65.471,65.471,0.024,65.4949951171875,0,0,0,0
4,rank4,27,pack_tx_data_submit,5,0.104,0.021,66.585,71.14700317382812,28160,0,0,0
4,rank4,27,pack_first_tx_ready,1,2.207,2.207,65.709,67.916015625,123,0,0,0
4,rank4,27,pack_mte3_exposed_wait,5,0.012,0.003,67.485,71.67901611328125,28160,0,0,0
4,rank4,28,kernel_total,1,26.229,26.229,66.374,92.60299682617188,0,0,0,0
4,rank4,28,pack_total,1,5.345,5.345,66.468,71.81298828125,0,0,0,0
4,rank4,28,pack_input_wait,4,0.09,0.023,66.77,70.07901000976562,40960,0,0,0
4,rank4,28,pack_quantize,4,1.23,0.337,66.87,70.48599243164062,20480,44,0,0
4,rank4,28,pack_tx_publish,4,0.679,0.226,68.269,71.50799560546875,0,4,4,256
4,rank4,28,receive_total,1,20.384,20.384,72.022,92.406005859375,0,0,0,0
4,rank4,28,rx_flag_poll_wait,1,15.453,15.453,72.405,87.85800170898438,19,36,30,396
4,rank4,28,rx_unpack_wait,6,1.03,0.295,88.184,91.2139892578125,31680,0,0,0
4,rank4,28,rx_unpack_dequant_clear,7,0.673,0.195,88.551,91.6090087890625,30720,66,0,0
4,rank4,28,rx_output,1,0.335,0.335,91.713,92.04800415039062,10240,0,0,0
4,rank4,28,start_gate,1,64.555,64.555,1.713,66.26800537109375,0,0,0,0
4,rank4,28,pack_tx_data_submit,4,0.082,0.021,67.303,70.64401245117188,22528,0,0,0
4,rank4,28,pack_first_tx_ready,1,2.14,2.14,66.481,68.62100219726562,128,0,0,0
4,rank4,28,pack_mte3_exposed_wait,4,0.009,0.003,68.184,71.1719970703125,22528,0,0,0
4,rank4,29,kernel_total,1,7.742,7.742,65.725,73.46701049804688,0,0,0,0
4,rank4,29,pack_total,1,6.677,6.677,65.819,72.49600219726562,0,0,0,0
4,rank4,29,pack_input_wait,5,0.112,0.023,66.125,70.60198974609375,51200,0,0,0
4,rank4,29,pack_quantize,5,1.538,0.332,66.224,71.02801513671875,25600,55,0,0
4,rank4,29,pack_tx_publish,5,0.907,0.226,67.637,72.14700317382812,0,5,5,320
4,rank4,29,receive_total,1,0.565,0.565,72.709,73.27398681640625,0,0,0,0
4,rank4,29,start_gate,1,64.731,64.731,0.814,65.54501342773438,0,0,0,0
4,rank4,29,pack_tx_data_submit,5,0.102,0.021,66.652,71.17800903320312,28160,0,0,0
4,rank4,29,pack_first_tx_ready,1,2.158,2.158,65.832,67.989990234375,132,0,0,0
4,rank4,29,pack_mte3_exposed_wait,5,0.011,0.003,67.55,71.80899047851562,28160,0,0,0
4,rank4,30,kernel_total,1,28.105,28.105,65.32,93.42498779296875,0,0,0,0
4,rank4,30,pack_total,1,5.551,5.551,65.415,70.96600341796875,0,0,0,0
4,rank4,30,pack_input_wait,4,0.09,0.023,65.781,69.041015625,40960,0,0,0
4,rank4,30,pack_quantize,4,1.199,0.308,65.923,69.44699096679688,20480,44,0,0
4,rank4,30,pack_tx_publish,4,0.685,0.228,67.298,70.5989990234375,0,4,4,256
4,rank4,30,receive_total,1,22.037,22.037,71.193,93.23001098632812,0,0,0,0
4,rank4,30,rx_flag_poll_wait,1,17.217,17.217,71.593,88.80999755859375,10,42,36,462
4,rank4,30,rx_unpack_wait,6,0.854,0.297,89.118,91.94198608398438,31680,0,0,0
4,rank4,30,rx_unpack_dequant_clear,7,0.653,0.171,89.487,92.3330078125,30720,66,0,0
4,rank4,30,rx_output,1,0.336,0.336,92.437,92.77301025390625,10240,0,0,0
4,rank4,30,start_gate,1,65.214,65.214,0.0,65.2139892578125,0,0,0,0
4,rank4,30,pack_tx_data_submit,4,0.084,0.021,66.32,69.60699462890625,22528,0,0,0
4,rank4,30,pack_first_tx_ready,1,2.225,2.225,65.428,67.65301513671875,137,0,0,0
4,rank4,30,pack_mte3_exposed_wait,4,0.008,0.003,67.217,70.239013671875,22528,0,0,0
4,rank4,31,kernel_total,1,33.29,33.29,65.577,98.86700439453125,0,0,0,0
4,rank4,31,pack_total,1,6.76,6.76,65.671,72.43099975585938,0,0,0,0
4,rank4,31,pack_input_wait,5,0.113,0.023,65.976,70.47299194335938,51200,0,0,0
4,rank4,31,pack_quantize,5,1.56,0.341,66.076,70.89498901367188,25600,55,0,0
4,rank4,31,pack_tx_publish,5,0.869,0.228,67.504,72.08401489257812,0,5,5,320
4,rank4,31,receive_total,1,26.036,26.036,72.635,98.67098999023438,0,0,0,0
4,rank4,31,rx_flag_poll_wait,1,21.134,21.134,73.028,94.1619873046875,21,51,45,561
4,rank4,31,rx_unpack_wait,6,0.936,0.306,94.452,97.37399291992188,31680,0,0,0
4,rank4,31,rx_unpack_dequant_clear,7,0.659,0.181,94.83,97.76800537109375,30720,66,0,0
4,rank4,31,rx_output,1,0.344,0.344,97.872,98.21600341796875,10240,0,0,0
4,rank4,31,start_gate,1,64.587,64.587,0.888,65.47500610351562,0,0,0,0
4,rank4,31,pack_tx_data_submit,5,0.102,0.021,66.513,71.04501342773438,28160,0,0,0
4,rank4,31,pack_first_tx_ready,1,2.156,2.156,65.684,67.83999633789062,141,0,0,0
4,rank4,31,pack_mte3_exposed_wait,5,0.011,0.003,67.421,71.552001953125,28160,0,0,0
4,rank4,32,kernel_total,1,28.806,28.806,64.672,93.47799682617188,0,0,0,0
4,rank4,32,pack_total,1,5.535,5.535,64.857,70.39199829101562,0,0,0,0
4,rank4,32,pack_input_wait,4,0.091,0.023,65.163,68.40301513671875,40960,0,0,0
4,rank4,32,pack_quantize,4,1.248,0.337,65.263,68.81399536132812,20480,44,0,0
4,rank4,32,pack_tx_publish,4,0.556,0.209,66.664,69.82101440429688,0,4,4,256
4,rank4,32,receive_total,1,22.681,22.681,70.598,93.27899169921875,0,0,0,0
4,rank4,32,rx_flag_poll_wait,1,17.685,17.685,70.999,88.68399047851562,16,41,35,451
4,rank4,32,rx_unpack_wait,6,1.085,0.349,89.005,92.07400512695312,31680,0,0,0
4,rank4,32,rx_unpack_dequant_clear,7,0.667,0.19,89.426,92.47201538085938,30720,66,0,0
4,rank4,32,rx_output,1,0.353,0.353,92.576,92.92901611328125,10240,0,0,0
4,rank4,32,start_gate,1,62.725,62.725,1.841,64.56600952148438,0,0,0,0
4,rank4,32,pack_tx_data_submit,4,0.082,0.021,65.696,68.97299194335938,22528,0,0,0
4,rank4,32,pack_first_tx_ready,1,2.13,2.13,64.87,67.0,146,0,0,0
4,rank4,32,pack_mte3_exposed_wait,4,0.01,0.003,66.577,69.49099731445312,22528,0,0,0
4,rank4,33,kernel_total,1,7.306,7.306,64.772,72.0780029296875,0,0,0,0
4,rank4,33,pack_total,1,6.374,6.374,64.866,71.239990234375,0,0,0,0
4,rank4,33,pack_input_wait,5,0.111,0.023,65.172,69.48199462890625,51200,0,0,0
4,rank4,33,pack_quantize,5,1.592,0.375,65.272,69.906005859375,25600,55,0,0
4,rank4,33,pack_tx_publish,5,0.579,0.116,66.716,70.92498779296875,0,5,5,320
4,rank4,33,receive_total,1,0.436,0.436,71.446,71.88198852539062,0,0,0,0
4,rank4,33,start_gate,1,62.108,62.108,2.483,64.59100341796875,0,0,0,0
4,rank4,33,pack_tx_data_submit,5,0.103,0.021,65.747,70.0570068359375,28160,0,0,0
4,rank4,33,pack_first_tx_ready,1,2.076,2.076,64.879,66.95498657226562,150,0,0,0
4,rank4,33,pack_mte3_exposed_wait,5,0.01,0.003,66.635,70.5780029296875,28160,0,0,0
4,rank4,34,kernel_total,1,35.65,35.65,65.433,101.0830078125,0,0,0,0
4,rank4,34,pack_total,1,6.383,6.383,65.528,71.9110107421875,0,0,0,0
4,rank4,34,pack_input_wait,5,0.113,0.023,65.833,70.15899658203125,51200,0,0,0
4,rank4,34,pack_quantize,5,1.539,0.333,65.932,70.57699584960938,25600,55,0,0
4,rank4,34,pack_tx_publish,5,0.609,0.13,67.344,71.5830078125,0,5,5,320
4,rank4,34,receive_total,1,28.752,28.752,72.129,100.88101196289062,0,0,0,0
4,rank4,34,rx_flag_poll_wait,1,24.022,24.022,72.51,96.53201293945312,27,57,51,627
4,rank4,34,rx_unpack_wait,6,0.847,0.313,96.825,99.67098999023438,31680,0,0,0
4,rank4,34,rx_unpack_dequant_clear,7,0.676,0.196,97.21,100.07101440429688,30720,66,0,0
4,rank4,34,rx_output,1,0.346,0.346,100.179,100.52499389648438,10240,0,0,0
4,rank4,34,start_gate,1,62.602,62.602,2.725,65.32699584960938,0,0,0,0
4,rank4,34,pack_tx_data_submit,5,0.101,0.021,66.361,70.72698974609375,28160,0,0,0
4,rank4,34,pack_first_tx_ready,1,2.061,2.061,65.54,67.60101318359375,155,0,0,0
4,rank4,34,pack_mte3_exposed_wait,5,0.011,0.003,67.263,71.260986328125,28160,0,0,0
4,rank4,35,kernel_total,1,25.054,25.054,64.951,90.0050048828125,0,0,0,0
4,rank4,35,pack_total,1,5.393,5.393,65.046,70.43899536132812,0,0,0,0
4,rank4,35,pack_input_wait,4,0.09,0.023,65.351,68.47799682617188,40960,0,0,0
4,rank4,35,pack_quantize,4,1.239,0.325,65.451,68.885986328125,20480,44,0,0
4,rank4,35,pack_tx_publish,4,0.465,0.117,66.857,69.88198852539062,0,4,4,256
4,rank4,35,receive_total,1,19.151,19.151,70.652,89.80300903320312,0,0,0,0
4,rank4,35,rx_flag_poll_wait,1,14.374,14.374,71.035,85.40899658203125,10,35,29,385
4,rank4,35,rx_unpack_wait,6,0.898,0.31,85.706,88.60000610351562,31680,0,0,0
4,rank4,35,rx_unpack_dequant_clear,7,0.678,0.201,86.088,88.9949951171875,30720,66,0,0
4,rank4,35,rx_output,1,0.345,0.345,89.1,89.44500732421875,10240,0,0,0
4,rank4,35,start_gate,1,62.241,62.241,2.609,64.85000610351562,0,0,0,0
4,rank4,35,pack_tx_data_submit,4,0.083,0.021,65.872,69.04400634765625,22528,0,0,0
4,rank4,35,pack_first_tx_ready,1,2.044,2.044,65.058,67.10198974609375,160,0,0,0
4,rank4,35,pack_mte3_exposed_wait,4,0.008,0.003,66.775,69.55899047851562,22528,0,0,0
4,rank4,36,kernel_total,1,26.797,26.797,65.292,92.0889892578125,0,0,0,0
4,rank4,36,pack_total,1,6.469,6.469,65.386,71.85501098632812,0,0,0,0
4,rank4,36,pack_input_wait,5,0.111,0.023,65.691,70.05401611328125,51200,0,0,0
4,rank4,36,pack_quantize,5,1.548,0.326,65.79,70.47900390625,25600,55,0,0
4,rank4,36,pack_tx_publish,5,0.668,0.134,67.206,71.54000854492188,0,5,5,320
4,rank4,36,receive_total,1,19.857,19.857,72.04,91.89700317382812,0,0,0,0
4,rank4,36,rx_flag_poll_wait,1,14.874,14.874,72.431,87.30499267578125,11,35,29,385
4,rank4,36,rx_unpack_wait,6,1.011,0.339,87.614,90.72000122070312,31680,0,0,0
4,rank4,36,rx_unpack_dequant_clear,7,0.651,0.173,88.124,91.11898803710938,30720,66,0,0
4,rank4,36,rx_output,1,0.331,0.331,91.216,91.5469970703125,10240,0,0,0
4,rank4,36,start_gate,1,62.978,62.978,2.204,65.1820068359375,0,0,0,0
4,rank4,36,pack_tx_data_submit,5,0.103,0.021,66.226,70.63101196289062,28160,0,0,0
4,rank4,36,pack_first_tx_ready,1,2.068,2.068,65.399,67.46701049804688,164,0,0,0
4,rank4,36,pack_mte3_exposed_wait,5,0.013,0.003,67.121,71.18301391601562,28160,0,0,0
4,rank4,37,kernel_total,1,6.595,6.595,65.174,71.76901245117188,0,0,0,0
4,rank4,37,pack_total,1,5.249,5.249,65.269,70.51800537109375,0,0,0,0
4,rank4,37,pack_input_wait,4,0.09,0.023,65.571,68.739990234375,40960,0,0,0
4,rank4,37,pack_quantize,4,1.239,0.336,65.668,69.14801025390625,20480,44,0,0
4,rank4,37,pack_tx_publish,4,0.522,0.134,67.102,70.20901489257812,0,4,4,256
4,rank4,37,receive_total,1,0.445,0.445,70.717,71.1619873046875,0,0,0,0
4,rank4,37,start_gate,1,64.058,64.058,1.005,65.06298828125,0,0,0,0
4,rank4,37,pack_tx_data_submit,4,0.083,0.021,66.118,69.30499267578125,22528,0,0,0
4,rank4,37,pack_first_tx_ready,1,2.077,2.077,65.281,67.35800170898438,169,0,0,0
4,rank4,37,pack_mte3_exposed_wait,4,0.009,0.003,67.011,69.843994140625,22528,0,0,0
4,rank4,38,kernel_total,1,30.271,30.271,64.763,95.03399658203125,0,0,0,0
4,rank4,38,pack_total,1,6.479,6.479,64.857,71.33599853515625,0,0,0,0
4,rank4,38,pack_input_wait,5,0.111,0.023,65.208,69.54800415039062,51200,0,0,0
4,rank4,38,pack_quantize,5,1.547,0.344,65.306,69.96701049804688,25600,55,0,0
4,rank4,38,pack_tx_publish,5,0.658,0.132,66.718,71.02899169921875,0,5,5,320
4,rank4,38,receive_total,1,23.288,23.288,71.549,94.83700561523438,0,0,0,0
4,rank4,38,rx_flag_poll_wait,1,18.503,18.503,71.934,90.43701171875,17,43,37,473
4,rank4,38,rx_unpack_wait,6,0.895,0.356,90.733,93.6510009765625,31680,0,0,0
4,rank4,38,rx_unpack_dequant_clear,7,0.664,0.181,91.17,94.04299926757812,30720,66,0,0
4,rank4,38,rx_output,1,0.341,0.341,94.143,94.4840087890625,10240,0,0,0
4,rank4,38,start_gate,1,62.295,62.295,2.362,64.65701293945312,0,0,0,0
4,rank4,38,pack_tx_data_submit,5,0.103,0.021,65.747,70.12100219726562,28160,0,0,0
4,rank4,38,pack_first_tx_ready,1,2.109,2.109,64.87,66.97900390625,173,0,0,0
4,rank4,38,pack_mte3_exposed_wait,5,0.011,0.003,66.637,70.69100952148438,28160,0,0,0
4,rank4,39,kernel_total,1,27.902,27.902,65.002,92.90399169921875,0,0,0,0
4,rank4,39,pack_total,1,5.375,5.375,65.096,70.47100830078125,0,0,0,0
4,rank4,39,pack_input_wait,4,0.092,0.023,65.402,68.59799194335938,40960,0,0,0
4,rank4,39,pack_quantize,4,1.244,0.334,65.505,69.00201416015625,20480,44,0,0
4,rank4,39,pack_tx_publish,4,0.516,0.132,66.925,70.03201293945312,0,4,4,256
4,rank4,39,receive_total,1,22.022,22.022,70.683,92.70498657226562,0,0,0,0
4,rank4,39,rx_flag_poll_wait,1,17.162,17.162,71.07,88.23199462890625,12,42,36,462
4,rank4,39,rx_unpack_wait,6,0.954,0.399,88.53,91.50299072265625,31680,0,0,0
4,rank4,39,rx_unpack_dequant_clear,7,0.662,0.188,89.005,91.90499877929688,30720,66,0,0
4,rank4,39,rx_output,1,0.345,0.345,92.005,92.35000610351562,10240,0,0,0
4,rank4,39,start_gate,1,62.476,62.476,2.42,64.89599609375,0,0,0,0
4,rank4,39,pack_tx_data_submit,4,0.083,0.021,65.952,69.15899658203125,22528,0,0,0
4,rank4,39,pack_first_tx_ready,1,2.069,2.069,65.109,67.17800903320312,178,0,0,0
4,rank4,39,pack_mte3_exposed_wait,4,0.01,0.003,66.837,69.68499755859375,22528,0,0,0
4,rank4,40,kernel_total,1,26.651,26.651,65.121,91.77200317382812,0,0,0,0
4,rank4,40,pack_total,1,6.536,6.536,65.216,71.75201416015625,0,0,0,0
4,rank4,40,pack_input_wait,5,0.113,0.023,65.591,69.968994140625,51200,0,0,0
4,rank4,40,pack_quantize,5,1.551,0.343,65.694,70.38400268554688,25600,55,0,0
4,rank4,40,pack_tx_publish,5,0.605,0.122,67.148,71.43798828125,0,5,5,320
4,rank4,40,receive_total,1,19.661,19.661,71.925,91.58599853515625,0,0,0,0
4,rank4,40,rx_flag_poll_wait,1,14.745,14.745,72.322,87.06698608398438,15,33,27,363
4,rank4,40,rx_unpack_wait,6,1.048,0.347,87.362,90.37298583984375,31680,0,0,0
4,rank4,40,rx_unpack_dequant_clear,7,0.655,0.164,87.781,90.76800537109375,30720,66,0,0
4,rank4,40,rx_output,1,0.347,0.347,90.869,91.21600341796875,10240,0,0,0
4,rank4,40,start_gate,1,63.817,63.817,1.194,65.010986328125,0,0,0,0
4,rank4,40,pack_tx_data_submit,5,0.102,0.021,66.151,70.53799438476562,28160,0,0,0
4,rank4,40,pack_first_tx_ready,1,2.169,2.169,65.228,67.39700317382812,182,0,0,0
4,rank4,40,pack_mte3_exposed_wait,5,0.012,0.003,67.061,71.07598876953125,28160,0,0,0
4,rank4,41,kernel_total,1,28.26,28.26,64.884,93.14401245117188,0,0,0,0
4,rank4,41,pack_total,1,6.466,6.466,64.978,71.44400024414062,0,0,0,0
4,rank4,41,pack_input_wait,5,0.111,0.023,65.285,69.6510009765625,51200,0,0,0
4,rank4,41,pack_quantize,5,1.556,0.333,65.388,70.06698608398438,25600,55,0,0
4,rank4,41,pack_tx_publish,5,0.626,0.131,66.822,71.12799072265625,0,5,5,320
4,rank4,41,receive_total,1,21.33,21.33,71.626,92.95599365234375,0,0,0,0
4,rank4,41,rx_flag_poll_wait,1,16.399,16.399,72.025,88.42401123046875,10,39,33,429
4,rank4,41,rx_unpack_wait,6,1.027,0.328,88.71,91.72601318359375,31680,0,0,0
4,rank4,41,rx_unpack_dequant_clear,7,0.648,0.164,89.114,92.135009765625,30720,66,0,0
4,rank4,41,rx_output,1,0.349,0.349,92.232,92.58099365234375,10240,0,0,0
4,rank4,41,start_gate,1,63.374,63.374,1.4,64.77398681640625,0,0,0,0
4,rank4,41,pack_tx_data_submit,5,0.102,0.021,65.826,70.22100830078125,28160,0,0,0
4,rank4,41,pack_first_tx_ready,1,2.075,2.075,64.991,67.06600952148438,187,0,0,0
4,rank4,41,pack_mte3_exposed_wait,5,0.012,0.003,66.73,70.7650146484375,28160,0,0,0
4,rank4,42,kernel_total,1,43.398,43.398,65.084,108.48199462890625,0,0,0,0
4,rank4,42,send_total,1,23.66,23.66,69.122,92.78201293945312,0,0,0,0
4,rank4,42,tx_meta_scan,9,1.62,0.247,70.929,85.2139892578125,0,1,8,0
4,rank4,42,tx_ready_poll,9,0.019,0.003,70.608,84.95098876953125,0,9,0,0
4,rank4,42,self_copy,1,0.811,0.811,71.337,72.14801025390625,5632,0,0,0
4,rank4,42,udma_post,8,8.42,1.251,73.01,86.26901245117188,45056,8,1,0
4,rank4,42,udma_quiet,4,4.005,1.383,87.672,92.51800537109375,4,0,0,0
4,rank4,42,local_rx_wait,1,9.049,9.049,92.928,101.97698974609375,42,0,0,0
4,rank4,42,round_publish,1,6.228,6.228,102.057,108.28500366210938,1,64,1,1
4,rank4,42,global_round_wait,1,3.832,3.832,65.178,69.010009765625,1,119,0,0
4,rank4,42,start_gate,1,62.888,62.888,2.097,64.98501586914062,1,64,1,1
4,rank4,43,kernel_total,1,41.993,41.993,64.803,106.79598999023438,0,0,0,0
4,rank4,43,send_total,1,26.243,26.243,69.278,95.52099609375,0,0,0,0
4,rank4,43,tx_meta_scan,9,1.711,0.276,71.225,86.51998901367188,0,0,9,0
4,rank4,43,tx_ready_poll,9,0.017,0.003,70.764,86.2550048828125,0,9,0,0
4,rank4,43,udma_post,9,10.298,1.659,71.773,87.59701538085938,50688,9,1,0
4,rank4,43,udma_quiet,5,5.195,1.409,89.015,95.25799560546875,5,0,0,0
4,rank4,43,local_rx_wait,1,3.709,3.709,95.683,99.39199829101562,0,0,0,0
4,rank4,43,round_publish,1,4.051,4.051,102.443,106.49398803710938,1,64,1,1
4,rank4,43,global_round_wait,1,4.27,4.27,64.896,69.166015625,1,119,0,0
4,rank4,43,start_gate,1,62.482,62.482,2.218,64.70001220703125,1,64,1,1
4,rank4,44,kernel_total,1,41.047,41.047,65.301,106.34799194335938,0,0,0,0
4,rank4,44,send_total,1,24.732,24.732,69.228,93.95999145507812,0,0,0,0
4,rank4,44,tx_meta_scan,9,1.627,0.246,71.171,85.90499877929688,0,1,8,0
4,rank4,44,tx_ready_poll,9,0.016,0.003,70.699,85.57998657226562,0,9,0,0
4,rank4,44,self_copy,1,0.963,0.963,84.384,85.34701538085938,5632,0,0,0
4,rank4,44,udma_post,8,8.605,1.665,71.834,86.93399047851562,45056,8,1,0
4,rank4,44,udma_quiet,5,4.415,1.282,88.324,93.66900634765625,5,0,0,0
4,rank4,44,local_rx_wait,1,2.238,2.238,94.118,96.35598754882812,0,0,0,0
4,rank4,44,round_publish,1,3.585,3.585,102.47,106.05499267578125,1,64,1,1
4,rank4,44,global_round_wait,1,3.722,3.722,65.394,69.11599731445312,1,119,0,0
4,rank4,44,start_gate,1,62.926,62.926,2.277,65.2030029296875,1,64,1,1
4,rank4,45,kernel_total,1,42.028,42.028,66.036,108.06399536132812,0,0,0,0
4,rank4,45,send_total,1,21.435,21.435,69.169,90.60400390625,0,0,0,0
4,rank4,45,tx_meta_scan,9,1.71,0.311,71.143,85.385986328125,0,5,4,0
4,rank4,45,tx_ready_poll,9,0.019,0.003,70.638,85.12100219726562,0,9,0,0
4,rank4,45,self_copy,5,4.172,0.932,75.841,86.28799438476562,28160,0,0,0
4,rank4,45,udma_post,4,4.373,1.694,71.87,83.322998046875,22528,4,1,0
4,rank4,45,udma_quiet,2,2.287,1.647,87.731,90.32199096679688,2,0,0,0
4,rank4,45,local_rx_wait,1,8.635,8.635,90.748,99.38299560546875,0,0,0,0
4,rank4,45,round_publish,1,5.271,5.271,102.494,107.7650146484375,1,64,1,1
4,rank4,45,global_round_wait,1,2.933,2.933,66.129,69.06201171875,1,119,0,0
4,rank4,45,start_gate,1,63.641,63.641,2.296,65.93701171875,1,64,1,1
4,rank4,46,kernel_total,1,38.38,38.38,64.973,103.35299682617188,0,0,0,0
4,rank4,46,send_total,1,27.389,27.389,68.946,96.33499145507812,0,0,0,0
4,rank4,46,tx_meta_scan,9,1.772,0.26,70.944,87.35299682617188,0,1,8,0
4,rank4,46,tx_ready_poll,10,0.022,0.003,70.454,87.08499145507812,1,9,0,0
4,rank4,46,self_copy,1,1.213,1.213,75.849,77.06201171875,5632,0,0,0
4,rank4,46,udma_post,8,9.791,2.294,71.379,88.24200439453125,45056,8,1,0
4,rank4,46,udma_quiet,5,4.523,1.144,90.508,96.08099365234375,5,0,0,0
4,rank4,46,local_rx_wait,1,0.542,0.542,96.475,97.01699829101562,0,0,0,0
4,rank4,46,round_publish,1,0.561,0.561,102.517,103.0780029296875,0,0,0,0
4,rank4,46,global_round_wait,1,3.693,3.693,65.066,68.75900268554688,0,119,0,0
4,rank4,46,start_gate,1,64.157,64.157,0.713,64.8699951171875,0,0,0,0
4,rank4,47,kernel_total,1,42.973,42.973,64.826,107.79901123046875,0,0,0,0
4,rank4,47,send_total,1,27.909,27.909,68.961,96.8699951171875,0,0,0,0
4,rank4,47,tx_meta_scan,9,1.833,0.298,71.075,86.4639892578125,0,0,9,0
4,rank4,47,tx_ready_poll,10,0.019,0.003,70.458,86.08099365234375,1,9,0,0
4,rank4,47,udma_post,9,9.775,1.632,71.487,87.34201049804688,50688,9,1,0
4,rank4,47,udma_quiet,6,5.752,1.513,89.568,96.61898803710938,6,0,0,0
4,rank4,47,local_rx_wait,1,0.317,0.317,96.935,97.25201416015625,0,0,0,0
4,rank4,47,round_publish,1,4.925,4.925,102.589,107.51400756835938,1,64,1,1
4,rank4,47,global_round_wait,1,3.93,3.93,64.919,68.8489990234375,1,119,0,0
4,rank4,47,start_gate,1,62.069,62.069,2.659,64.72799682617188,1,64,1,1
4,rank4,48,kernel_total,1,41.867,41.867,65.208,107.07501220703125,0,0,0,0
4,rank4,48,send_total,1,26.433,26.433,69.303,95.73599243164062,0,0,0,0
4,rank4,48,tx_meta_scan,9,1.57,0.226,71.305,86.66799926757812,0,1,8,0
4,rank4,48,tx_ready_poll,10,0.019,0.003,70.795,86.27899169921875,1,9,0,0
4,rank4,48,self_copy,1,0.733,0.733,81.935,82.66799926757812,5632,0,0,0
4,rank4,48,udma_post,8,8.443,1.469,71.709,87.739013671875,45056,8,1,0
4,rank4,48,udma_quiet,4,4.566,1.628,90.025,95.40899658203125,4,0,0,0
4,rank4,48,local_rx_wait,1,0.461,0.461,95.88,96.34100341796875,0,0,0,0
4,rank4,48,round_publish,1,4.211,4.211,102.562,106.77301025390625,1,64,1,1
4,rank4,48,global_round_wait,1,3.889,3.889,65.302,69.19100952148438,1,119,0,0
4,rank4,48,start_gate,1,62.435,62.435,2.67,65.10501098632812,1,64,1,1
4,rank4,49,kernel_total,1,41.824,41.824,65.371,107.19500732421875,0,0,0,0
4,rank4,49,send_total,1,26.688,26.688,68.943,95.63101196289062,0,0,0,0
4,rank4,49,tx_meta_scan,9,1.586,0.251,70.68,85.84201049804688,0,1,8,0
4,rank4,49,tx_ready_poll,9,0.018,0.003,70.432,85.468994140625,0,9,0,0
4,rank4,49,self_copy,1,1.294,1.294,73.337,74.63101196289062,5632,0,0,0
4,rank4,49,udma_post,8,8.676,1.453,71.072,87.02099609375,45056,8,1,0
4,rank4,49,udma_quiet,5,5.909,2.076,88.389,95.3699951171875,5,0,0,0
4,rank4,49,local_rx_wait,1,3.912,3.912,95.784,99.69601440429688,0,0,0,0
4,rank4,49,round_publish,1,4.281,4.281,102.61,106.8909912109375,1,64,1,1
4,rank4,49,global_round_wait,1,3.363,3.363,65.464,68.82699584960938,1,119,0,0
4,rank4,49,start_gate,1,62.574,62.574,2.698,65.27200317382812,1,64,1,1
4,rank4,50,kernel_total,1,30.555,30.555,64.71,95.2650146484375,0,0,0,0
4,rank4,50,send_total,1,25.189,25.189,69.191,94.3800048828125,0,0,0,0
4,rank4,50,tx_meta_scan,9,1.487,0.24,70.973,85.31500244140625,0,1,8,0
4,rank4,50,tx_ready_poll,9,0.016,0.003,70.682,85.0469970703125,0,9,0,0
4,rank4,50,self_copy,1,0.862,0.862,83.952,84.81399536132812,5632,0,0,0
4,rank4,50,udma_post,8,8.573,1.577,71.433,86.22601318359375,45056,8,1,0
4,rank4,50,udma_quiet,5,5.501,2.447,87.587,94.13900756835938,5,0,0,0
4,rank4,50,local_rx_wait,1,0.303,0.303,94.519,94.82199096679688,0,0,0,0
4,rank4,50,global_round_wait,1,4.19,4.19,64.803,68.99301147460938,0,0,0,0
4,rank4,50,start_gate,1,63.713,63.713,0.894,64.60699462890625,0,0,0,0
4,rank4,51,kernel_total,1,33.328,33.328,66.063,99.3909912109375,0,0,0,0
4,rank4,51,send_total,1,24.464,24.464,69.077,93.541015625,0,0,0,0
4,rank4,51,tx_meta_scan,9,1.507,0.209,71.205,86.2659912109375,0,3,6,0
4,rank4,51,tx_ready_poll,9,0.017,0.003,70.588,85.9949951171875,0,9,0,0
4,rank4,51,self_copy,3,2.538,0.941,80.175,87.20401000976562,16896,0,0,0
4,rank4,51,udma_post,6,7.609,1.93,71.63,84.35198974609375,33792,6,1,0
4,rank4,51,udma_quiet,4,3.897,1.173,88.634,93.29299926757812,4,0,0,0
4,rank4,51,local_rx_wait,1,5.264,5.264,93.703,98.96701049804688,0,0,0,0
4,rank4,51,global_round_wait,1,2.81,2.81,66.156,68.96600341796875,0,0,0,0
4,rank4,51,start_gate,1,65.131,65.131,0.828,65.95901489257812,0,0,0,0
4,rank4,52,kernel_total,1,32.075,32.075,64.845,96.92001342773438,0,0,0,0
4,rank4,52,send_total,1,27.012,27.012,69.027,96.03900146484375,0,0,0,0
4,rank4,52,tx_meta_scan,9,1.529,0.222,70.9,86.0469970703125,0,0,9,0
4,rank4,52,tx_ready_poll,9,0.014,0.003,70.539,85.80499267578125,0,9,0,0
4,rank4,52,udma_post,9,10.355,1.749,71.296,87.35699462890625,50688,9,1,0
4,rank4,52,udma_quiet,6,5.817,1.134,88.712,95.78399658203125,6,0,0,0
4,rank4,52,local_rx_wait,1,0.298,0.298,96.185,96.48300170898438,0,0,0,0
4,rank4,52,global_round_wait,1,3.981,3.981,64.938,68.91900634765625,0,0,0,0
4,rank4,52,start_gate,1,62.435,62.435,2.311,64.74600219726562,0,0,0,0
4,rank4,53,kernel_total,1,28.008,28.008,64.898,92.906005859375,0,0,0,0
4,rank4,53,send_total,1,22.623,22.623,68.984,91.60699462890625,0,0,0,0
4,rank4,53,tx_meta_scan,9,1.601,0.294,70.734,84.88299560546875,0,3,6,0
4,rank4,53,tx_ready_poll,9,0.023,0.003,70.505,84.60501098632812,0,9,0,0
4,rank4,53,self_copy,3,2.406,0.834,73.338,80.32699584960938,16896,0,0,0
4,rank4,53,udma_post,6,6.418,1.48,71.159,85.77301025390625,33792,6,1,0
4,rank4,53,udma_quiet,3,3.68,1.579,87.124,91.31201171875,3,0,0,0
4,rank4,53,local_rx_wait,1,0.71,0.71,91.758,92.46798706054688,0,0,0,0
4,rank4,53,global_round_wait,1,3.88,3.88,64.992,68.87200927734375,0,0,0,0
4,rank4,53,start_gate,1,62.83,62.83,1.965,64.79501342773438,0,0,0,0
4,rank4,54,kernel_total,1,36.123,36.123,65.392,101.5150146484375,0,0,0,0
4,rank4,54,send_total,1,26.083,26.083,68.838,94.92098999023438,0,0,0,0
4,rank4,54,tx_meta_scan,9,1.537,0.235,70.938,85.98098754882812,0,2,7,0
4,rank4,54,tx_ready_poll,10,0.02,0.003,70.346,85.59799194335938,1,9,0,0
4,rank4,54,self_copy,2,1.874,1.043,81.307,87.14300537109375,11264,0,0,0
4,rank4,54,udma_post,7,7.796,1.686,71.589,85.375,39424,7,1,0
4,rank4,54,udma_quiet,5,4.347,1.491,89.353,94.6510009765625,5,0,0,0
4,rank4,54,local_rx_wait,1,6.022,6.022,95.068,101.08999633789062,0,0,0,0
4,rank4,54,global_round_wait,1,3.245,3.245,65.486,68.73098754882812,0,0,0,0
4,rank4,54,start_gate,1,64.549,64.549,0.745,65.29400634765625,0,0,0,0
4,rank4,55,kernel_total,1,30.316,30.316,65.918,96.2340087890625,0,0,0,0
4,rank4,55,send_total,1,25.313,25.313,69.245,94.55801391601562,0,0,0,0
4,rank4,55,tx_meta_scan,9,1.661,0.272,71.362,86.11599731445312,0,2,7,0
4,rank4,55,tx_ready_poll,10,0.017,0.003,70.779,85.74099731445312,1,9,0,0
4,rank4,55,self_copy,2,1.593,0.848,74.276,76.62100219726562,11264,0,0,0
4,rank4,55,udma_post,7,7.666,1.724,71.816,87.06900024414062,39424,7,1,0
4,rank4,55,udma_quiet,4,4.149,1.404,89.322,94.30401611328125,4,0,0,0
4,rank4,55,local_rx_wait,1,1.06,1.06,94.745,95.80499267578125,0,0,0,0
4,rank4,55,global_round_wait,1,3.126,3.126,66.012,69.13800048828125,0,0,0,0
4,rank4,55,start_gate,1,64.51,64.51,1.305,65.81500244140625,0,0,0,0
4,rank4,56,kernel_total,1,31.907,31.907,65.141,97.04800415039062,0,0,0,0
4,rank4,56,send_total,1,27.278,27.278,68.796,96.07400512695312,0,0,0,0
4,rank4,56,tx_meta_scan,9,1.603,0.289,70.924,86.20700073242188,0,1,8,0
4,rank4,56,tx_ready_poll,10,0.015,0.002,70.336,85.77899169921875,1,9,0,0
4,rank4,56,self_copy,1,0.781,0.781,71.461,72.24200439453125,5632,0,0,0
4,rank4,56,udma_post,8,9.05,1.383,73.16,87.32101440429688,45056,8,1,0
4,rank4,56,udma_quiet,6,4.979,1.175,89.498,95.80801391601562,6,0,0,0
4,rank4,56,local_rx_wait,1,0.268,0.268,96.233,96.50100708007812,0,0,0,0
4,rank4,56,global_round_wait,1,3.454,3.454,65.235,68.68899536132812,0,0,0,0
4,rank4,56,start_gate,1,62.512,62.512,2.526,65.03799438476562,0,0,0,0
4,rank4,57,kernel_total,1,33.074,33.074,65.261,98.33499145507812,0,0,0,0
4,rank4,57,send_total,1,25.502,25.502,69.199,94.70098876953125,0,0,0,0
4,rank4,57,tx_meta_scan,9,1.537,0.247,71.056,85.62799072265625,0,2,7,0
4,rank4,57,tx_ready_poll,9,0.017,0.003,70.73,85.35400390625,0,9,0,0
4,rank4,57,self_copy,2,1.681,0.9,81.104,83.42599487304688,11264,0,0,0
4,rank4,57,udma_post,7,8.381,1.809,71.522,87.10299682617188,39424,7,1,0
4,rank4,57,udma_quiet,4,5.105,2.003,88.505,94.41000366210938,4,0,0,0
4,rank4,57,local_rx_wait,1,2.963,2.963,94.844,97.8070068359375,0,0,0,0
4,rank4,57,global_round_wait,1,3.733,3.733,65.354,69.08700561523438,0,0,0,0
4,rank4,57,start_gate,1,63.486,63.486,1.672,65.15798950195312,0,0,0,0
4,rank4,58,kernel_total,1,30.789,30.789,64.782,95.57101440429688,0,0,0,0
4,rank4,58,send_total,1,25.657,25.657,68.889,94.54598999023438,0,0,0,0
4,rank4,58,tx_meta_scan,8,1.388,0.218,70.803,83.95599365234375,0,1,7,0
4,rank4,58,tx_ready_poll,8,0.012,0.002,70.421,83.68301391601562,0,8,0,0
4,rank4,58,self_copy,1,0.79,0.79,75.553,76.34298706054688,5632,0,0,0
4,rank4,58,udma_post,7,7.917,1.526,71.202,84.83599853515625,39424,7,1,0
4,rank4,58,udma_quiet,5,6.945,3.556,86.289,94.29501342773438,5,0,0,0
4,rank4,58,local_rx_wait,1,0.357,0.357,94.688,95.04501342773438,0,0,0,0
4,rank4,58,global_round_wait,1,3.902,3.902,64.875,68.77700805664062,0,0,0,0
4,rank4,58,start_gate,1,62.652,62.652,2.026,64.67800903320312,0,0,0,0
4,rank4,59,kernel_total,1,30.304,30.304,64.926,95.23001098632812,0,0,0,0
4,rank4,59,send_total,1,25.031,25.031,68.822,93.85299682617188,0,0,0,0
4,rank4,59,tx_meta_scan,8,1.431,0.301,70.629,84.12799072265625,0,1,7,0
4,rank4,59,tx_ready_poll,8,0.013,0.003,70.354,83.72100830078125,0,8,0,0
4,rank4,59,self_copy,1,0.757,0.757,79.282,80.03900146484375,5632,0,0,0
4,rank4,59,udma_post,7,8.508,1.436,71.027,85.70098876953125,39424,7,1,0
4,rank4,59,udma_quiet,6,5.1,1.106,87.171,93.60000610351562,6,0,0,0
4,rank4,59,local_rx_wait,1,0.78,0.78,93.998,94.77801513671875,0,0,0,0
4,rank4,59,global_round_wait,1,3.692,3.692,65.019,68.71099853515625,0,0,0,0
4,rank4,59,start_gate,1,63.023,63.023,1.8,64.822998046875,0,0,0,0
4,rank4,60,kernel_total,1,36.004,36.004,65.04,101.04400634765625,0,0,0,0
4,rank4,60,send_total,1,23.698,23.698,68.908,92.60598754882812,0,0,0,0
4,rank4,60,tx_meta_scan,8,1.422,0.221,70.853,84.2080078125,0,0,8,0
4,rank4,60,tx_ready_poll,8,0.013,0.002,70.471,83.90200805664062,0,8,0,0
4,rank4,60,udma_post,8,9.007,1.577,71.254,85.2340087890625,45056,8,1,0
4,rank4,60,udma_quiet,5,4.662,1.299,86.677,92.36199951171875,5,0,0,0
4,rank4,60,local_rx_wait,1,7.836,7.836,92.759,100.59500122070312,0,0,0,0
4,rank4,60,global_round_wait,1,3.663,3.663,65.134,68.7969970703125,0,0,0,0
4,rank4,60,start_gate,1,63.478,63.478,1.459,64.93701171875,0,0,0,0
4,rank4,61,kernel_total,1,30.365,30.365,65.344,95.70901489257812,0,0,0,0
4,rank4,61,send_total,1,25.65,25.65,69.153,94.80300903320312,0,0,0,0
4,rank4,61,tx_meta_scan,8,1.317,0.212,71.27,85.093994140625,0,0,8,0
4,rank4,61,tx_ready_poll,8,0.018,0.003,70.714,84.843994140625,0,8,0,0
4,rank4,61,udma_post,8,9.53,1.738,71.719,86.06698608398438,45056,8,1,0
4,rank4,61,udma_quiet,6,5.82,1.83,87.492,94.56900024414062,6,0,0,0
4,rank4,61,local_rx_wait,1,0.286,0.286,94.958,95.24398803710938,0,0,0,0
4,rank4,61,global_round_wait,1,3.6,3.6,65.438,69.03799438476562,0,0,0,0
4,rank4,61,start_gate,1,63.759,63.759,1.487,65.24600219726562,0,0,0,0
4,rank4,62,kernel_total,1,36.76,36.76,64.73,101.489990234375,0,0,0,0
4,rank4,62,send_total,1,24.52,24.52,69.002,93.52200317382812,0,0,0,0
4,rank4,62,tx_meta_scan,8,1.588,0.367,70.83,84.86300659179688,0,0,8,0
4,rank4,62,tx_ready_poll,8,0.015,0.003,70.555,84.57400512695312,0,8,0,0
4,rank4,62,udma_post,8,9.222,1.661,71.56,86.0159912109375,45056,8,1,0
4,rank4,62,udma_quiet,5,4.762,1.263,87.44,93.27999877929688,5,0,0,0
4,rank4,62,local_rx_wait,1,7.379,7.379,93.665,101.04400634765625,0,0,0,0
4,rank4,62,global_round_wait,1,4.072,4.072,64.823,68.89498901367188,0,0,0,0
4,rank4,62,start_gate,1,63.382,63.382,1.245,64.62701416015625,0,0,0,0
4,rank4,63,kernel_total,1,28.836,28.836,65.06,93.89599609375,0,0,0,0
4,rank4,63,send_total,1,23.942,23.942,69.05,92.99200439453125,0,0,0,0
4,rank4,63,tx_meta_scan,8,1.29,0.19,71.233,84.96600341796875,0,1,7,0
4,rank4,63,tx_ready_poll,9,0.02,0.003,70.599,84.57101440429688,1,8,0,0
4,rank4,63,self_copy,1,1.056,1.056,78.212,79.26800537109375,5632,0,0,0
4,rank4,63,udma_post,7,7.99,1.694,71.681,86.01699829101562,39424,7,1,0
4,rank4,63,udma_quiet,3,3.969,1.777,88.247,92.7130126953125,3,0,0,0
4,rank4,63,local_rx_wait,1,0.297,0.297,93.147,93.44400024414062,0,0,0,0
4,rank4,63,global_round_wait,1,3.785,3.785,65.154,68.93899536132812,0,0,0,0
4,rank4,63,start_gate,1,63.687,63.687,1.274,64.96099853515625,0,0,0,0
5,rank5,0,kernel_total,1,6.629,6.629,81.923,88.552001953125,0,0,0,0
5,rank5,0,pack_total,1,5.604,5.604,82.018,87.62200927734375,0,0,0,0
5,rank5,0,pack_input_wait,4,0.09,0.023,82.322,85.71701049804688,40960,0,0,0
5,rank5,0,pack_quantize,4,1.245,0.345,82.42,86.1240234375,20480,44,0,0
5,rank5,0,pack_tx_publish,4,0.828,0.237,83.854,87.31201171875,0,4,4,256
5,rank5,0,receive_total,1,0.541,0.541,87.834,88.375,0,0,0,0
5,rank5,0,start_gate,1,79.245,79.245,2.577,81.822021484375,0,0,0,0
5,rank5,0,pack_tx_data_submit,4,0.082,0.021,82.872,86.28500366210938,22528,0,0,0
5,rank5,0,pack_first_tx_ready,1,2.187,2.187,82.031,84.218017578125,0,0,0,0
5,rank5,0,pack_mte3_exposed_wait,4,0.011,0.004,83.762,86.8480224609375,22528,0,0,0
5,rank5,1,kernel_total,1,31.499,31.499,81.826,113.32501220703125,0,0,0,0
5,rank5,1,pack_total,1,6.759,6.759,81.921,88.68002319335938,0,0,0,0
5,rank5,1,pack_input_wait,5,0.114,0.023,82.227,86.74502563476562,51200,0,0,0
5,rank5,1,pack_quantize,5,1.557,0.342,82.327,87.17800903320312,25600,55,0,0
5,rank5,1,pack_tx_publish,5,0.954,0.238,83.745,88.364013671875,0,5,5,320
5,rank5,1,receive_total,1,24.241,24.241,88.901,113.14202880859375,0,0,0,0
5,rank5,1,rx_flag_poll_wait,1,19.434,19.434,89.276,108.71002197265625,15,45,39,495
5,rank5,1,rx_unpack_wait,6,0.915,0.355,108.986,111.86602783203125,31680,0,0,0
5,rank5,1,rx_unpack_dequant_clear,7,0.645,0.163,109.413,112.25701904296875,30720,66,0,0
5,rank5,1,rx_output,1,0.354,0.354,112.358,112.71200561523438,10240,0,0,0
5,rank5,1,start_gate,1,79.191,79.191,2.529,81.72000122070312,0,0,0,0
5,rank5,1,pack_tx_data_submit,5,0.103,0.021,82.764,87.3280029296875,28160,0,0,0
5,rank5,1,pack_first_tx_ready,1,2.175,2.175,81.934,84.1090087890625,4,0,0,0
5,rank5,1,pack_mte3_exposed_wait,5,0.011,0.003,83.659,87.96902465820312,28160,0,0,0
5,rank5,2,kernel_total,1,21.059,21.059,81.521,102.58001708984375,0,0,0,0
5,rank5,2,pack_total,1,5.702,5.702,81.615,87.3170166015625,0,0,0,0
5,rank5,2,pack_input_wait,4,0.089,0.023,81.972,85.2550048828125,40960,0,0,0
5,rank5,2,pack_quantize,4,1.263,0.335,82.071,85.67001342773438,20480,44,0,0
5,rank5,2,pack_tx_publish,4,0.718,0.237,83.491,86.84201049804688,0,4,4,256
5,rank5,2,receive_total,1,14.858,14.858,87.528,102.38601684570312,0,0,0,0
5,rank5,2,rx_flag_poll_wait,1,9.867,9.867,87.912,97.77902221679688,5,21,15,231
5,rank5,2,rx_unpack_wait,6,1.082,0.358,98.069,101.11700439453125,31680,0,0,0
5,rank5,2,rx_unpack_dequant_clear,7,0.656,0.178,98.499,101.51101684570312,30720,66,0,0
5,rank5,2,rx_output,1,0.351,0.351,101.612,101.9630126953125,10240,0,0,0
5,rank5,2,start_gate,1,79.59,79.59,1.824,81.41400146484375,0,0,0,0
5,rank5,2,pack_tx_data_submit,4,0.082,0.021,82.501,85.8270263671875,22528,0,0,0
5,rank5,2,pack_first_tx_ready,1,2.224,2.224,81.628,83.85202026367188,9,0,0,0
5,rank5,2,pack_mte3_exposed_wait,4,0.009,0.003,83.401,86.4730224609375,22528,0,0,0
5,rank5,3,kernel_total,1,29.026,29.026,81.597,110.62301635742188,0,0,0,0
5,rank5,3,pack_total,1,6.795,6.795,81.692,88.48703002929688,0,0,0,0
5,rank5,3,pack_input_wait,5,0.113,0.023,81.997,86.54000854492188,51200,0,0,0
5,rank5,3,pack_quantize,5,1.627,0.369,82.097,86.9630126953125,25600,55,0,0
5,rank5,3,pack_tx_publish,5,0.92,0.206,83.533,88.14501953125,0,5,5,320
5,rank5,3,receive_total,1,21.732,21.732,88.697,110.42901611328125,0,0,0,0
5,rank5,3,rx_flag_poll_wait,1,16.676,16.676,89.084,105.760009765625,17,38,32,418
5,rank5,3,rx_unpack_wait,6,1.113,0.407,106.046,109.156005859375,31680,0,0,0
5,rank5,3,rx_unpack_dequant_clear,7,0.683,0.204,106.525,109.54501342773438,30720,66,0,0
5,rank5,3,rx_output,1,0.347,0.347,109.645,109.99200439453125,10240,0,0,0
5,rank5,3,start_gate,1,79.898,79.898,1.593,81.49102783203125,0,0,0,0
5,rank5,3,pack_tx_data_submit,5,0.103,0.021,82.55,87.11300659179688,28160,0,0,0
5,rank5,3,pack_first_tx_ready,1,2.157,2.157,81.704,83.86102294921875,13,0,0,0
5,rank5,3,pack_mte3_exposed_wait,5,0.011,0.004,83.447,87.72601318359375,28160,0,0,0
5,rank5,4,kernel_total,1,6.603,6.603,81.879,88.48202514648438,0,0,0,0
5,rank5,4,pack_total,1,5.569,5.569,81.974,87.54302978515625,0,0,0,0
5,rank5,4,pack_input_wait,4,0.091,0.023,82.276,85.60000610351562,40960,0,0,0
5,rank5,4,pack_quantize,4,1.25,0.335,82.376,86.01901245117188,20480,44,0,0
5,rank5,4,pack_tx_publish,4,0.83,0.27,83.795,87.21600341796875,0,4,4,256
5,rank5,4,receive_total,1,0.555,0.555,87.746,88.301025390625,0,0,0,0
5,rank5,4,start_gate,1,78.937,78.937,2.836,81.77301025390625,0,0,0,0
5,rank5,4,pack_tx_data_submit,4,0.082,0.021,82.807,86.17901611328125,22528,0,0,0
5,rank5,4,pack_first_tx_ready,1,2.15,2.15,81.986,84.13601684570312,18,0,0,0
5,rank5,4,pack_mte3_exposed_wait,4,0.009,0.003,83.7,86.71401977539062,22528,0,0,0
5,rank5,5,kernel_total,1,26.671,26.671,81.956,108.62701416015625,0,0,0,0
5,rank5,5,pack_total,1,6.756,6.756,82.051,88.8070068359375,0,0,0,0
5,rank5,5,pack_input_wait,5,0.111,0.023,82.358,86.86300659179688,51200,0,0,0
5,rank5,5,pack_quantize,5,1.546,0.329,82.457,87.27801513671875,25600,55,0,0
5,rank5,5,pack_tx_publish,5,0.907,0.224,83.862,88.46200561523438,0,5,5,320
5,rank5,5,receive_total,1,19.437,19.437,89.012,108.44900512695312,0,0,0,0
5,rank5,5,rx_flag_poll_wait,1,14.612,14.612,89.406,104.01800537109375,9,33,27,363
5,rank5,5,rx_unpack_wait,6,1.036,0.357,104.292,107.27200317382812,31680,0,0,0
5,rank5,5,rx_unpack_dequant_clear,7,0.636,0.159,104.721,107.666015625,30720,66,0,0
5,rank5,5,rx_output,1,0.349,0.349,107.766,108.11502075195312,10240,0,0,0
5,rank5,5,start_gate,1,79.145,79.145,2.705,81.85000610351562,0,0,0,0
5,rank5,5,pack_tx_data_submit,5,0.104,0.021,82.882,87.42901611328125,28160,0,0,0
5,rank5,5,pack_first_tx_ready,1,2.149,2.149,82.064,84.2130126953125,22,0,0,0
5,rank5,5,pack_mte3_exposed_wait,5,0.01,0.003,83.781,88.0570068359375,28160,0,0,0
5,rank5,6,kernel_total,1,28.929,28.929,81.752,110.6810302734375,0,0,0,0
5,rank5,6,pack_total,1,6.676,6.676,81.847,88.52301025390625,0,0,0,0
5,rank5,6,pack_input_wait,5,0.111,0.023,82.153,86.63201904296875,51200,0,0,0
5,rank5,6,pack_quantize,5,1.57,0.341,82.247,87.0560302734375,25600,55,0,0
5,rank5,6,pack_tx_publish,5,0.893,0.228,83.658,88.20401000976562,0,5,5,320
5,rank5,6,receive_total,1,21.766,21.766,88.725,110.49102783203125,0,0,0,0
5,rank5,6,rx_flag_poll_wait,1,16.671,16.671,89.113,105.78402709960938,16,37,31,407
5,rank5,6,rx_unpack_wait,6,1.124,0.363,106.08,109.23703002929688,31680,0,0,0
5,rank5,6,rx_unpack_dequant_clear,7,0.657,0.175,106.589,109.62301635742188,30720,66,0,0
5,rank5,6,rx_output,1,0.345,0.345,109.727,110.072021484375,10240,0,0,0
5,rank5,6,start_gate,1,80.556,80.556,1.09,81.64602661132812,0,0,0,0
5,rank5,6,pack_tx_data_submit,5,0.102,0.021,82.688,87.20602416992188,28160,0,0,0
5,rank5,6,pack_first_tx_ready,1,2.133,2.133,81.859,83.99200439453125,27,0,0,0
5,rank5,6,pack_mte3_exposed_wait,5,0.01,0.003,83.577,87.73501586914062,28160,0,0,0
5,rank5,7,kernel_total,1,28.884,28.884,81.702,110.58602905273438,0,0,0,0
5,rank5,7,pack_total,1,5.633,5.633,81.796,87.42901611328125,0,0,0,0
5,rank5,7,pack_input_wait,4,0.09,0.023,82.099,85.427001953125,40960,0,0,0
5,rank5,7,pack_quantize,4,1.227,0.33,82.199,85.83700561523438,20480,44,0,0
5,rank5,7,pack_tx_publish,4,0.693,0.225,83.605,86.947021484375,0,4,4,256
5,rank5,7,receive_total,1,22.752,22.752,87.644,110.39602661132812,0,0,0,0
5,rank5,7,rx_flag_poll_wait,1,17.818,17.818,88.019,105.83700561523438,19,40,34,440
5,rank5,7,rx_unpack_wait,6,1.015,0.321,106.127,109.12002563476562,31680,0,0,0
5,rank5,7,rx_unpack_dequant_clear,7,0.656,0.178,106.52,109.51101684570312,30720,66,0,0
5,rank5,7,rx_output,1,0.353,0.353,109.611,109.96401977539062,10240,0,0,0
5,rank5,7,start_gate,1,78.766,78.766,2.83,81.59600830078125,0,0,0,0
5,rank5,7,pack_tx_data_submit,4,0.082,0.021,82.625,85.98602294921875,22528,0,0,0
5,rank5,7,pack_first_tx_ready,1,2.143,2.143,81.809,83.9520263671875,32,0,0,0
5,rank5,7,pack_mte3_exposed_wait,4,0.009,0.004,83.518,86.53900146484375,22528,0,0,0
5,rank5,8,kernel_total,1,7.666,7.666,81.857,89.52301025390625,0,0,0,0
5,rank5,8,pack_total,1,6.599,6.599,81.951,88.55001831054688,0,0,0,0
5,rank5,8,pack_input_wait,5,0.111,0.023,82.258,86.71701049804688,51200,0,0,0
5,rank5,8,pack_quantize,5,1.549,0.329,82.357,87.13702392578125,25600,55,0,0
5,rank5,8,pack_tx_publish,5,0.832,0.209,83.785,88.2440185546875,0,5,5,320
5,rank5,8,receive_total,1,0.611,0.611,88.747,89.35800170898438,0,0,0,0
5,rank5,8,start_gate,1,79.127,79.127,2.624,81.75100708007812,0,0,0,0
5,rank5,8,pack_tx_data_submit,5,0.103,0.021,82.786,87.28701782226562,28160,0,0,0
5,rank5,8,pack_first_tx_ready,1,2.152,2.152,81.964,84.11602783203125,36,0,0,0
5,rank5,8,pack_mte3_exposed_wait,5,0.008,0.003,83.699,87.90902709960938,28160,0,0,0
5,rank5,9,kernel_total,1,29.581,29.581,82.143,111.72402954101562,0,0,0,0
5,rank5,9,pack_total,1,5.344,5.344,82.238,87.58200073242188,0,0,0,0
5,rank5,9,pack_input_wait,4,0.09,0.023,82.544,85.75802612304688,40960,0,0,0
5,rank5,9,pack_quantize,4,1.258,0.344,82.644,86.16702270507812,20480,44,0,0
5,rank5,9,pack_tx_publish,4,0.629,0.209,84.066,87.27001953125,0,4,4,256
5,rank5,9,receive_total,1,23.775,23.775,87.779,111.55401611328125,0,0,0,0
5,rank5,9,rx_flag_poll_wait,1,18.68,18.68,88.182,106.86203002929688,14,44,38,484
5,rank5,9,rx_unpack_wait,6,1.158,0.318,107.125,110.218017578125,31680,0,0,0
5,rank5,9,rx_unpack_dequant_clear,7,0.629,0.15,107.516,110.60800170898438,30720,66,0,0
5,rank5,9,rx_output,1,0.345,0.345,110.709,111.05401611328125,10240,0,0,0
5,rank5,9,start_gate,1,79.116,79.116,2.926,82.04202270507812,0,0,0,0
5,rank5,9,pack_tx_data_submit,4,0.083,0.021,83.088,86.31600952148438,22528,0,0,0
5,rank5,9,pack_first_tx_ready,1,2.151,2.151,82.251,84.40200805664062,41,0,0,0
5,rank5,9,pack_mte3_exposed_wait,4,0.009,0.003,83.98,86.93502807617188,22528,0,0,0
5,rank5,10,kernel_total,1,21.871,21.871,81.475,103.34600830078125,0,0,0,0
5,rank5,10,pack_total,1,6.688,6.688,81.57,88.25802612304688,0,0,0,0
5,rank5,10,pack_input_wait,5,0.113,0.023,81.942,86.47500610351562,51200,0,0,0
5,rank5,10,pack_quantize,5,1.551,0.335,82.042,86.9000244140625,25600,55,0,0
5,rank5,10,pack_tx_publish,5,0.86,0.242,83.447,87.94802856445312,0,5,5,320
5,rank5,10,receive_total,1,14.689,14.689,88.479,103.16802978515625,0,0,0,0
5,rank5,10,rx_flag_poll_wait,1,9.883,9.883,88.854,98.73703002929688,6,23,17,253
5,rank5,10,rx_unpack_wait,6,0.971,0.32,99.011,101.9010009765625,31680,0,0,0
5,rank5,10,rx_unpack_dequant_clear,7,0.634,0.153,99.403,102.29302978515625,30720,66,0,0
5,rank5,10,rx_output,1,0.335,0.335,102.393,102.72802734375,10240,0,0,0
5,rank5,10,start_gate,1,78.866,78.866,2.503,81.3690185546875,0,0,0,0
5,rank5,10,pack_tx_data_submit,5,0.104,0.021,82.477,87.05001831054688,28160,0,0,0
5,rank5,10,pack_first_tx_ready,1,2.234,2.234,81.582,83.81600952148438,45,0,0,0
5,rank5,10,pack_mte3_exposed_wait,5,0.011,0.004,83.366,87.59500122070312,28160,0,0,0
5,rank5,11,kernel_total,1,28.668,28.668,81.657,110.32501220703125,0,0,0,0
5,rank5,11,pack_total,1,5.52,5.52,81.751,87.27102661132812,0,0,0,0
5,rank5,11,pack_input_wait,4,0.09,0.023,82.055,85.40902709960938,40960,0,0,0
5,rank5,11,pack_quantize,4,1.229,0.33,82.154,85.81002807617188,20480,44,0,0
5,rank5,11,pack_tx_publish,4,0.733,0.243,83.56,86.92800903320312,0,4,4,256
5,rank5,11,receive_total,1,22.668,22.668,87.478,110.14602661132812,0,0,0,0
5,rank5,11,rx_flag_poll_wait,1,17.748,17.748,87.866,105.614013671875,10,43,37,473
5,rank5,11,rx_unpack_wait,6,1.077,0.321,105.891,108.99502563476562,31680,0,0,0
5,rank5,11,rx_unpack_dequant_clear,7,0.642,0.164,106.37,109.3900146484375,30720,66,0,0
5,rank5,11,rx_output,1,0.335,0.335,109.491,109.82601928710938,10240,0,0,0
5,rank5,11,start_gate,1,78.847,78.847,2.703,81.55001831054688,0,0,0,0
5,rank5,11,pack_tx_data_submit,4,0.081,0.021,82.58,85.97000122070312,22528,0,0,0
5,rank5,11,pack_first_tx_ready,1,2.166,2.166,81.764,83.93002319335938,50,0,0,0
5,rank5,11,pack_mte3_exposed_wait,4,0.009,0.003,83.474,86.50900268554688,22528,0,0,0
5,rank5,12,kernel_total,1,7.687,7.687,81.906,89.593017578125,0,0,0,0
5,rank5,12,pack_total,1,6.623,6.623,82.001,88.6240234375,0,0,0,0
5,rank5,12,pack_input_wait,5,0.113,0.023,82.306,86.75802612304688,51200,0,0,0
5,rank5,12,pack_quantize,5,1.544,0.325,82.406,87.19000244140625,25600,55,0,0
5,rank5,12,pack_tx_publish,5,0.89,0.225,83.805,88.31402587890625,0,5,5,320
5,rank5,12,receive_total,1,0.584,0.584,88.829,89.41302490234375,0,0,0,0
5,rank5,12,start_gate,1,80.421,80.421,1.379,81.80001831054688,0,0,0,0
5,rank5,12,pack_tx_data_submit,5,0.101,0.021,82.832,87.34100341796875,28160,0,0,0
5,rank5,12,pack_first_tx_ready,1,2.143,2.143,82.014,84.15701293945312,54,0,0,0
5,rank5,12,pack_mte3_exposed_wait,5,0.011,0.003,83.724,87.9730224609375,28160,0,0,0
5,rank5,13,kernel_total,1,27.963,27.963,82.177,110.1400146484375,0,0,0,0
5,rank5,13,pack_total,1,6.573,6.573,82.271,88.84402465820312,0,0,0,0
5,rank5,13,pack_input_wait,5,0.112,0.023,82.578,87.0250244140625,51200,0,0,0
5,rank5,13,pack_quantize,5,1.538,0.322,82.677,87.4520263671875,25600,55,0,0
5,rank5,13,pack_tx_publish,5,0.808,0.237,84.064,88.49600219726562,0,5,5,320
5,rank5,13,receive_total,1,20.915,20.915,89.04,109.95501708984375,0,0,0,0
5,rank5,13,rx_flag_poll_wait,1,15.91,15.91,89.446,105.35601806640625,13,37,31,407
5,rank5,13,rx_unpack_wait,6,1.212,0.406,105.627,108.781005859375,31680,0,0,0
5,rank5,13,rx_unpack_dequant_clear,7,0.65,0.169,106.105,109.17401123046875,30720,66,0,0
5,rank5,13,rx_output,1,0.335,0.335,109.275,109.61001586914062,10240,0,0,0
5,rank5,13,start_gate,1,80.668,80.668,1.403,82.07101440429688,0,0,0,0
5,rank5,13,pack_tx_data_submit,5,0.104,0.021,83.094,87.60202026367188,28160,0,0,0
5,rank5,13,pack_first_tx_ready,1,2.13,2.13,82.283,84.41302490234375,59,0,0,0
5,rank5,13,pack_mte3_exposed_wait,5,0.011,0.003,83.979,88.14801025390625,28160,0,0,0
5,rank5,14,kernel_total,1,27.129,27.129,81.777,108.906005859375,0,0,0,0
5,rank5,14,pack_total,1,5.59,5.59,81.872,87.46200561523438,0,0,0,0
5,rank5,14,pack_input_wait,4,0.09,0.023,82.219,85.64300537109375,40960,0,0,0
5,rank5,14,pack_quantize,4,1.272,0.372,82.318,86.04302978515625,20480,44,0,0
5,rank5,14,pack_tx_publish,4,0.729,0.243,83.775,87.10101318359375,0,4,4,256
5,rank5,14,receive_total,1,21.03,21.03,87.676,108.70602416992188,0,0,0,0
5,rank5,14,rx_flag_poll_wait,1,16.202,16.202,88.065,104.26702880859375,21,35,29,385
5,rank5,14,rx_unpack_wait,6,0.984,0.368,104.561,107.54000854492188,31680,0,0,0
5,rank5,14,rx_unpack_dequant_clear,7,0.658,0.182,105.001,107.9310302734375,30720,66,0,0
5,rank5,14,rx_output,1,0.339,0.339,108.031,108.37002563476562,10240,0,0,0
5,rank5,14,start_gate,1,79.791,79.791,1.88,81.6710205078125,0,0,0,0
5,rank5,14,pack_tx_data_submit,4,0.082,0.021,82.79,86.20101928710938,22528,0,0,0
5,rank5,14,pack_first_tx_ready,1,2.261,2.261,81.884,84.14501953125,64,0,0,0
5,rank5,14,pack_mte3_exposed_wait,4,0.008,0.004,83.685,86.7340087890625,22528,0,0,0
5,rank5,15,kernel_total,1,26.281,26.281,81.803,108.08401489257812,0,0,0,0
5,rank5,15,pack_total,1,6.698,6.698,81.898,88.59600830078125,0,0,0,0
5,rank5,15,pack_input_wait,5,0.112,0.023,82.203,86.72500610351562,51200,0,0,0
5,rank5,15,pack_quantize,5,1.537,0.33,82.298,87.14202880859375,25600,55,0,0
5,rank5,15,pack_tx_publish,5,0.97,0.242,83.721,88.28802490234375,0,5,5,320
5,rank5,15,receive_total,1,19.081,19.081,88.803,107.88400268554688,0,0,0,0
5,rank5,15,rx_flag_poll_wait,1,14.236,14.236,89.176,103.41201782226562,9,34,28,374
5,rank5,15,rx_unpack_wait,6,0.945,0.378,103.694,106.59201049804688,31680,0,0,0
5,rank5,15,rx_unpack_dequant_clear,7,0.65,0.177,104.144,106.98703002929688,30720,66,0,0
5,rank5,15,rx_output,1,0.34,0.34,107.087,107.427001953125,10240,0,0,0
5,rank5,15,start_gate,1,79.035,79.035,2.662,81.697021484375,0,0,0,0
5,rank5,15,pack_tx_data_submit,5,0.103,0.021,82.728,87.29202270507812,28160,0,0,0
5,rank5,15,pack_first_tx_ready,1,2.176,2.176,81.91,84.08602905273438,68,0,0,0
5,rank5,15,pack_mte3_exposed_wait,5,0.013,0.004,83.634,87.93902587890625,28160,0,0,0
5,rank5,16,kernel_total,1,6.609,6.609,81.729,88.3380126953125,0,0,0,0
5,rank5,16,pack_total,1,5.554,5.554,81.823,87.37701416015625,0,0,0,0
5,rank5,16,pack_input_wait,4,0.092,0.023,82.129,85.33602905273438,40960,0,0,0
5,rank5,16,pack_quantize,4,1.241,0.322,82.224,85.75601196289062,20480,44,0,0
5,rank5,16,pack_tx_publish,4,0.696,0.235,83.618,86.97000122070312,0,4,4,256
5,rank5,16,receive_total,1,0.569,0.569,87.597,88.166015625,0,0,0,0
5,rank5,16,start_gate,1,79.403,79.403,2.22,81.62301635742188,0,0,0,0
5,rank5,16,pack_tx_data_submit,4,0.083,0.021,82.642,85.91702270507812,22528,0,0,0
5,rank5,16,pack_first_tx_ready,1,2.141,2.141,81.836,83.97702026367188,73,0,0,0
5,rank5,16,pack_mte3_exposed_wait,4,0.008,0.003,83.532,86.56201171875,22528,0,0,0
5,rank5,17,kernel_total,1,34.603,34.603,81.452,116.05502319335938,0,0,0,0
5,rank5,17,pack_total,1,6.594,6.594,81.547,88.14102172851562,0,0,0,0
5,rank5,17,pack_input_wait,5,0.112,0.023,81.853,86.38302612304688,51200,0,0,0
5,rank5,17,pack_quantize,5,1.54,0.327,81.948,86.8060302734375,25600,55,0,0
5,rank5,17,pack_tx_publish,5,0.833,0.232,83.355,87.83200073242188,0,5,5,320
5,rank5,17,receive_total,1,27.543,27.543,88.333,115.87600708007812,0,0,0,0
5,rank5,17,rx_flag_poll_wait,1,22.788,22.788,88.705,111.49301147460938,26,55,49,605
5,rank5,17,rx_unpack_wait,6,0.825,0.304,111.754,114.5460205078125,31680,0,0,0
5,rank5,17,rx_unpack_dequant_clear,7,0.652,0.174,112.131,114.94100952148438,30720,66,0,0
5,rank5,17,rx_output,1,0.346,0.346,115.045,115.39102172851562,10240,0,0,0
5,rank5,17,start_gate,1,79.117,79.117,2.229,81.34600830078125,0,0,0,0
5,rank5,17,pack_tx_data_submit,5,0.103,0.021,82.371,86.95602416992188,28160,0,0,0
5,rank5,17,pack_first_tx_ready,1,2.153,2.153,81.56,83.7130126953125,77,0,0,0
5,rank5,17,pack_mte3_exposed_wait,5,0.01,0.003,83.274,87.49200439453125,28160,0,0,0
5,rank5,18,kernel_total,1,26.835,26.835,82.214,109.04901123046875,0,0,0,0
5,rank5,18,pack_total,1,5.349,5.349,82.309,87.65802001953125,0,0,0,0
5,rank5,18,pack_input_wait,4,0.089,0.023,82.615,85.89901733398438,40960,0,0,0
5,rank5,18,pack_quantize,4,1.23,0.326,82.714,86.31900024414062,20480,44,0,0
5,rank5,18,pack_tx_publish,4,0.641,0.213,84.117,87.32901000976562,0,4,4,256
5,rank5,18,receive_total,1,20.993,20.993,87.86,108.85302734375,0,0,0,0
5,rank5,18,rx_flag_poll_wait,1,16.084,16.084,88.273,104.35702514648438,11,38,32,418
5,rank5,18,rx_unpack_wait,6,1.068,0.47,104.631,107.67202758789062,31680,0,0,0
5,rank5,18,rx_unpack_dequant_clear,7,0.65,0.171,105.173,108.06500244140625,30720,66,0,0
5,rank5,18,rx_output,1,0.343,0.343,108.173,108.51602172851562,10240,0,0,0
5,rank5,18,start_gate,1,79.501,79.501,2.607,82.10800170898438,0,0,0,0
5,rank5,18,pack_tx_data_submit,4,0.081,0.021,83.14,86.47201538085938,22528,0,0,0
5,rank5,18,pack_first_tx_ready,1,2.133,2.133,82.322,84.45501708984375,82,0,0,0
5,rank5,18,pack_mte3_exposed_wait,4,0.009,0.003,84.027,86.97900390625,22528,0,0,0
5,rank5,19,kernel_total,1,24.45,24.45,82.09,106.54000854492188,0,0,0,0
5,rank5,19,pack_total,1,6.732,6.732,82.184,88.916015625,0,0,0,0
5,rank5,19,pack_input_wait,5,0.112,0.023,82.538,87.01800537109375,51200,0,0,0
5,rank5,19,pack_quantize,5,1.539,0.326,82.639,87.4310302734375,25600,55,0,0
5,rank5,19,pack_tx_publish,5,0.843,0.212,84.057,88.56600952148438,0,5,5,320
5,rank5,19,receive_total,1,17.225,17.225,89.119,106.34402465820312,0,0,0,0
5,rank5,19,rx_flag_poll_wait,1,12.086,12.086,89.508,101.59402465820312,7,29,23,319
5,rank5,19,rx_unpack_wait,6,1.117,0.378,101.872,105.06100463867188,31680,0,0,0
5,rank5,19,rx_unpack_dequant_clear,7,0.654,0.172,102.409,105.4520263671875,30720,66,0,0
5,rank5,19,rx_output,1,0.343,0.343,105.549,105.89202880859375,10240,0,0,0
5,rank5,19,start_gate,1,80.861,80.861,1.123,81.9840087890625,0,0,0,0
5,rank5,19,pack_tx_data_submit,5,0.104,0.021,83.066,87.58502197265625,28160,0,0,0
5,rank5,19,pack_first_tx_ready,1,2.2,2.2,82.197,84.39700317382812,86,0,0,0
5,rank5,19,pack_mte3_exposed_wait,5,0.011,0.003,83.967,88.21401977539062,28160,0,0,0
5,rank5,20,kernel_total,1,26.209,26.209,82.038,108.24700927734375,0,0,0,0
5,rank5,20,pack_total,1,6.639,6.639,82.132,88.77102661132812,0,0,0,0
5,rank5,20,pack_input_wait,5,0.113,0.023,82.439,86.9420166015625,51200,0,0,0
5,rank5,20,pack_quantize,5,1.552,0.338,82.538,87.36502075195312,25600,55,0,0
5,rank5,20,pack_tx_publish,5,0.788,0.234,83.951,88.41802978515625,0,5,5,320
5,rank5,20,receive_total,1,19.112,19.112,88.959,108.07101440429688,0,0,0,0
5,rank5,20,rx_flag_poll_wait,1,14.264,14.264,89.35,103.614013671875,10,33,27,363
5,rank5,20,rx_unpack_wait,6,1.06,0.324,103.873,106.88302612304688,31680,0,0,0
5,rank5,20,rx_unpack_dequant_clear,7,0.638,0.16,104.269,107.27700805664062,30720,66,0,0
5,rank5,20,rx_output,1,0.345,0.345,107.381,107.72601318359375,10240,0,0,0
5,rank5,20,start_gate,1,79.788,79.788,2.143,81.9310302734375,0,0,0,0
5,rank5,20,pack_tx_data_submit,5,0.103,0.021,82.971,87.51602172851562,28160,0,0,0
5,rank5,20,pack_first_tx_ready,1,2.164,2.164,82.145,84.30902099609375,91,0,0,0
5,rank5,20,pack_mte3_exposed_wait,5,0.01,0.003,83.873,88.030029296875,28160,0,0,0
5,rank5,21,kernel_total,1,6.758,6.758,81.502,88.260009765625,0,0,0,0
5,rank5,21,pack_total,1,5.588,5.588,81.597,87.18502807617188,0,0,0,0
5,rank5,21,pack_input_wait,4,0.091,0.023,81.902,85.20401000976562,40960,0,0,0
5,rank5,21,pack_quantize,4,1.232,0.333,82.002,85.614013671875,20480,44,0,0
5,rank5,21,pack_tx_publish,4,0.628,0.21,83.406,86.75900268554688,0,4,4,256
5,rank5,21,receive_total,1,0.564,0.564,87.374,87.93801879882812,0,0,0,0
5,rank5,21,start_gate,1,80.109,80.109,1.287,81.39602661132812,0,0,0,0
5,rank5,21,pack_tx_data_submit,4,0.083,0.021,82.431,85.77401733398438,22528,0,0,0
5,rank5,21,pack_first_tx_ready,1,2.128,2.128,81.61,83.73800659179688,96,0,0,0
5,rank5,21,pack_mte3_exposed_wait,4,0.008,0.003,83.32,86.29400634765625,22528,0,0,0
5,rank5,22,kernel_total,1,30.018,30.018,82.011,112.02902221679688,0,0,0,0
5,rank5,22,pack_total,1,6.775,6.775,82.106,88.88101196289062,0,0,0,0
5,rank5,22,pack_input_wait,5,0.112,0.023,82.412,86.93402099609375,51200,0,0,0
5,rank5,22,pack_quantize,5,1.569,0.344,82.507,87.35601806640625,25600,55,0,0
5,rank5,22,pack_tx_publish,5,0.908,0.224,83.934,88.53900146484375,0,5,5,320
5,rank5,22,receive_total,1,22.752,22.752,89.072,111.82400512695312,0,0,0,0
5,rank5,22,rx_flag_poll_wait,1,17.817,17.817,89.477,107.29400634765625,15,42,36,462
5,rank5,22,rx_unpack_wait,6,0.866,0.33,107.568,110.4990234375,31680,0,0,0
5,rank5,22,rx_unpack_dequant_clear,7,0.659,0.178,108.057,110.88900756835938,30720,66,0,0
5,rank5,22,rx_output,1,0.356,0.356,110.99,111.34600830078125,10240,0,0,0
5,rank5,22,start_gate,1,79.866,79.866,2.039,81.905029296875,0,0,0,0
5,rank5,22,pack_tx_data_submit,5,0.103,0.021,82.946,87.50701904296875,28160,0,0,0
5,rank5,22,pack_first_tx_ready,1,2.16,2.16,82.119,84.27902221679688,100,0,0,0
5,rank5,22,pack_mte3_exposed_wait,5,0.009,0.003,83.849,88.1300048828125,28160,0,0,0
5,rank5,23,kernel_total,1,33.268,33.268,81.629,114.89700317382812,0,0,0,0
5,rank5,23,pack_total,1,5.625,5.625,81.724,87.34902954101562,0,0,0,0
5,rank5,23,pack_input_wait,4,0.089,0.023,82.079,85.32501220703125,40960,0,0,0
5,rank5,23,pack_quantize,4,1.238,0.331,82.179,85.73300170898438,20480,44,0,0
5,rank5,23,pack_tx_publish,4,0.686,0.223,83.597,86.8790283203125,0,4,4,256
5,rank5,23,receive_total,1,27.145,27.145,87.56,114.70501708984375,0,0,0,0
5,rank5,23,rx_flag_poll_wait,1,22.316,22.316,87.953,110.26901245117188,24,53,47,583
5,rank5,23,rx_unpack_wait,6,0.889,0.327,110.551,113.4010009765625,31680,0,0,0
5,rank5,23,rx_unpack_dequant_clear,7,0.646,0.168,110.95,113.7960205078125,30720,66,0,0
5,rank5,23,rx_output,1,0.345,0.345,113.9,114.24502563476562,10240,0,0,0
5,rank5,23,start_gate,1,79.698,79.698,1.825,81.52301025390625,0,0,0,0
5,rank5,23,pack_tx_data_submit,4,0.081,0.021,82.606,85.88302612304688,22528,0,0,0
5,rank5,23,pack_first_tx_ready,1,2.21,2.21,81.737,83.947021484375,105,0,0,0
5,rank5,23,pack_mte3_exposed_wait,4,0.008,0.003,83.507,86.51702880859375,22528,0,0,0
5,rank5,24,kernel_total,1,26.461,26.461,81.472,107.93301391601562,0,0,0,0
5,rank5,24,pack_total,1,6.475,6.475,81.567,88.04202270507812,0,0,0,0
5,rank5,24,pack_input_wait,5,0.111,0.023,81.873,86.32501220703125,51200,0,0,0
5,rank5,24,pack_quantize,5,1.554,0.339,81.972,86.74700927734375,25600,55,0,0
5,rank5,24,pack_tx_publish,5,0.743,0.22,83.387,87.73800659179688,0,5,5,320
5,rank5,24,receive_total,1,19.484,19.484,88.251,107.73501586914062,0,0,0,0
5,rank5,24,rx_flag_poll_wait,1,14.57,14.57,88.635,103.20501708984375,7,35,29,385
5,rank5,24,rx_unpack_wait,6,1.003,0.353,103.485,106.56201171875,31680,0,0,0
5,rank5,24,rx_unpack_dequant_clear,7,0.66,0.182,103.99,106.9530029296875,30720,66,0,0
5,rank5,24,rx_output,1,0.34,0.34,107.054,107.39401245117188,10240,0,0,0
5,rank5,24,start_gate,1,79.033,79.033,2.333,81.36602783203125,0,0,0,0
5,rank5,24,pack_tx_data_submit,5,0.104,0.021,82.407,86.89801025390625,28160,0,0,0
5,rank5,24,pack_first_tx_ready,1,2.151,2.151,81.58,83.73101806640625,109,0,0,0
5,rank5,24,pack_mte3_exposed_wait,5,0.011,0.004,83.298,87.42001342773438,28160,0,0,0
5,rank5,25,kernel_total,1,6.742,6.742,81.569,88.31100463867188,0,0,0,0
5,rank5,25,pack_total,1,5.583,5.583,81.663,87.24600219726562,0,0,0,0
5,rank5,25,pack_input_wait,4,0.088,0.022,82.04,85.35101318359375,40960,0,0,0
5,rank5,25,pack_quantize,4,1.259,0.339,82.134,85.76300048828125,20480,44,0,0
5,rank5,25,pack_tx_publish,4,0.635,0.219,83.549,86.78402709960938,0,4,4,256
5,rank5,25,receive_total,1,0.534,0.534,87.456,87.99002075195312,0,0,0,0
5,rank5,25,start_gate,1,79.178,79.178,2.29,81.468017578125,0,0,0,0
5,rank5,25,pack_tx_data_submit,4,0.082,0.021,82.573,85.92001342773438,22528,0,0,0
5,rank5,25,pack_first_tx_ready,1,2.214,2.214,81.676,83.8900146484375,114,0,0,0
5,rank5,25,pack_mte3_exposed_wait,4,0.009,0.003,83.458,86.4310302734375,22528,0,0,0
5,rank5,26,kernel_total,1,29.338,29.338,81.551,110.88900756835938,0,0,0,0
5,rank5,26,pack_total,1,6.553,6.553,81.646,88.19900512695312,0,0,0,0
5,rank5,26,pack_input_wait,5,0.112,0.023,81.952,86.3690185546875,51200,0,0,0
5,rank5,26,pack_quantize,5,1.539,0.329,82.051,86.78500366210938,25600,55,0,0
5,rank5,26,pack_tx_publish,5,0.831,0.214,83.451,87.86203002929688,0,5,5,320
5,rank5,26,receive_total,1,22.27,22.27,88.412,110.6820068359375,0,0,0,0
5,rank5,26,rx_flag_poll_wait,1,17.379,17.379,88.79,106.16900634765625,19,40,34,440
5,rank5,26,rx_unpack_wait,6,0.956,0.306,106.457,109.4000244140625,31680,0,0,0
5,rank5,26,rx_unpack_dequant_clear,7,0.657,0.18,106.835,109.79202270507812,30720,66,0,0
5,rank5,26,rx_output,1,0.345,0.345,109.9,110.24502563476562,10240,0,0,0
5,rank5,26,start_gate,1,78.546,78.546,2.898,81.44400024414062,0,0,0,0
5,rank5,26,pack_tx_data_submit,5,0.105,0.021,82.475,86.93502807617188,28160,0,0,0
5,rank5,26,pack_first_tx_ready,1,2.13,2.13,81.658,83.78802490234375,118,0,0,0
5,rank5,26,pack_mte3_exposed_wait,5,0.011,0.003,83.37,87.55001831054688,28160,0,0,0
5,rank5,27,kernel_total,1,34.774,34.774,82.059,116.8330078125,0,0,0,0
5,rank5,27,pack_total,1,6.58,6.58,82.153,88.73300170898438,0,0,0,0
5,rank5,27,pack_input_wait,5,0.113,0.023,82.46,86.906005859375,51200,0,0,0
5,rank5,27,pack_quantize,5,1.547,0.342,82.56,87.3280029296875,25600,55,0,0
5,rank5,27,pack_tx_publish,5,0.788,0.235,83.964,88.39401245117188,0,5,5,320
5,rank5,27,receive_total,1,27.683,27.683,88.942,116.625,0,0,0,0
5,rank5,27,rx_flag_poll_wait,1,22.757,22.757,89.334,112.09100341796875,27,54,48,594
5,rank5,27,rx_unpack_wait,6,0.876,0.309,112.382,115.33901977539062,31680,0,0,0
5,rank5,27,rx_unpack_dequant_clear,7,0.662,0.184,112.844,115.74002075195312,30720,66,0,0
5,rank5,27,rx_output,1,0.349,0.349,115.841,116.19000244140625,10240,0,0,0
5,rank5,27,start_gate,1,80.036,80.036,1.921,81.95700073242188,0,0,0,0
5,rank5,27,pack_tx_data_submit,5,0.104,0.021,82.997,87.47802734375,28160,0,0,0
5,rank5,27,pack_first_tx_ready,1,2.138,2.138,82.166,84.30401611328125,123,0,0,0
5,rank5,27,pack_mte3_exposed_wait,5,0.011,0.003,83.883,88.01400756835938,28160,0,0,0
5,rank5,28,kernel_total,1,29.869,29.869,82.12,111.989013671875,0,0,0,0
5,rank5,28,pack_total,1,5.477,5.477,82.215,87.6920166015625,0,0,0,0
5,rank5,28,pack_input_wait,4,0.089,0.023,82.522,85.86102294921875,40960,0,0,0
5,rank5,28,pack_quantize,4,1.241,0.335,82.621,86.281005859375,20480,44,0,0
5,rank5,28,pack_tx_publish,4,0.681,0.226,84.027,87.31201171875,0,4,4,256
5,rank5,28,receive_total,1,23.91,23.91,87.893,111.80300903320312,0,0,0,0
5,rank5,28,rx_flag_poll_wait,1,18.926,18.926,88.302,107.22802734375,18,44,38,484
5,rank5,28,rx_unpack_wait,6,0.995,0.296,107.523,110.47702026367188,31680,0,0,0
5,rank5,28,rx_unpack_dequant_clear,7,0.648,0.172,107.891,110.86502075195312,30720,66,0,0
5,rank5,28,rx_output,1,0.342,0.342,110.969,111.31100463867188,10240,0,0,0
5,rank5,28,start_gate,1,80.415,80.415,1.599,82.01400756835938,0,0,0,0
5,rank5,28,pack_tx_data_submit,4,0.082,0.021,83.051,86.43902587890625,22528,0,0,0
5,rank5,28,pack_first_tx_ready,1,2.152,2.152,82.228,84.3800048828125,128,0,0,0
5,rank5,28,pack_mte3_exposed_wait,4,0.008,0.003,83.937,86.96600341796875,22528,0,0,0
5,rank5,29,kernel_total,1,7.738,7.738,81.682,89.42001342773438,0,0,0,0
5,rank5,29,pack_total,1,6.675,6.675,81.776,88.45101928710938,0,0,0,0
5,rank5,29,pack_input_wait,5,0.112,0.023,82.083,86.57400512695312,51200,0,0,0
5,rank5,29,pack_quantize,5,1.544,0.328,82.178,86.99301147460938,25600,55,0,0
5,rank5,29,pack_tx_publish,5,0.904,0.227,83.578,88.13702392578125,0,5,5,320
5,rank5,29,receive_total,1,0.583,0.583,88.654,89.23703002929688,0,0,0,0
5,rank5,29,start_gate,1,80.235,80.235,1.341,81.57601928710938,0,0,0,0
5,rank5,29,pack_tx_data_submit,5,0.101,0.021,82.603,87.14300537109375,28160,0,0,0
5,rank5,29,pack_first_tx_ready,1,2.143,2.143,81.789,83.9320068359375,132,0,0,0
5,rank5,29,pack_mte3_exposed_wait,5,0.011,0.003,83.495,87.77102661132812,28160,0,0,0
5,rank5,30,kernel_total,1,24.644,24.644,81.984,106.62802124023438,0,0,0,0
5,rank5,30,pack_total,1,5.427,5.427,82.078,87.5050048828125,0,0,0,0
5,rank5,30,pack_input_wait,4,0.091,0.023,82.382,85.5830078125,40960,0,0,0
5,rank5,30,pack_quantize,4,1.229,0.325,82.476,85.99102783203125,20480,44,0,0
5,rank5,30,pack_tx_publish,4,0.681,0.227,83.867,87.13201904296875,0,4,4,256
5,rank5,30,receive_total,1,18.72,18.72,87.709,106.42901611328125,0,0,0,0
5,rank5,30,rx_flag_poll_wait,1,13.618,13.618,88.11,101.72802734375,8,33,27,363
5,rank5,30,rx_unpack_wait,6,1.145,0.414,102.023,105.14102172851562,31680,0,0,0
5,rank5,30,rx_unpack_dequant_clear,7,0.654,0.175,102.51,105.5360107421875,30720,66,0,0
5,rank5,30,rx_output,1,0.335,0.335,105.64,105.97500610351562,10240,0,0,0
5,rank5,30,start_gate,1,80.826,80.826,1.056,81.88201904296875,0,0,0,0
5,rank5,30,pack_tx_data_submit,4,0.084,0.021,82.897,86.14901733398438,22528,0,0,0
5,rank5,30,pack_first_tx_ready,1,2.13,2.13,82.091,84.22100830078125,137,0,0,0
5,rank5,30,pack_mte3_exposed_wait,4,0.009,0.003,83.782,86.77700805664062,22528,0,0,0
5,rank5,31,kernel_total,1,27.884,27.884,81.476,109.36001586914062,0,0,0,0
5,rank5,31,pack_total,1,6.66,6.66,81.571,88.23101806640625,0,0,0,0
5,rank5,31,pack_input_wait,5,0.112,0.023,81.877,86.34500122070312,51200,0,0,0
5,rank5,31,pack_quantize,5,1.551,0.328,81.971,86.76702880859375,25600,55,0,0
5,rank5,31,pack_tx_publish,5,0.869,0.23,83.372,87.91400146484375,0,5,5,320
5,rank5,31,receive_total,1,20.715,20.715,88.447,109.16201782226562,0,0,0,0
5,rank5,31,rx_flag_poll_wait,1,15.855,15.855,88.835,104.69000244140625,10,40,34,440
5,rank5,31,rx_unpack_wait,6,0.926,0.3,104.977,107.97100830078125,31680,0,0,0
5,rank5,31,rx_unpack_dequant_clear,7,0.654,0.176,105.441,108.36700439453125,30720,66,0,0
5,rank5,31,rx_output,1,0.343,0.343,108.471,108.81402587890625,10240,0,0,0
5,rank5,31,start_gate,1,80.331,80.331,1.039,81.37002563476562,0,0,0,0
5,rank5,31,pack_tx_data_submit,5,0.103,0.021,82.399,86.91702270507812,28160,0,0,0
5,rank5,31,pack_first_tx_ready,1,2.124,2.124,81.584,83.7080078125,141,0,0,0
5,rank5,31,pack_mte3_exposed_wait,5,0.01,0.003,83.292,87.43902587890625,28160,0,0,0
5,rank5,32,kernel_total,1,26.144,26.144,81.241,107.385009765625,0,0,0,0
5,rank5,32,pack_total,1,5.287,5.287,81.336,86.62301635742188,0,0,0,0
5,rank5,32,pack_input_wait,4,0.089,0.023,81.643,84.864013671875,40960,0,0,0
5,rank5,32,pack_quantize,4,1.238,0.325,81.742,85.27102661132812,20480,44,0,0
5,rank5,32,pack_tx_publish,4,0.558,0.212,83.127,86.30801391601562,0,4,4,256
5,rank5,32,receive_total,1,20.368,20.368,86.823,107.19100952148438,0,0,0,0
5,rank5,32,rx_flag_poll_wait,1,15.409,15.409,87.213,102.62200927734375,7,38,32,418
5,rank5,32,rx_unpack_wait,6,1.085,0.368,102.918,105.98300170898438,31680,0,0,0
5,rank5,32,rx_unpack_dequant_clear,7,0.662,0.184,103.358,106.37802124023438,30720,66,0,0
5,rank5,32,rx_output,1,0.349,0.349,106.486,106.83502197265625,10240,0,0,0
5,rank5,32,start_gate,1,79.193,79.193,1.942,81.135009765625,0,0,0,0
5,rank5,32,pack_tx_data_submit,4,0.083,0.021,82.163,85.42901611328125,22528,0,0,0
5,rank5,32,pack_first_tx_ready,1,2.118,2.118,81.349,83.46701049804688,146,0,0,0
5,rank5,32,pack_mte3_exposed_wait,4,0.008,0.003,83.045,85.94900512695312,22528,0,0,0
5,rank5,33,kernel_total,1,7.225,7.225,81.084,88.30902099609375,0,0,0,0
5,rank5,33,pack_total,1,6.287,6.287,81.178,87.46502685546875,0,0,0,0
5,rank5,33,pack_input_wait,5,0.111,0.023,81.481,85.73602294921875,51200,0,0,0
5,rank5,33,pack_quantize,5,1.554,0.341,81.575,86.16400146484375,25600,55,0,0
5,rank5,33,pack_tx_publish,5,0.576,0.116,82.979,87.18701171875,0,5,5,320
5,rank5,33,receive_total,1,0.452,0.452,87.666,88.11801147460938,0,0,0,0
5,rank5,33,start_gate,1,80.258,80.258,0.725,80.98300170898438,0,0,0,0
5,rank5,33,pack_tx_data_submit,5,0.104,0.021,82.012,86.31802368164062,28160,0,0,0
5,rank5,33,pack_first_tx_ready,1,2.031,2.031,81.191,83.22201538085938,150,0,0,0
5,rank5,33,pack_mte3_exposed_wait,5,0.01,0.003,82.898,86.84402465820312,28160,0,0,0
5,rank5,34,kernel_total,1,27.501,27.501,80.803,108.30401611328125,0,0,0,0
5,rank5,34,pack_total,1,6.398,6.398,80.897,87.29501342773438,0,0,0,0
5,rank5,34,pack_input_wait,5,0.113,0.023,81.203,85.49700927734375,51200,0,0,0
5,rank5,34,pack_quantize,5,1.551,0.344,81.303,85.91802978515625,25600,55,0,0
5,rank5,34,pack_tx_publish,5,0.612,0.129,82.719,86.94802856445312,0,5,5,320
5,rank5,34,receive_total,1,20.635,20.635,87.487,108.12200927734375,0,0,0,0
5,rank5,34,rx_flag_poll_wait,1,15.557,15.557,87.887,103.44400024414062,18,33,27,363
5,rank5,34,rx_unpack_wait,6,1.212,0.349,103.727,106.89602661132812,31680,0,0,0
5,rank5,34,rx_unpack_dequant_clear,7,0.648,0.172,104.148,107.29000854492188,30720,66,0,0
5,rank5,34,rx_output,1,0.353,0.353,107.394,107.74700927734375,10240,0,0,0
5,rank5,34,start_gate,1,80.308,80.308,0.394,80.7020263671875,0,0,0,0
5,rank5,34,pack_tx_data_submit,5,0.103,0.021,81.743,86.06900024414062,28160,0,0,0
5,rank5,34,pack_first_tx_ready,1,2.065,2.065,80.91,82.97500610351562,155,0,0,0
5,rank5,34,pack_mte3_exposed_wait,5,0.011,0.003,82.637,86.60501098632812,28160,0,0,0
5,rank5,35,kernel_total,1,29.95,29.95,80.88,110.83001708984375,0,0,0,0
5,rank5,35,pack_total,1,5.378,5.378,80.974,86.35202026367188,0,0,0,0
5,rank5,35,pack_input_wait,4,0.09,0.023,81.339,84.45700073242188,40960,0,0,0
5,rank5,35,pack_quantize,4,1.219,0.318,81.445,84.86001586914062,20480,44,0,0
5,rank5,35,pack_tx_publish,4,0.461,0.118,82.845,85.89501953125,0,4,4,256
5,rank5,35,receive_total,1,24.115,24.115,86.533,110.64801025390625,0,0,0,0
5,rank5,35,rx_flag_poll_wait,1,18.84,18.84,86.935,105.7750244140625,21,41,35,451
5,rank5,35,rx_unpack_wait,6,1.289,0.481,106.064,109.42202758789062,31680,0,0,0
5,rank5,35,rx_unpack_dequant_clear,7,0.656,0.172,106.717,109.81301879882812,30720,66,0,0
5,rank5,35,rx_output,1,0.354,0.354,109.914,110.26800537109375,10240,0,0,0
5,rank5,35,start_gate,1,80.746,80.746,0.033,80.77902221679688,0,0,0,0
5,rank5,35,pack_tx_data_submit,4,0.081,0.021,81.864,85.01702880859375,22528,0,0,0
5,rank5,35,pack_first_tx_ready,1,2.099,2.099,80.987,83.08602905273438,160,0,0,0
5,rank5,35,pack_mte3_exposed_wait,4,0.009,0.003,82.758,85.54400634765625,22528,0,0,0
5,rank5,36,kernel_total,1,29.72,29.72,81.749,111.46902465820312,0,0,0,0
5,rank5,36,pack_total,1,6.48,6.48,81.844,88.32400512695312,0,0,0,0
5,rank5,36,pack_input_wait,5,0.113,0.023,82.15,86.54302978515625,51200,0,0,0
5,rank5,36,pack_quantize,5,1.555,0.334,82.253,86.97201538085938,25600,55,0,0
5,rank5,36,pack_tx_publish,5,0.674,0.136,83.684,88.00802612304688,0,5,5,320
5,rank5,36,receive_total,1,22.766,22.766,88.508,111.27401733398438,0,0,0,0
5,rank5,36,rx_flag_poll_wait,1,17.923,17.923,88.894,106.8170166015625,22,41,35,451
5,rank5,36,rx_unpack_wait,6,0.913,0.318,107.113,110.10101318359375,31680,0,0,0
5,rank5,36,rx_unpack_dequant_clear,7,0.657,0.176,107.591,110.49301147460938,30720,66,0,0
5,rank5,36,rx_output,1,0.334,0.334,110.593,110.927001953125,10240,0,0,0
5,rank5,36,start_gate,1,80.114,80.114,1.525,81.63900756835938,0,0,0,0
5,rank5,36,pack_tx_data_submit,5,0.103,0.021,82.697,87.1290283203125,28160,0,0,0
5,rank5,36,pack_first_tx_ready,1,2.089,2.089,81.856,83.94500732421875,164,0,0,0
5,rank5,36,pack_mte3_exposed_wait,5,0.011,0.003,83.597,87.65902709960938,28160,0,0,0
5,rank5,37,kernel_total,1,6.668,6.668,81.247,87.91500854492188,0,0,0,0
5,rank5,37,pack_total,1,5.325,5.325,81.342,86.66702270507812,0,0,0,0
5,rank5,37,pack_input_wait,4,0.089,0.023,81.645,84.88302612304688,40960,0,0,0
5,rank5,37,pack_quantize,4,1.256,0.345,81.743,85.28701782226562,20480,44,0,0
5,rank5,37,pack_tx_publish,4,0.528,0.135,83.209,86.35302734375,0,4,4,256
5,rank5,37,receive_total,1,0.45,0.45,86.864,87.31402587890625,0,0,0,0
5,rank5,37,start_gate,1,80.409,80.409,0.648,81.0570068359375,0,0,0,0
5,rank5,37,pack_tx_data_submit,4,0.082,0.021,82.205,85.45101928710938,22528,0,0,0
5,rank5,37,pack_first_tx_ready,1,2.118,2.118,81.355,83.4730224609375,169,0,0,0
5,rank5,37,pack_mte3_exposed_wait,4,0.009,0.003,83.123,85.99102783203125,22528,0,0,0
5,rank5,38,kernel_total,1,27.225,27.225,81.018,108.24301147460938,0,0,0,0
5,rank5,38,pack_total,1,6.457,6.457,81.112,87.56900024414062,0,0,0,0
5,rank5,38,pack_input_wait,5,0.111,0.023,81.417,85.79702758789062,51200,0,0,0
5,rank5,38,pack_quantize,5,1.551,0.343,81.515,86.22000122070312,25600,55,0,0
5,rank5,38,pack_tx_publish,5,0.664,0.134,82.939,87.26202392578125,0,5,5,320
5,rank5,38,receive_total,1,20.302,20.302,87.754,108.0560302734375,0,0,0,0
5,rank5,38,rx_flag_poll_wait,1,15.328,15.328,88.15,103.47802734375,11,36,30,396
5,rank5,38,rx_unpack_wait,6,1.103,0.346,103.761,106.8480224609375,31680,0,0,0
5,rank5,38,rx_unpack_dequant_clear,7,0.645,0.17,104.184,107.25100708007812,30720,66,0,0
5,rank5,38,rx_output,1,0.34,0.34,107.348,107.68801879882812,10240,0,0,0
5,rank5,38,start_gate,1,78.758,78.758,2.145,80.90301513671875,0,0,0,0
5,rank5,38,pack_tx_data_submit,5,0.103,0.021,81.963,86.3740234375,28160,0,0,0
5,rank5,38,pack_first_tx_ready,1,2.074,2.074,81.125,83.19900512695312,173,0,0,0
5,rank5,38,pack_mte3_exposed_wait,5,0.012,0.003,82.857,86.91302490234375,28160,0,0,0
5,rank5,39,kernel_total,1,27.716,27.716,81.519,109.23501586914062,0,0,0,0
5,rank5,39,pack_total,1,5.351,5.351,81.613,86.96401977539062,0,0,0,0
5,rank5,39,pack_input_wait,4,0.088,0.022,81.977,85.16702270507812,40960,0,0,0
5,rank5,39,pack_quantize,4,1.235,0.338,82.071,85.57000732421875,20480,44,0,0
5,rank5,39,pack_tx_publish,4,0.52,0.133,83.488,86.6510009765625,0,4,4,256
5,rank5,39,receive_total,1,21.886,21.886,87.162,109.04800415039062,0,0,0,0
5,rank5,39,rx_flag_poll_wait,1,16.899,16.899,87.561,104.46002197265625,10,38,32,418
5,rank5,39,rx_unpack_wait,6,1.091,0.346,104.744,107.8270263671875,31680,0,0,0
5,rank5,39,rx_unpack_dequant_clear,7,0.647,0.171,105.166,108.22500610351562,30720,66,0,0
5,rank5,39,rx_output,1,0.352,0.352,108.326,108.67800903320312,10240,0,0,0
5,rank5,39,start_gate,1,79.807,79.807,1.602,81.40902709960938,0,0,0,0
5,rank5,39,pack_tx_data_submit,4,0.081,0.021,82.514,85.72601318359375,22528,0,0,0
5,rank5,39,pack_first_tx_ready,1,2.116,2.116,81.626,83.74200439453125,178,0,0,0
5,rank5,39,pack_mte3_exposed_wait,4,0.011,0.004,83.4,86.281005859375,22528,0,0,0
5,rank5,40,kernel_total,1,29.026,29.026,81.643,110.66900634765625,0,0,0,0
5,rank5,40,pack_total,1,6.39,6.39,81.737,88.12701416015625,0,0,0,0
5,rank5,40,pack_input_wait,5,0.112,0.023,82.039,86.385009765625,51200,0,0,0
5,rank5,40,pack_quantize,5,1.548,0.343,82.138,86.80401611328125,25600,55,0,0
5,rank5,40,pack_tx_publish,5,0.612,0.125,83.559,87.81201171875,0,5,5,320
5,rank5,40,receive_total,1,22.138,22.138,88.325,110.4630126953125,0,0,0,0
5,rank5,40,rx_flag_poll_wait,1,17.263,17.263,88.701,105.96401977539062,9,39,33,429
5,rank5,40,rx_unpack_wait,6,0.923,0.358,106.251,109.26602172851562,31680,0,0,0
5,rank5,40,rx_unpack_dequant_clear,7,0.664,0.183,106.767,109.65200805664062,30720,66,0,0
5,rank5,40,rx_output,1,0.338,0.338,109.749,110.08700561523438,10240,0,0,0
5,rank5,40,start_gate,1,79.455,79.455,2.078,81.53302001953125,0,0,0,0
5,rank5,40,pack_tx_data_submit,5,0.104,0.021,82.578,86.9580078125,28160,0,0,0
5,rank5,40,pack_first_tx_ready,1,2.059,2.059,81.75,83.80902099609375,182,0,0,0
5,rank5,40,pack_mte3_exposed_wait,5,0.012,0.003,83.468,87.48703002929688,28160,0,0,0
5,rank5,41,kernel_total,1,27.824,27.824,80.782,108.60601806640625,0,0,0,0
5,rank5,41,pack_total,1,6.462,6.462,80.877,87.33901977539062,0,0,0,0
5,rank5,41,pack_input_wait,5,0.113,0.023,81.18,85.55902099609375,51200,0,0,0
5,rank5,41,pack_quantize,5,1.538,0.335,81.278,85.97402954101562,25600,55,0,0
5,rank5,41,pack_tx_publish,5,0.648,0.139,82.723,87.01300048828125,0,5,5,320
5,rank5,41,receive_total,1,20.861,20.861,87.537,108.39801025390625,0,0,0,0
5,rank5,41,rx_flag_poll_wait,1,15.697,15.697,87.953,103.6500244140625,8,36,30,396
5,rank5,41,rx_unpack_wait,6,1.178,0.346,103.937,107.19802856445312,31680,0,0,0
5,rank5,41,rx_unpack_dequant_clear,7,0.671,0.193,104.439,107.5980224609375,30720,66,0,0
5,rank5,41,rx_output,1,0.343,0.343,107.702,108.04501342773438,10240,0,0,0
5,rank5,41,start_gate,1,79.278,79.278,1.394,80.67202758789062,0,0,0,0
5,rank5,41,pack_tx_data_submit,5,0.105,0.021,81.721,86.12002563476562,28160,0,0,0
5,rank5,41,pack_first_tx_ready,1,2.084,2.084,80.889,82.9730224609375,187,0,0,0
5,rank5,41,pack_mte3_exposed_wait,5,0.01,0.003,82.633,86.66802978515625,28160,0,0,0
5,rank5,42,kernel_total,1,43.122,43.122,81.808,124.93002319335938,0,0,0,0
5,rank5,42,send_total,1,25.586,25.586,85.512,111.0980224609375,0,0,0,0
5,rank5,42,tx_meta_scan,9,1.543,0.203,87.255,102.0460205078125,0,0,9,0
5,rank5,42,tx_ready_poll,9,0.014,0.003,86.987,101.75601196289062,0,9,0,0
5,rank5,42,udma_post,9,10.02,1.364,87.668,103.23703002929688,50688,9,1,0
5,rank5,42,udma_quiet,5,5.125,1.586,104.678,110.8330078125,5,0,0,0
5,rank5,42,local_rx_wait,1,7.231,7.231,111.233,118.46401977539062,42,0,0,0
5,rank5,42,round_publish,1,6.199,6.199,118.547,124.74600219726562,1,64,1,1
5,rank5,42,global_round_wait,1,3.5,3.5,81.901,85.4010009765625,1,119,0,0
5,rank5,42,start_gate,1,80.254,80.254,1.455,81.70901489257812,1,64,1,1
5,rank5,43,kernel_total,1,42.898,42.898,81.25,124.14801025390625,0,0,0,0
5,rank5,43,send_total,1,26.3,26.3,85.596,111.89602661132812,0,0,0,0
5,rank5,43,tx_meta_scan,9,1.468,0.198,87.477,101.9310302734375,0,0,9,0
5,rank5,43,tx_ready_poll,9,0.016,0.003,87.082,101.65701293945312,0,9,0,0
5,rank5,43,udma_post,9,10.078,1.682,87.88,103.39300537109375,50688,9,1,0
5,rank5,43,udma_quiet,6,5.608,1.645,104.787,111.62002563476562,6,0,0,0
5,rank5,43,local_rx_wait,1,3.025,3.025,112.024,115.04901123046875,0,0,0,0
5,rank5,43,round_publish,1,4.704,4.704,119.168,123.87200927734375,1,64,1,1
5,rank5,43,global_round_wait,1,4.141,4.141,81.344,85.48501586914062,1,119,0,0
5,rank5,43,start_gate,1,79.234,79.234,1.918,81.15200805664062,1,64,1,1
5,rank5,44,kernel_total,1,43.48,43.48,80.949,124.42901611328125,0,0,0,0
5,rank5,44,send_total,1,24.466,24.466,85.336,109.802001953125,0,0,0,0
5,rank5,44,tx_meta_scan,9,1.7,0.245,87.069,101.81500244140625,0,3,6,0
5,rank5,44,tx_ready_poll,9,0.016,0.003,86.809,101.54000854492188,0,9,0,0
5,rank5,44,self_copy,3,2.98,1.311,91.602,101.280029296875,16896,0,0,0
5,rank5,44,udma_post,6,6.494,1.431,87.458,102.7650146484375,33792,6,1,0
5,rank5,44,udma_quiet,4,4.583,2.092,104.178,109.54800415039062,4,0,0,0
5,rank5,44,local_rx_wait,1,0.463,0.463,109.972,110.43502807617188,0,0,0,0
5,rank5,44,round_publish,1,5.001,5.001,119.14,124.14102172851562,1,64,1,1
5,rank5,44,global_round_wait,1,4.187,4.187,81.042,85.22900390625,1,119,0,0
5,rank5,44,start_gate,1,79.071,79.071,1.78,80.85101318359375,1,64,1,1
5,rank5,45,kernel_total,1,42.898,42.898,80.904,123.802001953125,0,0,0,0
5,rank5,45,send_total,1,23.648,23.648,85.133,108.781005859375,0,0,0,0
5,rank5,45,tx_meta_scan,9,1.443,0.164,87.21,101.04501342773438,0,4,5,0
5,rank5,45,tx_ready_poll,10,0.02,0.003,86.605,100.65301513671875,1,9,0,0
5,rank5,45,self_copy,4,3.321,0.861,91.395,101.9730224609375,22528,0,0,0
5,rank5,45,udma_post,5,5.129,1.136,87.585,98.96102905273438,28160,5,1,0
5,rank5,45,udma_quiet,4,3.538,1.342,104.237,108.51800537109375,4,0,0,0
5,rank5,45,local_rx_wait,1,1.907,1.907,108.918,110.82501220703125,0,0,0,0
5,rank5,45,round_publish,1,4.447,4.447,119.065,123.51202392578125,1,64,1,1
5,rank5,45,global_round_wait,1,4.025,4.025,80.997,85.02200317382812,1,119,0,0
5,rank5,45,start_gate,1,79.55,79.55,1.251,80.801025390625,1,64,1,1
5,rank5,46,kernel_total,1,43.164,43.164,81.361,124.5250244140625,0,0,0,0
5,rank5,46,send_total,1,26.243,26.243,85.26,111.50302124023438,0,0,0,0
5,rank5,46,tx_meta_scan,9,1.514,0.208,87.433,102.09402465820312,0,0,9,0
5,rank5,46,tx_ready_poll,10,0.016,0.002,86.76,101.739013671875,1,9,0,0
5,rank5,46,udma_post,9,9.696,1.517,87.808,103.16201782226562,50688,9,1,0
5,rank5,46,udma_quiet,4,4.972,1.961,105.427,111.25601196289062,4,0,0,0
5,rank5,46,local_rx_wait,1,0.533,0.533,111.662,112.19500732421875,0,0,0,0
5,rank5,46,round_publish,1,5.006,5.006,119.203,124.20901489257812,1,64,1,1
5,rank5,46,global_round_wait,1,3.698,3.698,81.454,85.15200805664062,1,119,0,0
5,rank5,46,start_gate,1,79.757,79.757,1.501,81.25802612304688,1,64,1,1
5,rank5,47,kernel_total,1,39.082,39.082,80.857,119.93902587890625,0,0,0,0
5,rank5,47,send_total,1,27.929,27.929,85.441,113.37002563476562,0,0,0,0
5,rank5,47,tx_meta_scan,9,1.515,0.206,87.484,103.08102416992188,0,0,9,0
5,rank5,47,tx_ready_poll,10,0.015,0.003,86.935,102.83200073242188,1,9,0,0
5,rank5,47,udma_post,9,10.307,1.875,87.966,104.051025390625,50688,9,1,0
5,rank5,47,udma_quiet,6,5.498,1.295,106.329,113.13900756835938,6,0,0,0
5,rank5,47,local_rx_wait,1,3.36,3.36,113.532,116.89202880859375,0,0,0,0
5,rank5,47,round_publish,1,0.529,0.529,119.086,119.61502075195312,0,0,0,0
5,rank5,47,global_round_wait,1,4.379,4.379,80.95,85.32901000976562,0,119,0,0
5,rank5,47,start_gate,1,79.231,79.231,1.519,80.75,0,0,0,0
5,rank5,48,kernel_total,1,42.775,42.775,81.103,123.87802124023438,0,0,0,0
5,rank5,48,send_total,1,23.659,23.659,85.285,108.94400024414062,0,0,0,0
5,rank5,48,tx_meta_scan,9,1.664,0.254,87.025,101.3800048828125,0,2,7,0
5,rank5,48,tx_ready_poll,9,0.022,0.003,86.775,101.10702514648438,0,9,0,0
5,rank5,48,self_copy,2,1.7,0.915,93.159,95.49301147460938,11264,0,0,0
5,rank5,48,udma_post,7,7.506,1.281,87.44,102.66702270507812,39424,7,1,0
5,rank5,48,udma_quiet,4,3.588,1.231,104.277,108.67300415039062,4,0,0,0
5,rank5,48,local_rx_wait,1,3.018,3.018,109.076,112.09402465820312,0,0,0,0
5,rank5,48,round_publish,1,4.485,4.485,119.113,123.5980224609375,1,64,1,1
5,rank5,48,global_round_wait,1,3.977,3.977,81.197,85.17401123046875,1,119,0,0
5,rank5,48,start_gate,1,79.098,79.098,1.902,81.0,1,64,1,1
5,rank5,49,kernel_total,1,42.452,42.452,81.754,124.20602416992188,0,0,0,0
5,rank5,49,send_total,1,25.207,25.207,85.079,110.2860107421875,0,0,0,0
5,rank5,49,tx_meta_scan,9,1.519,0.218,86.817,101.70602416992188,0,2,7,0
5,rank5,49,tx_ready_poll,9,0.016,0.003,86.575,101.43301391601562,0,9,0,0
5,rank5,49,self_copy,2,1.45,0.732,89.469,93.61602783203125,11264,0,0,0
5,rank5,49,udma_post,7,8.522,1.498,87.168,103.13101196289062,39424,7,1,0
5,rank5,49,udma_quiet,5,4.549,1.438,104.496,110.02200317382812,5,0,0,0
5,rank5,49,local_rx_wait,1,0.656,0.656,110.354,111.010009765625,0,0,0,0
5,rank5,49,round_publish,1,4.888,4.888,119.037,123.92501831054688,1,64,1,1
5,rank5,49,global_round_wait,1,3.122,3.122,81.847,84.96902465820312,1,119,0,0
5,rank5,49,start_gate,1,79.636,79.636,2.024,81.66000366210938,1,64,1,1
5,rank5,50,kernel_total,1,32.565,32.565,81.181,113.74600219726562,0,0,0,0
5,rank5,50,send_total,1,27.688,27.688,85.11,112.79800415039062,0,0,0,0
5,rank5,50,tx_meta_scan,9,1.806,0.335,86.842,102.9310302734375,0,0,9,0
5,rank5,50,tx_ready_poll,9,0.014,0.003,86.605,102.64801025390625,0,9,0,0
5,rank5,50,udma_post,9,11.229,1.64,87.257,104.05801391601562,50688,9,1,0
5,rank5,50,udma_quiet,7,5.586,1.077,105.417,112.54302978515625,7,0,0,0
5,rank5,50,local_rx_wait,1,0.296,0.296,112.951,113.24700927734375,0,0,0,0
5,rank5,50,global_round_wait,1,3.724,3.724,81.275,84.9990234375,0,0,0,0
5,rank5,50,start_gate,1,80.951,80.951,0.127,81.0780029296875,0,0,0,0
5,rank5,51,kernel_total,1,31.432,31.432,81.034,112.46600341796875,0,0,0,0
5,rank5,51,send_total,1,25.547,25.547,85.46,111.00701904296875,0,0,0,0
5,rank5,51,tx_meta_scan,9,1.655,0.24,87.293,102.125,0,0,9,0
5,rank5,51,tx_ready_poll,9,0.014,0.002,86.968,101.84902954101562,0,9,0,0
5,rank5,51,udma_post,9,9.746,1.669,88.008,103.18002319335938,50688,9,1,0
5,rank5,51,udma_quiet,5,5.162,1.513,104.543,110.75302124023438,5,0,0,0
5,rank5,51,local_rx_wait,1,0.863,0.863,111.164,112.02700805664062,0,0,0,0
5,rank5,51,global_round_wait,1,4.222,4.222,81.127,85.34902954101562,0,0,0,0
5,rank5,51,start_gate,1,79.019,79.019,1.907,80.926025390625,0,0,0,0
5,rank5,52,kernel_total,1,29.901,29.901,81.657,111.55801391601562,0,0,0,0
5,rank5,52,send_total,1,25.334,25.334,85.208,110.54202270507812,0,0,0,0
5,rank5,52,tx_meta_scan,9,1.977,0.342,86.959,102.6190185546875,0,2,7,0
5,rank5,52,tx_ready_poll,9,0.017,0.003,86.714,102.34500122070312,0,9,0,0
5,rank5,52,self_copy,2,1.846,1.061,89.902,102.09600830078125,11264,0,0,0
5,rank5,52,udma_post,7,8.405,1.67,87.49,103.74700927734375,39424,7,1,0
5,rank5,52,udma_quiet,4,4.332,1.994,105.114,110.27001953125,4,0,0,0
5,rank5,52,local_rx_wait,1,0.425,0.425,110.685,111.11001586914062,0,0,0,0
5,rank5,52,global_round_wait,1,3.346,3.346,81.751,85.09701538085938,0,0,0,0
5,rank5,52,start_gate,1,79.438,79.438,2.117,81.55502319335938,0,0,0,0
5,rank5,53,kernel_total,1,31.714,31.714,81.603,113.3170166015625,0,0,0,0
5,rank5,53,send_total,1,27.161,27.161,85.31,112.47100830078125,0,0,0,0
5,rank5,53,tx_meta_scan,9,1.754,0.304,87.209,102.25701904296875,0,1,8,0
5,rank5,53,tx_ready_poll,9,0.017,0.003,86.819,101.97201538085938,0,9,0,0
5,rank5,53,self_copy,1,0.852,0.852,95.524,96.37600708007812,5632,0,0,0
5,rank5,53,udma_post,8,9.364,1.638,87.718,103.60400390625,45056,8,1,0
5,rank5,53,udma_quiet,6,6.001,1.653,104.944,112.19802856445312,6,0,0,0
5,rank5,53,local_rx_wait,1,0.297,0.297,112.602,112.89901733398438,0,0,0,0
5,rank5,53,global_round_wait,1,3.502,3.502,81.697,85.19900512695312,0,0,0,0
5,rank5,53,start_gate,1,79.463,79.463,2.041,81.5040283203125,0,0,0,0
5,rank5,54,kernel_total,1,32.557,32.557,80.814,113.37100219726562,0,0,0,0
5,rank5,54,send_total,1,27.315,27.315,85.183,112.49801635742188,0,0,0,0
5,rank5,54,tx_meta_scan,9,1.675,0.351,87.019,102.030029296875,0,1,8,0
5,rank5,54,tx_ready_poll,9,0.016,0.003,86.69,101.7540283203125,0,9,0,0
5,rank5,54,self_copy,1,0.809,0.809,87.579,88.38800048828125,5632,0,0,0
5,rank5,54,udma_post,8,9.241,1.514,89.274,103.33001708984375,45056,8,1,0
5,rank5,54,udma_quiet,6,6.279,2.215,104.676,112.260009765625,6,0,0,0
5,rank5,54,local_rx_wait,1,0.295,0.295,112.643,112.93801879882812,0,0,0,0
5,rank5,54,global_round_wait,1,4.165,4.165,80.907,85.072021484375,0,0,0,0
5,rank5,54,start_gate,1,80.661,80.661,0.059,80.72000122070312,0,0,0,0
5,rank5,55,kernel_total,1,30.614,30.614,80.925,111.53900146484375,0,0,0,0
5,rank5,55,send_total,1,24.785,24.785,85.624,110.40902709960938,0,0,0,0
5,rank5,55,tx_meta_scan,9,1.644,0.268,87.779,102.36502075195312,0,2,7,0
5,rank5,55,tx_ready_poll,10,0.019,0.003,87.175,101.97900390625,1,9,0,0
5,rank5,55,self_copy,2,1.49,0.755,90.651,92.905029296875,11264,0,0,0
5,rank5,55,udma_post,7,7.588,1.562,88.148,103.42501831054688,39424,7,1,0
5,rank5,55,udma_quiet,3,3.949,1.418,105.652,110.093017578125,3,0,0,0
5,rank5,55,local_rx_wait,1,0.409,0.409,110.554,110.9630126953125,0,0,0,0
5,rank5,55,global_round_wait,1,4.495,4.495,81.018,85.51300048828125,0,0,0,0
5,rank5,55,start_gate,1,79.266,79.266,1.556,80.822021484375,0,0,0,0
5,rank5,56,kernel_total,1,33.819,33.819,80.977,114.7960205078125,0,0,0,0
5,rank5,56,send_total,1,28.34,28.34,85.49,113.83001708984375,0,0,0,0
5,rank5,56,tx_meta_scan,9,1.513,0.185,87.627,103.31802368164062,0,1,8,0
5,rank5,56,tx_ready_poll,10,0.015,0.002,87.022,102.91500854492188,1,9,0,0
5,rank5,56,self_copy,1,1.018,1.018,92.499,93.51702880859375,5632,0,0,0
5,rank5,56,udma_post,8,9.605,1.674,88.04,104.60400390625,45056,8,1,0
5,rank5,56,udma_quiet,6,5.327,1.125,106.781,113.58502197265625,6,0,0,0
5,rank5,56,local_rx_wait,1,0.29,0.29,113.981,114.27102661132812,0,0,0,0
5,rank5,56,global_round_wait,1,4.25,4.25,81.129,85.3790283203125,0,0,0,0
5,rank5,56,start_gate,1,79.016,79.016,1.862,80.87802124023438,0,0,0,0
5,rank5,57,kernel_total,1,30.411,30.411,81.057,111.468017578125,0,0,0,0
5,rank5,57,send_total,1,24.872,24.872,85.549,110.4210205078125,0,0,0,0
5,rank5,57,tx_meta_scan,9,2.099,0.395,87.339,102.49700927734375,0,1,8,0
5,rank5,57,tx_ready_poll,9,0.017,0.003,87.078,102.2230224609375,0,9,0,0
5,rank5,57,self_copy,1,0.888,0.888,93.803,94.69100952148438,5632,0,0,0
5,rank5,57,udma_post,8,8.714,1.764,87.845,103.46902465820312,45056,8,1,0
5,rank5,57,udma_quiet,4,4.554,1.55,104.83,110.16702270507812,4,0,0,0
5,rank5,57,local_rx_wait,1,0.381,0.381,110.591,110.97201538085938,0,0,0,0
5,rank5,57,global_round_wait,1,4.289,4.289,81.15,85.43902587890625,0,0,0,0
5,rank5,57,start_gate,1,80.627,80.627,0.327,80.95401000976562,0,0,0,0
5,rank5,58,kernel_total,1,28.904,28.904,81.283,110.18701171875,0,0,0,0
5,rank5,58,send_total,1,23.866,23.866,85.237,109.10302734375,0,0,0,0
5,rank5,58,tx_meta_scan,8,1.8,0.331,87.099,100.71002197265625,0,1,7,0
5,rank5,58,tx_ready_poll,8,0.013,0.003,86.792,100.45001220703125,0,8,0,0
5,rank5,58,self_copy,1,0.876,0.876,95.479,96.35501098632812,5632,0,0,0
5,rank5,58,udma_post,7,7.743,1.645,87.622,101.74002075195312,39424,7,1,0
5,rank5,58,udma_quiet,4,4.753,1.9,103.288,108.85101318359375,4,0,0,0
5,rank5,58,local_rx_wait,1,0.382,0.382,109.267,109.64901733398438,0,0,0,0
5,rank5,58,global_round_wait,1,3.75,3.75,81.376,85.12600708007812,0,0,0,0
5,rank5,58,start_gate,1,80.095,80.095,1.085,81.18002319335938,0,0,0,0
5,rank5,59,kernel_total,1,35.976,35.976,80.746,116.72201538085938,0,0,0,0
5,rank5,59,send_total,1,26.567,26.567,85.157,111.72402954101562,0,0,0,0
5,rank5,59,tx_meta_scan,8,1.515,0.23,86.963,100.86102294921875,0,1,7,0
5,rank5,59,tx_ready_poll,8,0.012,0.003,86.695,100.53201293945312,0,8,0,0
5,rank5,59,self_copy,1,1.032,1.032,93.614,94.64602661132812,5632,0,0,0
5,rank5,59,udma_post,7,8.53,1.56,87.335,102.24301147460938,39424,7,1,0
5,rank5,59,udma_quiet,6,6.534,2.583,103.7,111.45101928710938,6,0,0,0
5,rank5,59,local_rx_wait,1,4.375,4.375,111.888,116.26300048828125,0,0,0,0
5,rank5,59,global_round_wait,1,4.117,4.117,80.928,85.04501342773438,0,0,0,0
5,rank5,59,start_gate,1,79.225,79.225,1.422,80.64700317382812,0,0,0,0
5,rank5,60,kernel_total,1,29.517,29.517,81.582,111.09902954101562,0,0,0,0
5,rank5,60,send_total,1,23.399,23.399,85.576,108.97500610351562,0,0,0,0
5,rank5,60,tx_meta_scan,8,1.659,0.254,87.39,101.0360107421875,0,2,6,0
5,rank5,60,tx_ready_poll,8,0.015,0.003,87.134,100.66302490234375,0,8,0,0
5,rank5,60,self_copy,2,2.0,1.102,90.408,100.416015625,11264,0,0,0
5,rank5,60,udma_post,6,7.428,1.781,87.787,102.3280029296875,33792,6,1,0
5,rank5,60,udma_quiet,5,3.98,0.957,103.77,108.73602294921875,5,0,0,0
5,rank5,60,local_rx_wait,1,1.545,1.545,109.115,110.66000366210938,0,0,0,0
5,rank5,60,global_round_wait,1,3.785,3.785,81.676,85.46102905273438,0,0,0,0
5,rank5,60,start_gate,1,80.192,80.192,1.287,81.47900390625,0,0,0,0
5,rank5,61,kernel_total,1,31.505,31.505,80.721,112.22601318359375,0,0,0,0
5,rank5,61,send_total,1,25.991,25.991,85.382,111.37301635742188,0,0,0,0
5,rank5,61,tx_meta_scan,8,1.726,0.349,87.243,101.13201904296875,0,0,8,0
5,rank5,61,tx_ready_poll,8,0.014,0.003,86.936,100.8590087890625,0,8,0,0
5,rank5,61,udma_post,8,9.681,1.617,87.755,102.69500732421875,45056,8,1,0
5,rank5,61,udma_quiet,7,5.547,1.029,104.103,111.14602661132812,7,0,0,0
5,rank5,61,local_rx_wait,1,0.27,0.27,111.511,111.781005859375,0,0,0,0
5,rank5,61,global_round_wait,1,4.455,4.455,80.815,85.27001953125,0,0,0,0
5,rank5,61,start_gate,1,78.796,78.796,1.822,80.61801147460938,0,0,0,0
5,rank5,62,kernel_total,1,29.619,29.619,81.126,110.74502563476562,0,0,0,0
5,rank5,62,send_total,1,24.375,24.375,85.402,109.77700805664062,0,0,0,0
5,rank5,62,tx_meta_scan,8,1.743,0.329,87.526,100.92800903320312,0,1,7,0
5,rank5,62,tx_ready_poll,8,0.013,0.003,86.954,100.4940185546875,0,8,0,0
5,rank5,62,self_copy,1,0.723,0.723,92.45,93.17300415039062,5632,0,0,0
5,rank5,62,udma_post,7,8.326,1.685,87.932,102.3330078125,39424,7,1,0
5,rank5,62,udma_quiet,5,4.672,1.365,103.799,109.530029296875,5,0,0,0
5,rank5,62,local_rx_wait,1,0.288,0.288,109.931,110.21902465820312,0,0,0,0
5,rank5,62,global_round_wait,1,4.074,4.074,81.22,85.29400634765625,0,0,0,0
5,rank5,62,start_gate,1,80.893,80.893,0.13,81.02301025390625,0,0,0,0
5,rank5,63,kernel_total,1,30.819,30.819,80.686,111.5050048828125,0,0,0,0
5,rank5,63,send_total,1,25.24,25.24,85.357,110.59701538085938,0,0,0,0
5,rank5,63,tx_meta_scan,8,1.319,0.17,87.76,101.79000854492188,0,1,7,0
5,rank5,63,tx_ready_poll,9,0.011,0.002,86.91,101.51800537109375,1,8,0,0
5,rank5,63,self_copy,1,0.784,0.784,97.112,97.89602661132812,5632,0,0,0
5,rank5,63,udma_post,7,8.661,1.808,88.111,102.822021484375,39424,7,1,0
5,rank5,63,udma_quiet,5,4.338,1.133,104.98,110.35202026367188,5,0,0,0
5,rank5,63,local_rx_wait,1,0.188,0.188,110.745,110.93301391601562,0,0,0,0
5,rank5,63,global_round_wait,1,4.466,4.466,80.779,85.24502563476562,0,0,0,0
5,rank5,63,start_gate,1,80.592,80.592,0.0,80.59201049804688,0,0,0,0
6,rank6,0,kernel_total,1,6.477,6.477,89.321,95.79800415039062,0,0,0,0
6,rank6,0,pack_total,1,5.382,5.382,89.416,94.79800415039062,0,0,0,0
6,rank6,0,pack_input_wait,4,0.09,0.023,89.721,93.07601928710938,40960,0,0,0
6,rank6,0,pack_quantize,4,1.252,0.338,89.816,93.47900390625,20480,44,0,0
6,rank6,0,pack_tx_publish,4,0.662,0.226,91.251,94.47100830078125,0,4,4,256
6,rank6,0,receive_total,1,0.593,0.593,95.011,95.60400390625,0,0,0,0
6,rank6,0,start_gate,1,86.771,86.771,2.448,89.218994140625,0,0,0,0
6,rank6,0,pack_tx_data_submit,4,0.084,0.021,90.254,93.63601684570312,22528,0,0,0
6,rank6,0,pack_first_tx_ready,1,2.173,2.173,89.428,91.60101318359375,0,0,0,0
6,rank6,0,pack_mte3_exposed_wait,4,0.01,0.004,91.156,94.14401245117188,22528,0,0,0
6,rank6,1,kernel_total,1,27.771,27.771,88.88,116.6510009765625,0,0,0,0
6,rank6,1,pack_total,1,6.757,6.757,88.974,95.73101806640625,0,0,0,0
6,rank6,1,pack_input_wait,5,0.113,0.023,89.329,93.80300903320312,51200,0,0,0
6,rank6,1,pack_quantize,5,1.545,0.33,89.428,94.22500610351562,25600,55,0,0
6,rank6,1,pack_tx_publish,5,0.892,0.227,90.849,95.37802124023438,0,5,5,320
6,rank6,1,receive_total,1,20.475,20.475,95.945,116.42001342773438,0,0,0,0
6,rank6,1,rx_flag_poll_wait,1,15.665,15.665,96.371,112.0360107421875,10,36,30,396
6,rank6,1,rx_unpack_wait,6,0.959,0.344,112.305,115.25701904296875,31680,0,0,0
6,rank6,1,rx_unpack_dequant_clear,7,0.673,0.195,112.721,115.65200805664062,30720,66,0,0
6,rank6,1,rx_output,1,0.34,0.34,115.756,116.09600830078125,10240,0,0,0
6,rank6,1,start_gate,1,87.847,87.847,0.932,88.77899169921875,0,0,0,0
6,rank6,1,pack_tx_data_submit,5,0.101,0.021,89.854,94.375,28160,0,0,0
6,rank6,1,pack_first_tx_ready,1,2.216,2.216,88.987,91.2030029296875,4,0,0,0
6,rank6,1,pack_mte3_exposed_wait,5,0.011,0.003,90.763,95.00201416015625,28160,0,0,0
6,rank6,2,kernel_total,1,30.134,30.134,88.815,118.94900512695312,0,0,0,0
6,rank6,2,pack_total,1,5.606,5.606,88.909,94.5150146484375,0,0,0,0
6,rank6,2,pack_input_wait,4,0.09,0.023,89.215,92.468017578125,40960,0,0,0
6,rank6,2,pack_quantize,4,1.232,0.329,89.309,92.87200927734375,20480,44,0,0
6,rank6,2,pack_tx_publish,4,0.703,0.243,90.715,94.07601928710938,0,4,4,256
6,rank6,2,receive_total,1,23.974,23.974,94.781,118.7550048828125,0,0,0,0
6,rank6,2,rx_flag_poll_wait,1,19.0,19.0,95.213,114.2130126953125,24,44,38,484
6,rank6,2,rx_unpack_wait,6,1.026,0.436,114.481,117.49700927734375,31680,0,0,0
6,rank6,2,rx_unpack_dequant_clear,7,0.672,0.193,114.99,117.8909912109375,30720,66,0,0
6,rank6,2,rx_output,1,0.345,0.345,117.991,118.33599853515625,10240,0,0,0
6,rank6,2,start_gate,1,86.447,86.447,2.261,88.7080078125,0,0,0,0
6,rank6,2,pack_tx_data_submit,4,0.081,0.021,89.734,93.02999877929688,22528,0,0,0
6,rank6,2,pack_first_tx_ready,1,2.148,2.148,88.922,91.07000732421875,9,0,0,0
6,rank6,2,pack_mte3_exposed_wait,4,0.01,0.004,90.629,93.70901489257812,22528,0,0,0
6,rank6,3,kernel_total,1,30.201,30.201,88.674,118.875,0,0,0,0
6,rank6,3,pack_total,1,6.782,6.782,88.769,95.55099487304688,0,0,0,0
6,rank6,3,pack_input_wait,5,0.112,0.023,89.072,93.54800415039062,51200,0,0,0
6,rank6,3,pack_quantize,5,1.559,0.337,89.172,93.97000122070312,25600,55,0,0
6,rank6,3,pack_tx_publish,5,0.962,0.273,90.59,95.20901489257812,0,5,5,320
6,rank6,3,receive_total,1,22.923,22.923,95.757,118.67999267578125,0,0,0,0
6,rank6,3,rx_flag_poll_wait,1,17.898,17.898,96.17,114.0679931640625,16,44,38,484
6,rank6,3,rx_unpack_wait,6,0.952,0.34,114.339,117.40499877929688,31680,0,0,0
6,rank6,3,rx_unpack_dequant_clear,7,0.66,0.181,114.838,117.79400634765625,30720,66,0,0
6,rank6,3,rx_output,1,0.341,0.341,117.898,118.239013671875,10240,0,0,0
6,rank6,3,start_gate,1,87.725,87.725,0.842,88.5670166015625,0,0,0,0
6,rank6,3,pack_tx_data_submit,5,0.102,0.021,89.61,94.1199951171875,28160,0,0,0
6,rank6,3,pack_first_tx_ready,1,2.135,2.135,88.781,90.916015625,13,0,0,0
6,rank6,3,pack_mte3_exposed_wait,5,0.011,0.003,90.503,94.80401611328125,28160,0,0,0
6,rank6,4,kernel_total,1,6.748,6.748,88.717,95.46499633789062,0,0,0,0
6,rank6,4,pack_total,1,5.664,5.664,88.811,94.47500610351562,0,0,0,0
6,rank6,4,pack_input_wait,4,0.089,0.023,89.115,92.44500732421875,40960,0,0,0
6,rank6,4,pack_quantize,4,1.256,0.333,89.214,92.86300659179688,20480,44,0,0
6,rank6,4,pack_tx_publish,4,0.629,0.21,90.606,94.0460205078125,0,4,4,256
6,rank6,4,receive_total,1,0.57,0.57,94.711,95.281005859375,0,0,0,0
6,rank6,4,start_gate,1,86.76,86.76,1.855,88.61502075195312,0,0,0,0
6,rank6,4,pack_tx_data_submit,4,0.084,0.021,89.636,93.0260009765625,22528,0,0,0
6,rank6,4,pack_first_tx_ready,1,2.115,2.115,88.824,90.93899536132812,18,0,0,0
6,rank6,4,pack_mte3_exposed_wait,4,0.008,0.003,90.519,93.53701782226562,22528,0,0,0
6,rank6,5,kernel_total,1,27.946,27.946,88.835,116.781005859375,0,0,0,0
6,rank6,5,pack_total,1,6.65,6.65,88.93,95.58001708984375,0,0,0,0
6,rank6,5,pack_input_wait,5,0.114,0.023,89.232,93.69400024414062,51200,0,0,0
6,rank6,5,pack_quantize,5,1.556,0.341,89.332,94.11001586914062,25600,55,0,0
6,rank6,5,pack_tx_publish,5,0.846,0.212,90.752,95.23199462890625,0,5,5,320
6,rank6,5,receive_total,1,20.808,20.808,95.784,116.59201049804688,0,0,0,0
6,rank6,5,rx_flag_poll_wait,1,15.72,15.72,96.213,111.93301391601562,10,39,33,429
6,rank6,5,rx_unpack_wait,6,1.085,0.33,112.216,115.406005859375,31680,0,0,0
6,rank6,5,rx_unpack_dequant_clear,7,0.67,0.166,112.72,115.81900024414062,30720,66,0,0
6,rank6,5,rx_output,1,0.343,0.343,115.924,116.26699829101562,10240,0,0,0
6,rank6,5,start_gate,1,87.754,87.754,0.98,88.7340087890625,0,0,0,0
6,rank6,5,pack_tx_data_submit,5,0.103,0.021,89.768,94.2659912109375,28160,0,0,0
6,rank6,5,pack_first_tx_ready,1,2.147,2.147,88.942,91.08901977539062,22,0,0,0
6,rank6,5,pack_mte3_exposed_wait,5,0.01,0.003,90.663,94.8800048828125,28160,0,0,0
6,rank6,6,kernel_total,1,35.391,35.391,88.769,124.16000366210938,0,0,0,0
6,rank6,6,pack_total,1,6.796,6.796,88.863,95.65899658203125,0,0,0,0
6,rank6,6,pack_input_wait,5,0.113,0.023,89.209,93.69601440429688,51200,0,0,0
6,rank6,6,pack_quantize,5,1.531,0.322,89.315,94.11801147460938,25600,55,0,0
6,rank6,6,pack_tx_publish,5,0.894,0.234,90.743,95.27801513671875,0,5,5,320
6,rank6,6,receive_total,1,28.106,28.106,95.865,123.97100830078125,0,0,0,0
6,rank6,6,rx_flag_poll_wait,1,23.198,23.198,96.295,119.49301147460938,22,56,50,616
6,rank6,6,rx_unpack_wait,6,0.866,0.328,119.775,122.70199584960938,31680,0,0,0
6,rank6,6,rx_unpack_dequant_clear,7,0.656,0.175,120.261,123.093017578125,30720,66,0,0
6,rank6,6,rx_output,1,0.331,0.331,123.194,123.52499389648438,10240,0,0,0
6,rank6,6,start_gate,1,87.449,87.449,1.214,88.66299438476562,0,0,0,0
6,rank6,6,pack_tx_data_submit,5,0.103,0.021,89.737,94.27001953125,28160,0,0,0
6,rank6,6,pack_first_tx_ready,1,2.199,2.199,88.876,91.07501220703125,27,0,0,0
6,rank6,6,pack_mte3_exposed_wait,5,0.011,0.003,90.649,94.81500244140625,28160,0,0,0
6,rank6,7,kernel_total,1,30.666,30.666,89.195,119.86099243164062,0,0,0,0
6,rank6,7,pack_total,1,5.407,5.407,89.29,94.69699096679688,0,0,0,0
6,rank6,7,pack_input_wait,4,0.092,0.023,89.596,92.9210205078125,40960,0,0,0
6,rank6,7,pack_quantize,4,1.229,0.327,89.696,93.32699584960938,20480,44,0,0
6,rank6,7,pack_tx_publish,4,0.721,0.232,91.091,94.38299560546875,0,4,4,256
6,rank6,7,receive_total,1,24.728,24.728,94.942,119.67001342773438,0,0,0,0
6,rank6,7,rx_flag_poll_wait,1,19.788,19.788,95.396,115.18402099609375,17,49,43,539
6,rank6,7,rx_unpack_wait,6,0.955,0.357,115.463,118.40899658203125,31680,0,0,0
6,rank6,7,rx_unpack_dequant_clear,7,0.667,0.189,115.893,118.79800415039062,30720,66,0,0
6,rank6,7,rx_output,1,0.336,0.336,118.899,119.23501586914062,10240,0,0,0
6,rank6,7,start_gate,1,87.812,87.812,1.277,89.08901977539062,0,0,0,0
6,rank6,7,pack_tx_data_submit,4,0.084,0.021,90.119,93.48501586914062,22528,0,0,0
6,rank6,7,pack_first_tx_ready,1,2.144,2.144,89.303,91.44699096679688,32,0,0,0
6,rank6,7,pack_mte3_exposed_wait,4,0.008,0.003,91.001,94.02099609375,22528,0,0,0
6,rank6,8,kernel_total,1,7.796,7.796,88.792,96.5880126953125,0,0,0,0
6,rank6,8,pack_total,1,6.726,6.726,88.886,95.61199951171875,0,0,0,0
6,rank6,8,pack_input_wait,5,0.113,0.023,89.191,93.6669921875,51200,0,0,0
6,rank6,8,pack_quantize,5,1.546,0.327,89.29,94.08599853515625,25600,55,0,0
6,rank6,8,pack_tx_publish,5,0.867,0.214,90.704,95.27001953125,0,5,5,320
6,rank6,8,receive_total,1,0.606,0.606,95.807,96.41299438476562,0,0,0,0
6,rank6,8,start_gate,1,88.052,88.052,0.638,88.69000244140625,0,0,0,0
6,rank6,8,pack_tx_data_submit,5,0.104,0.021,89.717,94.23599243164062,28160,0,0,0
6,rank6,8,pack_first_tx_ready,1,2.143,2.143,88.899,91.0419921875,36,0,0,0
6,rank6,8,pack_mte3_exposed_wait,5,0.01,0.003,90.618,94.87100219726562,28160,0,0,0
6,rank6,9,kernel_total,1,31.954,31.954,88.957,120.9110107421875,0,0,0,0
6,rank6,9,pack_total,1,5.534,5.534,89.052,94.58599853515625,0,0,0,0
6,rank6,9,pack_input_wait,4,0.091,0.023,89.353,92.55001831054688,40960,0,0,0
6,rank6,9,pack_quantize,4,1.225,0.325,89.453,92.95401000976562,20480,44,0,0
6,rank6,9,pack_tx_publish,4,0.658,0.215,90.863,94.114013671875,0,4,4,256
6,rank6,9,receive_total,1,25.859,25.859,94.872,120.73101806640625,0,0,0,0
6,rank6,9,rx_flag_poll_wait,1,20.906,20.906,95.316,116.22201538085938,23,51,45,561
6,rank6,9,rx_unpack_wait,6,0.964,0.334,116.519,119.42300415039062,31680,0,0,0
6,rank6,9,rx_unpack_dequant_clear,7,0.63,0.153,116.925,119.80902099609375,30720,66,0,0
6,rank6,9,rx_output,1,0.355,0.355,119.916,120.27099609375,10240,0,0,0
6,rank6,9,start_gate,1,88.518,88.518,0.338,88.85601806640625,0,0,0,0
6,rank6,9,pack_tx_data_submit,4,0.082,0.021,89.878,93.10400390625,22528,0,0,0
6,rank6,9,pack_first_tx_ready,1,2.137,2.137,89.065,91.20199584960938,41,0,0,0
6,rank6,9,pack_mte3_exposed_wait,4,0.009,0.003,90.774,93.72900390625,22528,0,0,0
6,rank6,10,kernel_total,1,29.059,29.059,89.272,118.33099365234375,0,0,0,0
6,rank6,10,pack_total,1,6.737,6.737,89.367,96.10400390625,0,0,0,0
6,rank6,10,pack_input_wait,5,0.113,0.023,89.673,94.22201538085938,51200,0,0,0
6,rank6,10,pack_quantize,5,1.534,0.33,89.773,94.64501953125,25600,55,0,0
6,rank6,10,pack_tx_publish,5,0.885,0.249,91.17,95.74801635742188,0,5,5,320
6,rank6,10,receive_total,1,21.833,21.833,96.319,118.15200805664062,0,0,0,0
6,rank6,10,rx_flag_poll_wait,1,16.706,16.706,96.746,113.45199584960938,16,39,33,429
6,rank6,10,rx_unpack_wait,6,1.041,0.407,113.742,116.75701904296875,31680,0,0,0
6,rank6,10,rx_unpack_dequant_clear,7,0.666,0.184,114.221,117.14901733398438,30720,66,0,0
6,rank6,10,rx_output,1,0.366,0.366,117.25,117.61599731445312,10240,0,0,0
6,rank6,10,start_gate,1,88.657,88.657,0.514,89.1710205078125,0,0,0,0
6,rank6,10,pack_tx_data_submit,5,0.103,0.021,90.203,94.79501342773438,28160,0,0,0
6,rank6,10,pack_first_tx_ready,1,2.159,2.159,89.38,91.53900146484375,45,0,0,0
6,rank6,10,pack_mte3_exposed_wait,5,0.01,0.003,91.084,95.33901977539062,28160,0,0,0
6,rank6,11,kernel_total,1,28.964,28.964,89.012,117.97601318359375,0,0,0,0
6,rank6,11,pack_total,1,5.558,5.558,89.106,94.66400146484375,0,0,0,0
6,rank6,11,pack_input_wait,4,0.091,0.023,89.412,92.77899169921875,40960,0,0,0
6,rank6,11,pack_quantize,4,1.243,0.335,89.507,93.19601440429688,20480,44,0,0
6,rank6,11,pack_tx_publish,4,0.756,0.249,90.913,94.27999877929688,0,4,4,256
6,rank6,11,receive_total,1,22.893,22.893,94.904,117.7969970703125,0,0,0,0
6,rank6,11,rx_flag_poll_wait,1,17.856,17.856,95.353,113.20901489257812,13,43,37,473
6,rank6,11,rx_unpack_wait,6,1.033,0.335,113.511,116.50100708007812,31680,0,0,0
6,rank6,11,rx_unpack_dequant_clear,7,0.647,0.169,113.919,116.9010009765625,30720,66,0,0
6,rank6,11,rx_output,1,0.349,0.349,117.001,117.35000610351562,10240,0,0,0
6,rank6,11,start_gate,1,87.887,87.887,1.019,88.906005859375,0,0,0,0
6,rank6,11,pack_tx_data_submit,4,0.082,0.021,89.938,93.35299682617188,22528,0,0,0
6,rank6,11,pack_first_tx_ready,1,2.166,2.166,89.119,91.28500366210938,50,0,0,0
6,rank6,11,pack_mte3_exposed_wait,4,0.009,0.003,90.823,93.89501953125,22528,0,0,0
6,rank6,12,kernel_total,1,7.779,7.779,89.05,96.82901000976562,0,0,0,0
6,rank6,12,pack_total,1,6.73,6.73,89.145,95.875,0,0,0,0
6,rank6,12,pack_input_wait,5,0.112,0.023,89.449,93.9739990234375,51200,0,0,0
6,rank6,12,pack_quantize,5,1.552,0.34,89.548,94.39199829101562,25600,55,0,0
6,rank6,12,pack_tx_publish,5,0.935,0.234,90.96,95.5460205078125,0,5,5,320
6,rank6,12,receive_total,1,0.562,0.562,96.089,96.6510009765625,0,0,0,0
6,rank6,12,start_gate,1,87.153,87.153,1.796,88.94900512695312,0,0,0,0
6,rank6,12,pack_tx_data_submit,5,0.103,0.021,89.988,94.5419921875,28160,0,0,0
6,rank6,12,pack_first_tx_ready,1,2.163,2.163,89.158,91.32101440429688,54,0,0,0
6,rank6,12,pack_mte3_exposed_wait,5,0.01,0.003,90.874,95.18499755859375,28160,0,0,0
6,rank6,13,kernel_total,1,30.206,30.206,88.701,118.90701293945312,0,0,0,0
6,rank6,13,pack_total,1,6.618,6.618,88.795,95.41299438476562,0,0,0,0
6,rank6,13,pack_input_wait,5,0.112,0.023,89.101,93.63101196289062,51200,0,0,0
6,rank6,13,pack_quantize,5,1.565,0.34,89.201,94.05300903320312,25600,55,0,0
6,rank6,13,pack_tx_publish,5,0.829,0.234,90.621,95.09600830078125,0,5,5,320
6,rank6,13,receive_total,1,23.068,23.068,95.629,118.69699096679688,0,0,0,0
6,rank6,13,rx_flag_poll_wait,1,18.052,18.052,96.018,114.07000732421875,11,43,37,473
6,rank6,13,rx_unpack_wait,6,0.953,0.409,114.385,117.291015625,31680,0,0,0
6,rank6,13,rx_unpack_dequant_clear,7,0.647,0.168,114.867,117.6820068359375,30720,66,0,0
6,rank6,13,rx_output,1,0.345,0.345,117.782,118.12701416015625,10240,0,0,0
6,rank6,13,start_gate,1,86.454,86.454,2.141,88.59500122070312,0,0,0,0
6,rank6,13,pack_tx_data_submit,5,0.104,0.021,89.641,94.2030029296875,28160,0,0,0
6,rank6,13,pack_first_tx_ready,1,2.169,2.169,88.808,90.97702026367188,59,0,0,0
6,rank6,13,pack_mte3_exposed_wait,5,0.01,0.004,90.535,94.74899291992188,28160,0,0,0
6,rank6,14,kernel_total,1,32.393,32.393,88.747,121.1400146484375,0,0,0,0
6,rank6,14,pack_total,1,5.61,5.61,88.841,94.45101928710938,0,0,0,0
6,rank6,14,pack_input_wait,4,0.09,0.023,89.142,92.54299926757812,40960,0,0,0
6,rank6,14,pack_quantize,4,1.237,0.319,89.249,92.95101928710938,20480,44,0,0
6,rank6,14,pack_tx_publish,4,0.726,0.24,90.666,94.0050048828125,0,4,4,256
6,rank6,14,receive_total,1,26.303,26.303,94.648,120.95101928710938,0,0,0,0
6,rank6,14,rx_flag_poll_wait,1,21.58,21.58,95.027,116.60699462890625,23,52,46,572
6,rank6,14,rx_unpack_wait,6,0.857,0.326,116.891,119.79501342773438,31680,0,0,0
6,rank6,14,rx_unpack_dequant_clear,7,0.652,0.17,117.368,120.18600463867188,30720,66,0,0
6,rank6,14,rx_output,1,0.352,0.352,120.287,120.63900756835938,10240,0,0,0
6,rank6,14,start_gate,1,87.025,87.025,1.616,88.6409912109375,0,0,0,0
6,rank6,14,pack_tx_data_submit,4,0.083,0.021,89.677,93.10101318359375,22528,0,0,0
6,rank6,14,pack_first_tx_ready,1,2.179,2.179,88.854,91.03302001953125,64,0,0,0
6,rank6,14,pack_mte3_exposed_wait,4,0.01,0.003,90.579,93.6409912109375,22528,0,0,0
6,rank6,15,kernel_total,1,26.999,26.999,89.077,116.07601928710938,0,0,0,0
6,rank6,15,pack_total,1,6.823,6.823,89.172,95.9949951171875,0,0,0,0
6,rank6,15,pack_input_wait,5,0.113,0.023,89.476,94.02700805664062,51200,0,0,0
6,rank6,15,pack_quantize,5,1.558,0.33,89.576,94.4630126953125,25600,55,0,0
6,rank6,15,pack_tx_publish,5,0.969,0.238,90.984,95.64401245117188,0,5,5,320
6,rank6,15,receive_total,1,19.673,19.673,96.213,115.88601684570312,0,0,0,0
6,rank6,15,rx_flag_poll_wait,1,14.712,14.712,96.63,111.34201049804688,10,36,30,396
6,rank6,15,rx_unpack_wait,6,0.987,0.348,111.613,114.59600830078125,31680,0,0,0
6,rank6,15,rx_unpack_dequant_clear,7,0.66,0.17,112.033,115.00399780273438,30720,66,0,0
6,rank6,15,rx_output,1,0.346,0.346,115.108,115.45401000976562,10240,0,0,0
6,rank6,15,start_gate,1,88.422,88.422,0.55,88.97201538085938,0,0,0,0
6,rank6,15,pack_tx_data_submit,5,0.102,0.021,89.999,94.63101196289062,28160,0,0,0
6,rank6,15,pack_first_tx_ready,1,2.161,2.161,89.184,91.34500122070312,68,0,0,0
6,rank6,15,pack_mte3_exposed_wait,5,0.008,0.003,90.894,95.281005859375,28160,0,0,0
6,rank6,16,kernel_total,1,6.823,6.823,88.675,95.49801635742188,0,0,0,0
6,rank6,16,pack_total,1,5.76,5.76,88.769,94.52899169921875,0,0,0,0
6,rank6,16,pack_input_wait,4,0.09,0.023,89.073,92.28500366210938,40960,0,0,0
6,rank6,16,pack_quantize,4,1.225,0.329,89.168,92.68899536132812,20480,44,0,0
6,rank6,16,pack_tx_publish,4,0.697,0.23,90.58,94.03399658203125,0,4,4,256
6,rank6,16,receive_total,1,0.56,0.56,94.74,95.30001831054688,0,0,0,0
6,rank6,16,start_gate,1,87.151,87.151,1.418,88.56900024414062,0,0,0,0
6,rank6,16,pack_tx_data_submit,4,0.082,0.021,89.599,92.8489990234375,22528,0,0,0
6,rank6,16,pack_first_tx_ready,1,2.155,2.155,88.782,90.93701171875,73,0,0,0
6,rank6,16,pack_mte3_exposed_wait,4,0.009,0.003,90.49,93.48501586914062,22528,0,0,0
6,rank6,17,kernel_total,1,30.302,30.302,89.171,119.47299194335938,0,0,0,0
6,rank6,17,pack_total,1,6.571,6.571,89.265,95.83599853515625,0,0,0,0
6,rank6,17,pack_input_wait,5,0.114,0.023,89.571,94.05599975585938,51200,0,0,0
6,rank6,17,pack_quantize,5,1.556,0.327,89.671,94.47601318359375,25600,55,0,0
6,rank6,17,pack_tx_publish,5,0.839,0.227,91.071,95.52401733398438,0,5,5,320
6,rank6,17,receive_total,1,23.245,23.245,96.049,119.29400634765625,0,0,0,0
6,rank6,17,rx_flag_poll_wait,1,18.176,18.176,96.487,114.66299438476562,13,44,38,484
6,rank6,17,rx_unpack_wait,6,1.01,0.326,114.978,118.02700805664062,31680,0,0,0
6,rank6,17,rx_unpack_dequant_clear,7,0.641,0.16,115.476,118.42800903320312,30720,66,0,0
6,rank6,17,rx_output,1,0.338,0.338,118.528,118.86599731445312,10240,0,0,0
6,rank6,17,start_gate,1,86.994,86.994,2.076,89.07000732421875,0,0,0,0
6,rank6,17,pack_tx_data_submit,5,0.102,0.021,90.098,94.63101196289062,28160,0,0,0
6,rank6,17,pack_first_tx_ready,1,2.142,2.142,89.278,91.42001342773438,77,0,0,0
6,rank6,17,pack_mte3_exposed_wait,5,0.011,0.003,90.984,95.16500854492188,28160,0,0,0
6,rank6,18,kernel_total,1,31.183,31.183,89.36,120.54299926757812,0,0,0,0
6,rank6,18,pack_total,1,5.303,5.303,89.455,94.75799560546875,0,0,0,0
6,rank6,18,pack_input_wait,4,0.091,0.023,89.759,93.01699829101562,40960,0,0,0
6,rank6,18,pack_quantize,4,1.221,0.321,89.858,93.42401123046875,20480,44,0,0
6,rank6,18,pack_tx_publish,4,0.642,0.21,91.246,94.45101928710938,0,4,4,256
6,rank6,18,receive_total,1,25.383,25.383,94.976,120.3590087890625,0,0,0,0
6,rank6,18,rx_flag_poll_wait,1,20.419,20.419,95.423,115.84201049804688,23,49,43,539
6,rank6,18,rx_unpack_wait,6,0.996,0.326,116.122,119.0880126953125,31680,0,0,0
6,rank6,18,rx_unpack_dequant_clear,7,0.663,0.179,116.52,119.47900390625,30720,66,0,0
6,rank6,18,rx_output,1,0.341,0.341,119.583,119.92401123046875,10240,0,0,0
6,rank6,18,start_gate,1,87.286,87.286,1.967,89.25302124023438,0,0,0,0
6,rank6,18,pack_tx_data_submit,4,0.083,0.021,90.275,93.58099365234375,22528,0,0,0
6,rank6,18,pack_first_tx_ready,1,2.108,2.108,89.468,91.57601928710938,82,0,0,0
6,rank6,18,pack_mte3_exposed_wait,4,0.009,0.003,91.16,94.11300659179688,22528,0,0,0
6,rank6,19,kernel_total,1,31.822,31.822,89.151,120.97299194335938,0,0,0,0
6,rank6,19,pack_total,1,6.677,6.677,89.245,95.9219970703125,0,0,0,0
6,rank6,19,pack_input_wait,5,0.112,0.023,89.554,94.05300903320312,51200,0,0,0
6,rank6,19,pack_quantize,5,1.532,0.324,89.656,94.47201538085938,25600,55,0,0
6,rank6,19,pack_tx_publish,5,0.836,0.208,91.071,95.58001708984375,0,5,5,320
6,rank6,19,receive_total,1,24.657,24.657,96.131,120.78799438476562,0,0,0,0
6,rank6,19,rx_flag_poll_wait,1,19.749,19.749,96.553,116.302001953125,17,48,42,528
6,rank6,19,rx_unpack_wait,6,0.893,0.31,116.582,119.52499389648438,31680,0,0,0
6,rank6,19,rx_unpack_dequant_clear,7,0.647,0.165,117.049,119.91799926757812,30720,66,0,0
6,rank6,19,rx_output,1,0.332,0.332,120.019,120.35101318359375,10240,0,0,0
6,rank6,19,start_gate,1,86.716,86.716,2.329,89.04501342773438,0,0,0,0
6,rank6,19,pack_tx_data_submit,5,0.101,0.021,90.08,94.62301635742188,28160,0,0,0
6,rank6,19,pack_first_tx_ready,1,2.149,2.149,89.258,91.40701293945312,86,0,0,0
6,rank6,19,pack_mte3_exposed_wait,5,0.012,0.003,90.979,95.23800659179688,28160,0,0,0
6,rank6,20,kernel_total,1,30.975,30.975,88.913,119.88800048828125,0,0,0,0
6,rank6,20,pack_total,1,6.744,6.744,89.007,95.75100708007812,0,0,0,0
6,rank6,20,pack_input_wait,5,0.114,0.023,89.313,93.78799438476562,51200,0,0,0
6,rank6,20,pack_quantize,5,1.532,0.327,89.408,94.2130126953125,25600,55,0,0
6,rank6,20,pack_tx_publish,5,0.753,0.229,90.813,95.3179931640625,0,5,5,320
6,rank6,20,receive_total,1,23.731,23.731,95.972,119.7030029296875,0,0,0,0
6,rank6,20,rx_flag_poll_wait,1,18.854,18.854,96.397,115.25100708007812,16,46,40,506
6,rank6,20,rx_unpack_wait,6,0.88,0.319,115.56,118.39700317382812,31680,0,0,0
6,rank6,20,rx_unpack_dequant_clear,7,0.639,0.159,115.951,118.79501342773438,30720,66,0,0
6,rank6,20,rx_output,1,0.347,0.347,118.899,119.24600219726562,10240,0,0,0
6,rank6,20,start_gate,1,86.467,86.467,2.344,88.81100463867188,0,0,0,0
6,rank6,20,pack_tx_data_submit,5,0.102,0.021,89.83,94.36700439453125,28160,0,0,0
6,rank6,20,pack_first_tx_ready,1,2.148,2.148,89.02,91.16799926757812,91,0,0,0
6,rank6,20,pack_mte3_exposed_wait,5,0.012,0.004,90.727,94.86801147460938,28160,0,0,0
6,rank6,21,kernel_total,1,6.472,6.472,89.107,95.57901000976562,0,0,0,0
6,rank6,21,pack_total,1,5.416,5.416,89.202,94.61801147460938,0,0,0,0
6,rank6,21,pack_input_wait,4,0.091,0.023,89.508,92.76400756835938,40960,0,0,0
6,rank6,21,pack_quantize,4,1.218,0.321,89.603,93.17001342773438,20480,44,0,0
6,rank6,21,pack_tx_publish,4,0.587,0.197,90.995,94.218994140625,0,4,4,256
6,rank6,21,receive_total,1,0.572,0.572,94.837,95.40899658203125,0,0,0,0
6,rank6,21,start_gate,1,87.406,87.406,1.595,89.00100708007812,0,0,0,0
6,rank6,21,pack_tx_data_submit,4,0.081,0.021,90.02,93.32699584960938,22528,0,0,0
6,rank6,21,pack_first_tx_ready,1,2.105,2.105,89.214,91.31900024414062,96,0,0,0
6,rank6,21,pack_mte3_exposed_wait,4,0.01,0.004,90.911,93.84799194335938,22528,0,0,0
6,rank6,22,kernel_total,1,29.006,29.006,89.22,118.22601318359375,0,0,0,0
6,rank6,22,pack_total,1,6.71,6.71,89.314,96.02401733398438,0,0,0,0
6,rank6,22,pack_input_wait,5,0.114,0.023,89.621,94.04299926757812,51200,0,0,0
6,rank6,22,pack_quantize,5,1.549,0.333,89.716,94.45999145507812,25600,55,0,0
6,rank6,22,pack_tx_publish,5,0.832,0.207,91.112,95.65701293945312,0,5,5,320
6,rank6,22,receive_total,1,21.802,21.802,96.244,118.0460205078125,0,0,0,0
6,rank6,22,rx_flag_poll_wait,1,16.886,16.886,96.695,113.58099365234375,16,40,34,440
6,rank6,22,rx_unpack_wait,6,0.883,0.315,113.869,116.72702026367188,31680,0,0,0
6,rank6,22,rx_unpack_dequant_clear,7,0.666,0.187,114.257,117.12600708007812,30720,66,0,0
6,rank6,22,rx_output,1,0.34,0.34,117.231,117.57101440429688,10240,0,0,0
6,rank6,22,start_gate,1,87.442,87.442,1.676,89.11801147460938,0,0,0,0
6,rank6,22,pack_tx_data_submit,5,0.101,0.021,90.149,94.61300659179688,28160,0,0,0
6,rank6,22,pack_first_tx_ready,1,2.118,2.118,89.327,91.44500732421875,100,0,0,0
6,rank6,22,pack_mte3_exposed_wait,5,0.011,0.003,91.031,95.23599243164062,28160,0,0,0
6,rank6,23,kernel_total,1,30.084,30.084,89.31,119.39401245117188,0,0,0,0
6,rank6,23,pack_total,1,5.421,5.421,89.405,94.82601928710938,0,0,0,0
6,rank6,23,pack_input_wait,4,0.089,0.023,89.712,92.91201782226562,40960,0,0,0
6,rank6,23,pack_quantize,4,1.281,0.338,89.806,93.35501098632812,20480,44,0,0
6,rank6,23,pack_tx_publish,4,0.624,0.206,91.216,94.51199340820312,0,4,4,256
6,rank6,23,receive_total,1,24.168,24.168,95.046,119.21401977539062,0,0,0,0
6,rank6,23,rx_flag_poll_wait,1,19.155,19.155,95.499,114.65399169921875,14,47,41,517
6,rank6,23,rx_unpack_wait,6,1.042,0.417,114.943,117.94601440429688,31680,0,0,0
6,rank6,23,rx_unpack_dequant_clear,7,0.652,0.172,115.432,118.3380126953125,30720,66,0,0
6,rank6,23,rx_output,1,0.333,0.333,118.441,118.77401733398438,10240,0,0,0
6,rank6,23,start_gate,1,86.999,86.999,2.205,89.20401000976562,0,0,0,0
6,rank6,23,pack_tx_data_submit,4,0.081,0.021,90.24,93.50399780273438,22528,0,0,0
6,rank6,23,pack_first_tx_ready,1,2.132,2.132,89.418,91.55001831054688,105,0,0,0
6,rank6,23,pack_mte3_exposed_wait,4,0.01,0.004,91.133,94.12100219726562,22528,0,0,0
6,rank6,24,kernel_total,1,29.222,29.222,88.865,118.08700561523438,0,0,0,0
6,rank6,24,pack_total,1,6.546,6.546,88.96,95.50601196289062,0,0,0,0
6,rank6,24,pack_input_wait,5,0.113,0.023,89.266,93.7340087890625,51200,0,0,0
6,rank6,24,pack_quantize,5,1.55,0.323,89.365,94.1610107421875,25600,55,0,0
6,rank6,24,pack_tx_publish,5,0.753,0.222,90.761,95.19500732421875,0,5,5,320
6,rank6,24,receive_total,1,22.197,22.197,95.709,117.906005859375,0,0,0,0
6,rank6,24,rx_flag_poll_wait,1,17.42,17.42,96.078,113.49801635742188,10,41,35,451
6,rank6,24,rx_unpack_wait,6,0.93,0.31,113.768,116.67800903320312,31680,0,0,0
6,rank6,24,rx_unpack_dequant_clear,7,0.662,0.184,114.15,117.06900024414062,30720,66,0,0
6,rank6,24,rx_output,1,0.368,0.368,117.173,117.541015625,10240,0,0,0
6,rank6,24,start_gate,1,86.769,86.769,1.99,88.75900268554688,0,0,0,0
6,rank6,24,pack_tx_data_submit,5,0.103,0.021,89.783,94.31201171875,28160,0,0,0
6,rank6,24,pack_first_tx_ready,1,2.131,2.131,88.972,91.10299682617188,109,0,0,0
6,rank6,24,pack_mte3_exposed_wait,5,0.009,0.003,90.674,94.83200073242188,28160,0,0,0
6,rank6,25,kernel_total,1,6.751,6.751,88.65,95.4010009765625,0,0,0,0
6,rank6,25,pack_total,1,5.634,5.634,88.744,94.37802124023438,0,0,0,0
6,rank6,25,pack_input_wait,4,0.088,0.022,89.05,92.38299560546875,40960,0,0,0
6,rank6,25,pack_quantize,4,1.241,0.33,89.149,92.79000854492188,20480,44,0,0
6,rank6,25,pack_tx_publish,4,0.655,0.222,90.563,93.92800903320312,0,4,4,256
6,rank6,25,receive_total,1,0.486,0.486,94.59,95.07601928710938,0,0,0,0
6,rank6,25,start_gate,1,86.293,86.293,2.255,88.54800415039062,0,0,0,0
6,rank6,25,pack_tx_data_submit,4,0.083,0.021,89.579,92.94699096679688,22528,0,0,0
6,rank6,25,pack_first_tx_ready,1,2.155,2.155,88.757,90.91201782226562,114,0,0,0
6,rank6,25,pack_mte3_exposed_wait,4,0.009,0.004,90.477,93.46099853515625,22528,0,0,0
6,rank6,26,kernel_total,1,27.37,27.37,89.246,116.61599731445312,0,0,0,0
6,rank6,26,pack_total,1,6.722,6.722,89.341,96.06301879882812,0,0,0,0
6,rank6,26,pack_input_wait,5,0.112,0.023,89.647,94.125,51200,0,0,0
6,rank6,26,pack_quantize,5,1.537,0.325,89.742,94.55001831054688,25600,55,0,0
6,rank6,26,pack_tx_publish,5,0.891,0.224,91.155,95.68899536132812,0,5,5,320
6,rank6,26,receive_total,1,20.149,20.149,96.283,116.4320068359375,0,0,0,0
6,rank6,26,rx_flag_poll_wait,1,15.146,15.146,96.657,111.80300903320312,12,38,32,418
6,rank6,26,rx_unpack_wait,6,1.01,0.356,112.081,115.17401123046875,31680,0,0,0
6,rank6,26,rx_unpack_dequant_clear,7,0.674,0.188,112.579,115.56600952148438,30720,66,0,0
6,rank6,26,rx_output,1,0.342,0.342,115.67,116.01199340820312,10240,0,0,0
6,rank6,26,start_gate,1,87.535,87.535,1.605,89.1400146484375,0,0,0,0
6,rank6,26,pack_tx_data_submit,5,0.104,0.021,90.162,94.70001220703125,28160,0,0,0
6,rank6,26,pack_first_tx_ready,1,2.149,2.149,89.354,91.50302124023438,118,0,0,0
6,rank6,26,pack_mte3_exposed_wait,5,0.01,0.003,91.069,95.3280029296875,28160,0,0,0
6,rank6,27,kernel_total,1,29.106,29.106,88.94,118.0460205078125,0,0,0,0
6,rank6,27,pack_total,1,6.658,6.658,89.035,95.6929931640625,0,0,0,0
6,rank6,27,pack_input_wait,5,0.112,0.023,89.341,93.822998046875,51200,0,0,0
6,rank6,27,pack_quantize,5,1.567,0.339,89.435,94.25601196289062,25600,55,0,0
6,rank6,27,pack_tx_publish,5,0.798,0.234,90.838,95.29800415039062,0,5,5,320
6,rank6,27,receive_total,1,21.965,21.965,95.897,117.86199951171875,0,0,0,0
6,rank6,27,rx_flag_poll_wait,1,17.017,17.017,96.328,113.34500122070312,17,40,34,440
6,rank6,27,rx_unpack_wait,6,0.983,0.357,113.623,116.66900634765625,31680,0,0,0
6,rank6,27,rx_unpack_dequant_clear,7,0.663,0.178,114.123,117.05999755859375,30720,66,0,0
6,rank6,27,rx_output,1,0.358,0.358,117.157,117.5150146484375,10240,0,0,0
6,rank6,27,start_gate,1,86.629,86.629,2.205,88.83401489257812,0,0,0,0
6,rank6,27,pack_tx_data_submit,5,0.103,0.021,89.87,94.406005859375,28160,0,0,0
6,rank6,27,pack_first_tx_ready,1,2.14,2.14,89.048,91.18801879882812,123,0,0,0
6,rank6,27,pack_mte3_exposed_wait,5,0.01,0.003,90.757,94.9420166015625,28160,0,0,0
6,rank6,28,kernel_total,1,23.864,23.864,89.036,112.89999389648438,0,0,0,0
6,rank6,28,pack_total,1,5.423,5.423,89.131,94.55401611328125,0,0,0,0
6,rank6,28,pack_input_wait,4,0.089,0.023,89.438,92.7760009765625,40960,0,0,0
6,rank6,28,pack_quantize,4,1.238,0.329,89.537,93.18402099609375,20480,44,0,0
6,rank6,28,pack_tx_publish,4,0.637,0.22,90.958,94.18301391601562,0,4,4,256
6,rank6,28,receive_total,1,17.932,17.932,94.798,112.73001098632812,0,0,0,0
6,rank6,28,rx_flag_poll_wait,1,12.998,12.998,95.238,108.23599243164062,11,32,26,352
6,rank6,28,rx_unpack_wait,6,1.044,0.344,108.548,111.54800415039062,31680,0,0,0
6,rank6,28,rx_unpack_dequant_clear,7,0.647,0.168,108.964,111.93701171875,30720,66,0,0
6,rank6,28,rx_output,1,0.347,0.347,112.038,112.385009765625,10240,0,0,0
6,rank6,28,start_gate,1,86.542,86.542,2.388,88.92999267578125,0,0,0,0
6,rank6,28,pack_tx_data_submit,4,0.082,0.021,89.967,93.34201049804688,22528,0,0,0
6,rank6,28,pack_first_tx_ready,1,2.16,2.16,89.144,91.30401611328125,128,0,0,0
6,rank6,28,pack_mte3_exposed_wait,4,0.009,0.003,90.875,93.83999633789062,22528,0,0,0
6,rank6,29,kernel_total,1,7.773,7.773,89.132,96.90499877929688,0,0,0,0
6,rank6,29,pack_total,1,6.715,6.715,89.227,95.9420166015625,0,0,0,0
6,rank6,29,pack_input_wait,5,0.114,0.023,89.533,93.96701049804688,51200,0,0,0
6,rank6,29,pack_quantize,5,1.54,0.325,89.633,94.3900146484375,25600,55,0,0
6,rank6,29,pack_tx_publish,5,0.853,0.22,91.028,95.5989990234375,0,5,5,320
6,rank6,29,receive_total,1,0.58,0.58,96.158,96.73800659179688,0,0,0,0
6,rank6,29,start_gate,1,87.514,87.514,1.511,89.02499389648438,0,0,0,0
6,rank6,29,pack_tx_data_submit,5,0.105,0.021,90.054,94.54000854492188,28160,0,0,0
6,rank6,29,pack_first_tx_ready,1,2.136,2.136,89.24,91.37600708007812,132,0,0,0
6,rank6,29,pack_mte3_exposed_wait,5,0.011,0.003,90.944,95.15701293945312,28160,0,0,0
6,rank6,30,kernel_total,1,33.761,33.761,88.68,122.44100952148438,0,0,0,0
6,rank6,30,pack_total,1,5.641,5.641,88.774,94.41500854492188,0,0,0,0
6,rank6,30,pack_input_wait,4,0.09,0.023,89.079,92.26699829101562,40960,0,0,0
6,rank6,30,pack_quantize,4,1.235,0.323,89.178,92.67901611328125,20480,44,0,0
6,rank6,30,pack_tx_publish,4,0.67,0.228,90.562,93.95700073242188,0,4,4,256
6,rank6,30,receive_total,1,27.587,27.587,94.679,122.2659912109375,0,0,0,0
6,rank6,30,rx_flag_poll_wait,1,22.711,22.711,95.05,117.76101684570312,17,57,51,627
6,rank6,30,rx_unpack_wait,6,0.89,0.312,118.045,120.97601318359375,31680,0,0,0
6,rank6,30,rx_unpack_dequant_clear,7,0.65,0.17,118.505,121.3699951171875,30720,66,0,0
6,rank6,30,rx_output,1,0.342,0.342,121.467,121.80902099609375,10240,0,0,0
6,rank6,30,start_gate,1,86.2,86.2,2.374,88.57400512695312,0,0,0,0
6,rank6,30,pack_tx_data_submit,4,0.08,0.02,89.602,92.8280029296875,22528,0,0,0
6,rank6,30,pack_first_tx_ready,1,2.128,2.128,88.787,90.91500854492188,137,0,0,0
6,rank6,30,pack_mte3_exposed_wait,4,0.01,0.004,90.481,93.46701049804688,22528,0,0,0
6,rank6,31,kernel_total,1,29.124,29.124,88.99,118.114013671875,0,0,0,0
6,rank6,31,pack_total,1,6.717,6.717,89.084,95.80099487304688,0,0,0,0
6,rank6,31,pack_input_wait,5,0.113,0.023,89.391,93.78701782226562,51200,0,0,0
6,rank6,31,pack_quantize,5,1.533,0.321,89.49,94.20901489257812,25600,55,0,0
6,rank6,31,pack_tx_publish,5,0.851,0.232,90.882,95.47500610351562,0,5,5,320
6,rank6,31,receive_total,1,21.926,21.926,96.008,117.93402099609375,0,0,0,0
6,rank6,31,rx_flag_poll_wait,1,17.094,17.094,96.429,113.52301025390625,11,44,38,484
6,rank6,31,rx_unpack_wait,6,0.875,0.32,113.809,116.6510009765625,31680,0,0,0
6,rank6,31,rx_unpack_dequant_clear,7,0.648,0.171,114.201,117.04000854492188,30720,66,0,0
6,rank6,31,rx_output,1,0.351,0.351,117.148,117.49899291992188,10240,0,0,0
6,rank6,31,start_gate,1,86.472,86.472,2.413,88.885009765625,0,0,0,0
6,rank6,31,pack_tx_data_submit,5,0.105,0.021,89.907,94.36001586914062,28160,0,0,0
6,rank6,31,pack_first_tx_ready,1,2.115,2.115,89.097,91.21200561523438,141,0,0,0
6,rank6,31,pack_mte3_exposed_wait,5,0.008,0.003,90.796,94.88900756835938,28160,0,0,0
6,rank6,32,kernel_total,1,25.954,25.954,88.873,114.82699584960938,0,0,0,0
6,rank6,32,pack_total,1,5.248,5.248,88.968,94.21600341796875,0,0,0,0
6,rank6,32,pack_input_wait,4,0.089,0.023,89.275,92.4840087890625,40960,0,0,0
6,rank6,32,pack_quantize,4,1.239,0.332,89.374,92.88900756835938,20480,44,0,0
6,rank6,32,pack_tx_publish,4,0.541,0.211,90.783,93.90499877929688,0,4,4,256
6,rank6,32,receive_total,1,20.247,20.247,94.41,114.65701293945312,0,0,0,0
6,rank6,32,rx_flag_poll_wait,1,15.44,15.44,94.788,110.22799682617188,10,37,31,407
6,rank6,32,rx_unpack_wait,6,0.981,0.326,110.524,113.47799682617188,31680,0,0,0
6,rank6,32,rx_unpack_dequant_clear,7,0.657,0.178,110.923,113.8699951171875,30720,66,0,0
6,rank6,32,rx_output,1,0.34,0.34,113.974,114.31399536132812,10240,0,0,0
6,rank6,32,start_gate,1,86.901,86.901,1.87,88.77099609375,0,0,0,0
6,rank6,32,pack_tx_data_submit,4,0.083,0.021,89.806,93.0469970703125,22528,0,0,0
6,rank6,32,pack_first_tx_ready,1,2.14,2.14,88.981,91.12100219726562,146,0,0,0
6,rank6,32,pack_mte3_exposed_wait,4,0.009,0.003,90.701,93.56900024414062,22528,0,0,0
6,rank6,33,kernel_total,1,7.171,7.171,88.477,95.64801025390625,0,0,0,0
6,rank6,33,pack_total,1,6.29,6.29,88.572,94.86199951171875,0,0,0,0
6,rank6,33,pack_input_wait,5,0.113,0.023,88.876,93.11001586914062,51200,0,0,0
6,rank6,33,pack_quantize,5,1.536,0.327,88.971,93.53399658203125,25600,55,0,0
6,rank6,33,pack_tx_publish,5,0.545,0.109,90.363,94.55599975585938,0,5,5,320
6,rank6,33,receive_total,1,0.428,0.428,95.058,95.48599243164062,0,0,0,0
6,rank6,33,start_gate,1,86.895,86.895,1.48,88.375,0,0,0,0
6,rank6,33,pack_tx_data_submit,5,0.103,0.021,89.394,93.68402099609375,28160,0,0,0
6,rank6,33,pack_first_tx_ready,1,2.016,2.016,88.584,90.60000610351562,150,0,0,0
6,rank6,33,pack_mte3_exposed_wait,5,0.01,0.003,90.282,94.20599365234375,28160,0,0,0
6,rank6,34,kernel_total,1,34.53,34.53,88.19,122.72000122070312,0,0,0,0
6,rank6,34,pack_total,1,6.442,6.442,88.285,94.72702026367188,0,0,0,0
6,rank6,34,pack_input_wait,5,0.113,0.023,88.666,92.9739990234375,51200,0,0,0
6,rank6,34,pack_quantize,5,1.55,0.337,88.766,93.39199829101562,25600,55,0,0
6,rank6,34,pack_tx_publish,5,0.563,0.114,90.175,94.416015625,0,5,5,320
6,rank6,34,receive_total,1,27.642,27.642,94.913,122.55499267578125,0,0,0,0
6,rank6,34,rx_flag_poll_wait,1,22.666,22.666,95.287,117.9530029296875,17,56,50,616
6,rank6,34,rx_unpack_wait,6,1.06,0.348,118.25,121.36502075195312,31680,0,0,0
6,rank6,34,rx_unpack_dequant_clear,7,0.633,0.153,118.791,121.75,30720,66,0,0
6,rank6,34,rx_output,1,0.344,0.344,121.854,122.197998046875,10240,0,0,0
6,rank6,34,start_gate,1,88.007,88.007,0.082,88.08901977539062,0,0,0,0
6,rank6,34,pack_tx_data_submit,5,0.104,0.021,89.186,93.5460205078125,28160,0,0,0
6,rank6,34,pack_first_tx_ready,1,2.116,2.116,88.297,90.41299438476562,155,0,0,0
6,rank6,34,pack_mte3_exposed_wait,5,0.01,0.003,90.089,94.06399536132812,28160,0,0,0
6,rank6,35,kernel_total,1,31.507,31.507,88.31,119.8170166015625,0,0,0,0
6,rank6,35,pack_total,1,5.199,5.199,88.404,93.60299682617188,0,0,0,0
6,rank6,35,pack_input_wait,4,0.089,0.023,88.709,91.85000610351562,40960,0,0,0
6,rank6,35,pack_quantize,4,1.265,0.352,88.81,92.2659912109375,20480,44,0,0
6,rank6,35,pack_tx_publish,4,0.43,0.11,90.254,93.2919921875,0,4,4,256
6,rank6,35,receive_total,1,25.861,25.861,93.791,119.65200805664062,0,0,0,0
6,rank6,35,rx_flag_poll_wait,1,20.766,20.766,94.173,114.93899536132812,12,51,45,561
6,rank6,35,rx_unpack_wait,6,1.084,0.302,115.24,118.40701293945312,31680,0,0,0
6,rank6,35,rx_unpack_dequant_clear,7,0.656,0.154,115.714,118.8170166015625,30720,66,0,0
6,rank6,35,rx_output,1,0.352,0.352,118.921,119.27301025390625,10240,0,0,0
6,rank6,35,start_gate,1,86.438,86.438,1.771,88.20901489257812,0,0,0,0
6,rank6,35,pack_tx_data_submit,4,0.082,0.021,89.262,92.41500854492188,22528,0,0,0
6,rank6,35,pack_first_tx_ready,1,2.074,2.074,88.417,90.49099731445312,160,0,0,0
6,rank6,35,pack_mte3_exposed_wait,4,0.01,0.004,90.162,92.93600463867188,22528,0,0,0
6,rank6,36,kernel_total,1,29.481,29.481,88.828,118.30902099609375,0,0,0,0
6,rank6,36,pack_total,1,6.425,6.425,88.923,95.34799194335938,0,0,0,0
6,rank6,36,pack_input_wait,5,0.111,0.023,89.229,93.57501220703125,51200,0,0,0
6,rank6,36,pack_quantize,5,1.542,0.338,89.328,93.99801635742188,25600,55,0,0
6,rank6,36,pack_tx_publish,5,0.638,0.129,90.765,95.0419921875,0,5,5,320
6,rank6,36,receive_total,1,22.595,22.595,95.542,118.13699340820312,0,0,0,0
6,rank6,36,rx_flag_poll_wait,1,17.702,17.702,95.904,113.60601806640625,15,42,36,462
6,rank6,36,rx_unpack_wait,6,1.025,0.346,113.893,116.98300170898438,31680,0,0,0
6,rank6,36,rx_unpack_dequant_clear,7,0.657,0.172,114.39,117.37100219726562,30720,66,0,0
6,rank6,36,rx_output,1,0.341,0.341,117.467,117.80801391601562,10240,0,0,0
6,rank6,36,start_gate,1,87.283,87.283,1.436,88.718994140625,0,0,0,0
6,rank6,36,pack_tx_data_submit,5,0.104,0.021,89.776,94.15499877929688,28160,0,0,0
6,rank6,36,pack_first_tx_ready,1,2.076,2.076,88.936,91.01199340820312,164,0,0,0
6,rank6,36,pack_mte3_exposed_wait,5,0.011,0.003,90.673,94.68600463867188,28160,0,0,0
6,rank6,37,kernel_total,1,6.614,6.614,88.081,94.69500732421875,0,0,0,0
6,rank6,37,pack_total,1,5.326,5.326,88.176,93.50201416015625,0,0,0,0
6,rank6,37,pack_input_wait,4,0.09,0.023,88.478,91.60000610351562,40960,0,0,0
6,rank6,37,pack_quantize,4,1.235,0.331,88.576,91.99899291992188,20480,44,0,0
6,rank6,37,pack_tx_publish,4,0.506,0.128,89.972,93.04901123046875,0,4,4,256
6,rank6,37,receive_total,1,0.429,0.429,93.68,94.1090087890625,0,0,0,0
6,rank6,37,start_gate,1,86.727,86.727,1.244,87.97100830078125,0,0,0,0
6,rank6,37,pack_tx_data_submit,4,0.081,0.021,89.004,92.15499877929688,22528,0,0,0
6,rank6,37,pack_first_tx_ready,1,2.035,2.035,88.188,90.22299194335938,169,0,0,0
6,rank6,37,pack_mte3_exposed_wait,4,0.01,0.004,89.882,92.6929931640625,22528,0,0,0
6,rank6,38,kernel_total,1,28.931,28.931,88.552,117.48300170898438,0,0,0,0
6,rank6,38,pack_total,1,6.412,6.412,88.646,95.05801391601562,0,0,0,0
6,rank6,38,pack_input_wait,5,0.11,0.022,88.952,93.27499389648438,51200,0,0,0
6,rank6,38,pack_quantize,5,1.527,0.331,89.055,93.69100952148438,25600,55,0,0
6,rank6,38,pack_tx_publish,5,0.618,0.126,90.455,94.7440185546875,0,5,5,320
6,rank6,38,receive_total,1,22.069,22.069,95.243,117.31201171875,0,0,0,0
6,rank6,38,rx_flag_poll_wait,1,17.173,17.173,95.614,112.78701782226562,13,41,35,451
6,rank6,38,rx_unpack_wait,6,1.06,0.336,113.086,116.13201904296875,31680,0,0,0
6,rank6,38,rx_unpack_dequant_clear,7,0.644,0.159,113.503,116.52401733398438,30720,66,0,0
6,rank6,38,rx_output,1,0.347,0.347,116.624,116.97100830078125,10240,0,0,0
6,rank6,38,start_gate,1,86.86,86.86,1.582,88.4420166015625,0,0,0,0
6,rank6,38,pack_tx_data_submit,5,0.101,0.021,89.497,93.843994140625,28160,0,0,0
6,rank6,38,pack_first_tx_ready,1,2.054,2.054,88.659,90.7130126953125,173,0,0,0
6,rank6,38,pack_mte3_exposed_wait,5,0.012,0.003,90.37,94.38900756835938,28160,0,0,0
6,rank6,39,kernel_total,1,28.554,28.554,88.174,116.72799682617188,0,0,0,0
6,rank6,39,pack_total,1,5.301,5.301,88.269,93.57000732421875,0,0,0,0
6,rank6,39,pack_input_wait,4,0.091,0.023,88.572,91.75,40960,0,0,0
6,rank6,39,pack_quantize,4,1.234,0.325,88.672,92.16799926757812,20480,44,0,0
6,rank6,39,pack_tx_publish,4,0.494,0.127,90.098,93.2440185546875,0,4,4,256
6,rank6,39,receive_total,1,22.802,22.802,93.756,116.55801391601562,0,0,0,0
6,rank6,39,rx_flag_poll_wait,1,17.847,17.847,94.127,111.9739990234375,13,43,37,473
6,rank6,39,rx_unpack_wait,6,1.109,0.352,112.273,115.35601806640625,31680,0,0,0
6,rank6,39,rx_unpack_dequant_clear,7,0.65,0.155,112.702,115.76101684570312,30720,66,0,0
6,rank6,39,rx_output,1,0.351,0.351,115.865,116.21600341796875,10240,0,0,0
6,rank6,39,start_gate,1,86.532,86.532,1.533,88.06500244140625,0,0,0,0
6,rank6,39,pack_tx_data_submit,4,0.082,0.021,89.112,92.32400512695312,22528,0,0,0
6,rank6,39,pack_first_tx_ready,1,2.07,2.07,88.281,90.35101318359375,178,0,0,0
6,rank6,39,pack_mte3_exposed_wait,4,0.009,0.003,90.007,92.87399291992188,22528,0,0,0
6,rank6,40,kernel_total,1,27.882,27.882,88.53,116.41201782226562,0,0,0,0
6,rank6,40,pack_total,1,6.344,6.344,88.625,94.968994140625,0,0,0,0
6,rank6,40,pack_input_wait,5,0.112,0.023,88.927,93.23501586914062,51200,0,0,0
6,rank6,40,pack_quantize,5,1.549,0.324,89.031,93.65499877929688,25600,55,0,0
6,rank6,40,pack_tx_publish,5,0.578,0.117,90.446,94.66299438476562,0,5,5,320
6,rank6,40,receive_total,1,21.069,21.069,95.159,116.22799682617188,0,0,0,0
6,rank6,40,rx_flag_poll_wait,1,16.243,16.243,95.513,111.75601196289062,11,39,33,429
6,rank6,40,rx_unpack_wait,6,0.932,0.306,112.026,115.04000854492188,31680,0,0,0
6,rank6,40,rx_unpack_dequant_clear,7,0.66,0.178,112.473,115.42599487304688,30720,66,0,0
6,rank6,40,rx_output,1,0.345,0.345,115.527,115.87200927734375,10240,0,0,0
6,rank6,40,start_gate,1,87.659,87.659,0.756,88.41500854492188,0,0,0,0
6,rank6,40,pack_tx_data_submit,5,0.102,0.021,89.46,93.80902099609375,28160,0,0,0
6,rank6,40,pack_first_tx_ready,1,2.052,2.052,88.637,90.68899536132812,182,0,0,0
6,rank6,40,pack_mte3_exposed_wait,5,0.012,0.003,90.355,94.33599853515625,28160,0,0,0
6,rank6,41,kernel_total,1,34.797,34.797,88.053,122.85000610351562,0,0,0,0
6,rank6,41,pack_total,1,6.44,6.44,88.147,94.58700561523438,0,0,0,0
6,rank6,41,pack_input_wait,5,0.111,0.023,88.536,92.81201171875,51200,0,0,0
6,rank6,41,pack_quantize,5,1.524,0.323,88.636,93.22900390625,25600,55,0,0
6,rank6,41,pack_tx_publish,5,0.612,0.127,90.031,94.281005859375,0,5,5,320
6,rank6,41,receive_total,1,27.871,27.871,94.795,122.666015625,0,0,0,0
6,rank6,41,rx_flag_poll_wait,1,23.189,23.189,95.148,118.33700561523438,14,58,52,638
6,rank6,41,rx_unpack_wait,6,0.862,0.31,118.604,121.47601318359375,31680,0,0,0
6,rank6,41,rx_unpack_dequant_clear,7,0.663,0.18,118.991,121.86099243164062,30720,66,0,0
6,rank6,41,rx_output,1,0.35,0.35,121.961,122.31100463867188,10240,0,0,0
6,rank6,41,start_gate,1,87.943,87.943,0.0,87.9429931640625,0,0,0,0
6,rank6,41,pack_tx_data_submit,5,0.101,0.021,89.056,93.385009765625,28160,0,0,0
6,rank6,41,pack_first_tx_ready,1,2.115,2.115,88.159,90.27401733398438,187,0,0,0
6,rank6,41,pack_mte3_exposed_wait,5,0.012,0.003,89.946,93.93600463867188,28160,0,0,0
6,rank6,42,kernel_total,1,44.025,44.025,88.964,132.989013671875,0,0,0,0
6,rank6,42,send_total,1,24.133,24.133,92.894,117.02700805664062,0,0,0,0
6,rank6,42,tx_meta_scan,9,1.969,0.371,94.868,109.83999633789062,0,3,6,0
6,rank6,42,tx_ready_poll,9,0.016,0.003,94.367,109.56399536132812,0,9,0,0
6,rank6,42,self_copy,3,3.049,1.146,95.453,107.718994140625,16896,0,0,0
6,rank6,42,udma_post,6,6.71,1.515,97.173,110.94400024414062,33792,6,1,0
6,rank6,42,udma_quiet,3,3.773,1.661,112.47,116.70001220703125,3,0,0,0
6,rank6,42,local_rx_wait,1,8.798,8.798,117.174,125.97201538085938,42,0,0,0
6,rank6,42,round_publish,1,6.659,6.659,126.145,132.80401611328125,1,64,1,1
6,rank6,42,global_round_wait,1,3.725,3.725,89.057,92.78201293945312,1,119,0,0
6,rank6,42,start_gate,1,86.943,86.943,1.914,88.85699462890625,1,64,1,1
6,rank6,43,kernel_total,1,43.433,43.433,88.138,131.57101440429688,0,0,0,0
6,rank6,43,send_total,1,25.409,25.409,92.752,118.1610107421875,0,0,0,0
6,rank6,43,tx_meta_scan,9,1.674,0.247,94.486,109.37399291992188,0,0,9,0
6,rank6,43,tx_ready_poll,9,0.015,0.002,94.236,109.10601806640625,0,9,0,0
6,rank6,43,udma_post,9,9.583,1.56,94.863,110.39199829101562,50688,9,1,0
6,rank6,43,udma_quiet,5,5.094,1.422,111.811,117.85202026367188,5,0,0,0
6,rank6,43,local_rx_wait,1,1.214,1.214,118.324,119.53799438476562,0,0,0,0
6,rank6,43,round_publish,1,4.38,4.38,126.915,131.29501342773438,1,64,1,1
6,rank6,43,global_round_wait,1,4.409,4.409,88.231,92.6400146484375,1,119,0,0
6,rank6,43,start_gate,1,86.064,86.064,1.971,88.03500366210938,1,64,1,1
6,rank6,44,kernel_total,1,43.89,43.89,88.373,132.26300048828125,0,0,0,0
6,rank6,44,send_total,1,24.961,24.961,92.947,117.90802001953125,0,0,0,0
6,rank6,44,tx_meta_scan,9,1.818,0.247,94.648,109.19000244140625,0,2,7,0
6,rank6,44,tx_ready_poll,9,0.017,0.003,94.417,108.92800903320312,0,9,0,0
6,rank6,44,self_copy,2,1.682,0.859,101.052,108.65200805664062,11264,0,0,0
6,rank6,44,udma_post,7,7.36,1.512,95.044,110.34201049804688,39424,7,1,0
6,rank6,44,udma_quiet,6,4.664,1.177,111.729,117.64999389648438,6,0,0,0
6,rank6,44,local_rx_wait,1,1.169,1.169,118.055,119.2239990234375,0,0,0,0
6,rank6,44,round_publish,1,4.929,4.929,127.047,131.97601318359375,1,64,1,1
6,rank6,44,global_round_wait,1,4.373,4.373,88.467,92.83999633789062,1,119,0,0
6,rank6,44,start_gate,1,87.298,87.298,0.977,88.27499389648438,1,64,1,1
6,rank6,45,kernel_total,1,42.317,42.317,89.295,131.61199951171875,0,0,0,0
6,rank6,45,send_total,1,25.581,25.581,92.879,118.45999145507812,0,0,0,0
6,rank6,45,tx_meta_scan,9,2.191,0.612,94.659,109.69900512695312,0,0,9,0
6,rank6,45,tx_ready_poll,9,0.017,0.003,94.352,109.43701171875,0,9,0,0
6,rank6,45,udma_post,9,9.709,1.399,95.593,110.927001953125,50688,9,1,0
6,rank6,45,udma_quiet,4,5.03,2.279,112.314,118.18899536132812,4,0,0,0
6,rank6,45,local_rx_wait,1,0.723,0.723,118.608,119.33099365234375,0,0,0,0
6,rank6,45,round_publish,1,4.245,4.245,127.079,131.32400512695312,1,64,1,1
6,rank6,45,global_round_wait,1,3.379,3.379,89.388,92.76699829101562,1,119,0,0
6,rank6,45,start_gate,1,87.458,87.458,1.734,89.1920166015625,1,64,1,1
6,rank6,46,kernel_total,1,42.165,42.165,88.84,131.0050048828125,0,0,0,0
6,rank6,46,send_total,1,25.489,25.489,92.776,118.2650146484375,0,0,0,0
6,rank6,46,tx_meta_scan,9,1.547,0.2,94.698,108.98101806640625,0,1,8,0
6,rank6,46,tx_ready_poll,10,0.019,0.003,94.268,108.60800170898438,1,9,0,0
6,rank6,46,self_copy,1,0.77,0.77,97.32,98.08999633789062,5632,0,0,0
6,rank6,46,udma_post,8,8.101,1.27,95.166,110.093017578125,45056,8,1,0
6,rank6,46,udma_quiet,5,4.618,1.214,112.379,118.01199340820312,5,0,0,0
6,rank6,46,local_rx_wait,1,0.552,0.552,118.446,118.99801635742188,0,0,0,0
6,rank6,46,round_publish,1,3.712,3.712,126.995,130.70700073242188,1,64,1,1
6,rank6,46,global_round_wait,1,3.735,3.735,88.934,92.66900634765625,1,119,0,0
6,rank6,46,start_gate,1,87.072,87.072,1.669,88.74099731445312,1,64,1,1
6,rank6,47,kernel_total,1,43.514,43.514,88.02,131.53399658203125,0,0,0,0
6,rank6,47,send_total,1,25.619,25.619,93.069,118.68801879882812,0,0,0,0
6,rank6,47,tx_meta_scan,9,1.499,0.183,95.112,109.28201293945312,0,0,9,0
6,rank6,47,tx_ready_poll,10,0.018,0.003,94.559,109.01101684570312,1,9,0,0
6,rank6,47,udma_post,9,8.874,1.464,95.554,110.15499877929688,50688,9,1,0
6,rank6,47,udma_quiet,5,5.016,1.316,112.413,118.416015625,5,0,0,0
6,rank6,47,local_rx_wait,1,0.297,0.297,118.846,119.14300537109375,0,0,0,0
6,rank6,47,round_publish,1,4.127,4.127,127.107,131.2340087890625,1,64,1,1
6,rank6,47,global_round_wait,1,4.848,4.848,88.114,92.96200561523438,1,119,0,0
6,rank6,47,start_gate,1,86.994,86.994,0.928,87.9219970703125,1,64,1,1
6,rank6,48,kernel_total,1,39.521,39.521,88.276,127.7969970703125,0,0,0,0
6,rank6,48,send_total,1,26.776,26.776,92.927,119.7030029296875,0,0,0,0
6,rank6,48,tx_meta_scan,9,1.696,0.287,94.776,110.35601806640625,0,0,9,0
6,rank6,48,tx_ready_poll,9,0.016,0.003,94.42,110.10400390625,0,9,0,0
6,rank6,48,udma_post,9,10.516,1.564,95.295,111.28701782226562,50688,9,1,0
6,rank6,48,udma_quiet,6,5.543,1.422,112.664,119.4010009765625,6,0,0,0
6,rank6,48,local_rx_wait,1,4.543,4.543,119.851,124.39401245117188,0,0,0,0
6,rank6,48,round_publish,1,0.551,0.551,126.968,127.51901245117188,0,0,0,0
6,rank6,48,global_round_wait,1,4.443,4.443,88.369,92.81201171875,0,119,0,0
6,rank6,48,start_gate,1,87.366,87.366,0.812,88.17800903320312,0,0,0,0
6,rank6,49,kernel_total,1,43.292,43.292,88.418,131.70999145507812,0,0,0,0
6,rank6,49,send_total,1,24.748,24.748,93.099,117.84701538085938,0,0,0,0
6,rank6,49,tx_meta_scan,9,1.947,0.401,94.802,110.20700073242188,0,2,7,0
6,rank6,49,tx_ready_poll,9,0.017,0.003,94.588,109.95401000976562,0,9,0,0
6,rank6,49,self_copy,2,1.543,0.789,99.639,111.13101196289062,11264,0,0,0
6,rank6,49,udma_post,7,8.047,1.434,95.473,109.70401000976562,39424,7,1,0
6,rank6,49,udma_quiet,4,4.165,1.633,112.622,117.57400512695312,4,0,0,0
6,rank6,49,local_rx_wait,1,2.219,2.219,117.997,120.21600341796875,0,0,0,0
6,rank6,49,round_publish,1,4.475,4.475,126.944,131.41900634765625,1,64,1,1
6,rank6,49,global_round_wait,1,4.481,4.481,88.511,92.99200439453125,1,119,0,0
6,rank6,49,start_gate,1,86.326,86.326,1.994,88.32000732421875,1,64,1,1
6,rank6,50,kernel_total,1,34.757,34.757,88.207,122.96401977539062,0,0,0,0
6,rank6,50,send_total,1,24.995,24.995,92.993,117.98800659179688,0,0,0,0
6,rank6,50,tx_meta_scan,9,1.949,0.491,94.692,109.50302124023438,0,1,8,0
6,rank6,50,tx_ready_poll,9,0.015,0.002,94.484,109.22900390625,0,9,0,0
6,rank6,50,self_copy,1,0.728,0.728,109.622,110.35000610351562,5632,0,0,0
6,rank6,50,udma_post,8,8.748,1.475,95.351,108.9940185546875,45056,8,1,0
6,rank6,50,udma_quiet,6,4.833,1.176,111.687,117.70101928710938,6,0,0,0
6,rank6,50,local_rx_wait,1,4.399,4.399,118.14,122.53900146484375,0,0,0,0
6,rank6,50,global_round_wait,1,4.581,4.581,88.3,92.88101196289062,0,0,0,0
6,rank6,50,start_gate,1,87.246,87.246,0.862,88.10800170898438,0,0,0,0
6,rank6,51,kernel_total,1,32.928,32.928,88.566,121.4940185546875,0,0,0,0
6,rank6,51,send_total,1,25.548,25.548,92.588,118.13601684570312,0,0,0,0
6,rank6,51,tx_meta_scan,9,1.49,0.178,94.313,108.58901977539062,0,1,8,0
6,rank6,51,tx_ready_poll,9,0.018,0.003,94.092,108.31399536132812,0,9,0,0
6,rank6,51,self_copy,1,0.783,0.783,102.297,103.08001708984375,5632,0,0,0
6,rank6,51,udma_post,8,8.466,1.474,94.665,109.61099243164062,45056,8,1,0
6,rank6,51,udma_quiet,4,6.039,2.922,111.015,117.88601684570312,4,0,0,0
6,rank6,51,local_rx_wait,1,2.704,2.704,118.362,121.06600952148438,0,0,0,0
6,rank6,51,global_round_wait,1,3.818,3.818,88.659,92.47702026367188,0,0,0,0
6,rank6,51,start_gate,1,88.045,88.045,0.418,88.4630126953125,0,0,0,0
6,rank6,52,kernel_total,1,32.666,32.666,88.249,120.91500854492188,0,0,0,0
6,rank6,52,send_total,1,27.276,27.276,92.656,119.9320068359375,0,0,0,0
6,rank6,52,tx_meta_scan,9,1.976,0.46,94.352,109.22799682617188,0,1,8,0
6,rank6,52,tx_ready_poll,9,0.013,0.002,94.165,108.96701049804688,0,9,0,0
6,rank6,52,self_copy,1,0.786,0.786,104.74,105.5260009765625,5632,0,0,0
6,rank6,52,udma_post,8,9.108,1.566,95.09,110.53900146484375,45056,8,1,0
6,rank6,52,udma_quiet,6,6.539,1.775,111.9,119.62301635742188,6,0,0,0
6,rank6,52,local_rx_wait,1,0.426,0.426,120.073,120.49899291992188,0,0,0,0
6,rank6,52,global_round_wait,1,4.202,4.202,88.342,92.54400634765625,0,0,0,0
6,rank6,52,start_gate,1,87.798,87.798,0.353,88.1510009765625,0,0,0,0
6,rank6,53,kernel_total,1,30.178,30.178,88.397,118.57501220703125,0,0,0,0
6,rank6,53,send_total,1,23.668,23.668,92.819,116.48699951171875,0,0,0,0
6,rank6,53,tx_meta_scan,9,1.931,0.358,94.589,108.92001342773438,0,1,8,0
6,rank6,53,tx_ready_poll,9,0.017,0.003,94.331,108.66900634765625,0,9,0,0
6,rank6,53,self_copy,1,0.754,0.754,94.965,95.718994140625,5632,0,0,0
6,rank6,53,udma_post,8,7.852,1.407,96.635,109.87100219726562,45056,8,1,0
6,rank6,53,udma_quiet,4,4.171,1.634,111.263,116.20599365234375,4,0,0,0
6,rank6,53,local_rx_wait,1,1.529,1.529,116.627,118.156005859375,0,0,0,0
6,rank6,53,global_round_wait,1,4.221,4.221,88.49,92.71099853515625,0,0,0,0
6,rank6,53,start_gate,1,87.847,87.847,0.447,88.29400634765625,0,0,0,0
6,rank6,54,kernel_total,1,35.072,35.072,88.11,123.1820068359375,0,0,0,0
6,rank6,54,send_total,1,25.591,25.591,92.633,118.2239990234375,0,0,0,0
6,rank6,54,tx_meta_scan,9,1.813,0.323,94.37,108.6719970703125,0,1,8,0
6,rank6,54,tx_ready_poll,9,0.021,0.003,94.141,108.3590087890625,0,9,0,0
6,rank6,54,self_copy,1,0.832,0.832,103.932,104.76400756835938,5632,0,0,0
6,rank6,54,udma_post,8,8.403,1.595,94.95,109.75100708007812,45056,8,1,0
6,rank6,54,udma_quiet,4,6.156,3.264,111.082,117.93600463867188,4,0,0,0
6,rank6,54,local_rx_wait,1,4.354,4.354,118.408,122.76199340820312,0,0,0,0
6,rank6,54,global_round_wait,1,4.319,4.319,88.203,92.52200317382812,0,0,0,0
6,rank6,54,start_gate,1,86.818,86.818,1.193,88.01101684570312,0,0,0,0
6,rank6,55,kernel_total,1,30.831,30.831,89.478,120.30902099609375,0,0,0,0
6,rank6,55,send_total,1,25.323,25.323,92.795,118.11801147460938,0,0,0,0
6,rank6,55,tx_meta_scan,9,1.647,0.251,94.948,109.447998046875,0,2,7,0
6,rank6,55,tx_ready_poll,10,0.016,0.003,94.327,109.05001831054688,1,9,0,0
6,rank6,55,self_copy,2,1.545,0.775,97.879,108.7960205078125,11264,0,0,0
6,rank6,55,udma_post,7,7.682,1.696,95.388,110.55401611328125,39424,7,1,0
6,rank6,55,udma_quiet,4,4.39,1.63,112.718,117.85699462890625,4,0,0,0
6,rank6,55,local_rx_wait,1,1.62,1.62,118.266,119.88601684570312,0,0,0,0
6,rank6,55,global_round_wait,1,3.116,3.116,89.572,92.68801879882812,0,0,0,0
6,rank6,55,start_gate,1,88.892,88.892,0.488,89.3800048828125,0,0,0,0
6,rank6,56,kernel_total,1,33.749,33.749,88.09,121.83901977539062,0,0,0,0
6,rank6,56,send_total,1,28.066,28.066,92.732,120.79800415039062,0,0,0,0
6,rank6,56,tx_meta_scan,9,1.563,0.299,94.866,110.22900390625,0,0,9,0
6,rank6,56,tx_ready_poll,10,0.017,0.003,94.272,109.8330078125,1,9,0,0
6,rank6,56,udma_post,9,9.836,1.37,95.553,111.20599365234375,50688,9,1,0
6,rank6,56,udma_quiet,6,5.888,1.844,113.369,120.52401733398438,6,0,0,0
6,rank6,56,local_rx_wait,1,0.422,0.422,120.949,121.37100219726562,0,0,0,0
6,rank6,56,global_round_wait,1,4.436,4.436,88.184,92.6199951171875,0,0,0,0
6,rank6,56,start_gate,1,87.89,87.89,0.101,87.99099731445312,0,0,0,0
6,rank6,57,kernel_total,1,32.09,32.09,89.906,121.99600219726562,0,0,0,0
6,rank6,57,send_total,1,28.374,28.374,92.709,121.0830078125,0,0,0,0
6,rank6,57,tx_meta_scan,9,1.962,0.39,94.489,109.77200317382812,0,0,9,0
6,rank6,57,tx_ready_poll,9,0.015,0.003,94.246,109.49002075195312,0,9,0,0
6,rank6,57,udma_post,9,9.921,1.585,95.087,110.677001953125,50688,9,1,0
6,rank6,57,udma_quiet,6,7.445,3.008,112.059,120.81900024414062,6,0,0,0
6,rank6,57,local_rx_wait,1,0.291,0.291,121.233,121.52401733398438,0,0,0,0
6,rank6,57,global_round_wait,1,2.598,2.598,89.999,92.59701538085938,0,0,0,0
6,rank6,57,start_gate,1,89.624,89.624,0.179,89.80300903320312,0,0,0,0
6,rank6,58,kernel_total,1,29.141,29.141,88.795,117.93600463867188,0,0,0,0
6,rank6,58,send_total,1,22.642,22.642,92.682,115.32400512695312,0,0,0,0
6,rank6,58,tx_meta_scan,8,1.645,0.311,94.524,107.58499145507812,0,1,7,0
6,rank6,58,tx_ready_poll,8,0.012,0.003,94.214,107.24099731445312,0,8,0,0
6,rank6,58,self_copy,1,0.74,0.74,102.876,103.61599731445312,5632,0,0,0
6,rank6,58,udma_post,7,7.641,1.4,94.991,108.5050048828125,39424,7,1,0
6,rank6,58,udma_quiet,5,4.163,1.003,109.941,115.0469970703125,5,0,0,0
6,rank6,58,local_rx_wait,1,2.057,2.057,115.471,117.52801513671875,0,0,0,0
6,rank6,58,global_round_wait,1,3.685,3.685,88.889,92.57400512695312,0,0,0,0
6,rank6,58,start_gate,1,86.764,86.764,1.928,88.6920166015625,0,0,0,0
6,rank6,59,kernel_total,1,31.719,31.719,88.447,120.166015625,0,0,0,0
6,rank6,59,send_total,1,23.384,23.384,93.016,116.39999389648438,0,0,0,0
6,rank6,59,tx_meta_scan,8,1.355,0.251,94.894,107.61502075195312,0,2,6,0
6,rank6,59,tx_ready_poll,8,0.018,0.003,94.542,107.2650146484375,0,8,0,0
6,rank6,59,self_copy,2,1.486,0.747,95.205,97.625,11264,0,0,0
6,rank6,59,udma_post,6,7.182,1.644,98.451,109.04501342773438,33792,6,1,0
6,rank6,59,udma_quiet,4,4.893,1.89,110.472,116.11300659179688,4,0,0,0
6,rank6,59,local_rx_wait,1,3.146,3.146,116.547,119.6929931640625,0,0,0,0
6,rank6,59,global_round_wait,1,4.365,4.365,88.54,92.90499877929688,0,0,0,0
6,rank6,59,start_gate,1,88.303,88.303,0.041,88.343994140625,0,0,0,0
6,rank6,60,kernel_total,1,31.547,31.547,89.599,121.14599609375,0,0,0,0
6,rank6,60,send_total,1,20.624,20.624,92.611,113.23501586914062,0,0,0,0
6,rank6,60,tx_meta_scan,8,1.255,0.17,94.392,106.47000122070312,0,2,6,0
6,rank6,60,tx_ready_poll,8,0.014,0.003,94.164,106.18899536132812,0,8,0,0
6,rank6,60,self_copy,2,1.52,0.766,98.803,104.489013671875,11264,0,0,0
6,rank6,60,udma_post,6,6.545,1.527,94.828,107.906005859375,33792,6,1,0
6,rank6,60,udma_quiet,3,3.104,1.346,109.372,112.95700073242188,3,0,0,0
6,rank6,60,local_rx_wait,1,7.376,7.376,113.377,120.75302124023438,0,0,0,0
6,rank6,60,global_round_wait,1,2.807,2.807,89.692,92.49899291992188,0,0,0,0
6,rank6,60,start_gate,1,88.454,88.454,1.042,89.49600219726562,0,0,0,0
6,rank6,61,kernel_total,1,34.966,34.966,88.325,123.291015625,0,0,0,0
6,rank6,61,send_total,1,22.928,22.928,92.966,115.89401245117188,0,0,0,0
6,rank6,61,tx_meta_scan,8,1.377,0.205,94.989,108.33700561523438,0,2,6,0
6,rank6,61,tx_ready_poll,8,0.017,0.003,94.518,108.03900146484375,0,8,0,0
6,rank6,61,self_copy,2,1.577,0.834,107.067,109.29000854492188,11264,0,0,0
6,rank6,61,udma_post,6,7.445,1.585,95.454,106.427001953125,33792,6,1,0
6,rank6,61,udma_quiet,5,3.921,0.99,110.737,115.65499877929688,5,0,0,0
6,rank6,61,local_rx_wait,1,6.847,6.847,116.033,122.8800048828125,0,0,0,0
6,rank6,61,global_round_wait,1,4.435,4.435,88.419,92.85400390625,0,0,0,0
6,rank6,61,start_gate,1,87.844,87.844,0.378,88.22201538085938,0,0,0,0
6,rank6,62,kernel_total,1,32.184,32.184,88.229,120.41299438476562,0,0,0,0
6,rank6,62,send_total,1,23.256,23.256,93.031,116.28701782226562,0,0,0,0
6,rank6,62,tx_meta_scan,8,1.376,0.194,94.834,108.19500732421875,0,0,8,0
6,rank6,62,tx_ready_poll,8,0.016,0.003,94.589,107.90200805664062,0,8,0,0
6,rank6,62,udma_post,8,8.684,1.55,95.177,109.16500854492188,45056,8,1,0
6,rank6,62,udma_quiet,5,4.379,1.014,110.6,116.03701782226562,5,0,0,0
6,rank6,62,local_rx_wait,1,3.578,3.578,116.431,120.00900268554688,0,0,0,0
6,rank6,62,global_round_wait,1,4.601,4.601,88.323,92.92401123046875,0,0,0,0
6,rank6,62,start_gate,1,86.976,86.976,1.151,88.12701416015625,0,0,0,0
6,rank6,63,kernel_total,1,32.237,32.237,88.339,120.57601928710938,0,0,0,0
6,rank6,63,send_total,1,26.643,26.643,92.844,119.48699951171875,0,0,0,0
6,rank6,63,tx_meta_scan,8,1.351,0.243,94.932,108.79299926757812,0,0,8,0
6,rank6,63,tx_ready_poll,8,0.015,0.003,94.395,108.54000854492188,0,8,0,0
6,rank6,63,udma_post,8,9.42,1.504,95.314,109.85400390625,45056,8,1,0
6,rank6,63,udma_quiet,6,6.738,2.615,111.264,119.23599243164062,6,0,0,0
6,rank6,63,local_rx_wait,1,0.481,0.481,119.623,120.10400390625,0,0,0,0
6,rank6,63,global_round_wait,1,4.299,4.299,88.433,92.73199462890625,0,0,0,0
6,rank6,63,start_gate,1,88.091,88.091,0.154,88.2449951171875,0,0,0,0
7,rank7,0,kernel_total,1,6.655,6.655,25.007,31.6619873046875,0,0,0,0
7,rank7,0,pack_total,1,5.593,5.593,25.101,30.694000244140625,0,0,0,0
7,rank7,0,pack_input_wait,4,0.091,0.023,25.405,28.739990234375,40960,0,0,0
7,rank7,0,pack_quantize,4,1.255,0.357,25.499,29.14599609375,20480,44,0,0
7,rank7,0,pack_tx_publish,4,0.88,0.223,26.937,30.38800048828125,0,4,4,256
7,rank7,0,receive_total,1,0.572,0.572,30.902,31.4739990234375,0,0,0,0
7,rank7,0,start_gate,1,23.86,23.86,1.045,24.904998779296875,0,0,0,0
7,rank7,0,pack_tx_data_submit,4,0.082,0.021,25.952,29.303985595703125,22528,0,0,0
7,rank7,0,pack_first_tx_ready,1,2.171,2.171,25.114,27.28497314453125,0,0,0,0
7,rank7,0,pack_mte3_exposed_wait,4,0.009,0.003,26.851,29.927978515625,22528,0,0,0
7,rank7,1,kernel_total,1,23.457,23.457,24.307,47.76397705078125,0,0,0,0
7,rank7,1,pack_total,1,6.695,6.695,24.401,31.095977783203125,0,0,0,0
7,rank7,1,pack_input_wait,5,0.111,0.023,24.706,29.207977294921875,51200,0,0,0
7,rank7,1,pack_quantize,5,1.564,0.326,24.806,29.6309814453125,25600,55,0,0
7,rank7,1,pack_tx_publish,5,0.895,0.22,26.253,30.78399658203125,0,5,5,320
7,rank7,1,receive_total,1,16.272,16.272,31.304,47.57598876953125,0,0,0,0
7,rank7,1,rx_flag_poll_wait,1,11.041,11.041,31.728,42.76898193359375,15,22,16,242
7,rank7,1,rx_unpack_wait,6,1.334,0.357,43.077,46.39599609375,31680,0,0,0
7,rank7,1,rx_unpack_dequant_clear,7,0.653,0.165,43.506,46.78497314453125,30720,66,0,0
7,rank7,1,rx_output,1,0.344,0.344,46.893,47.23699951171875,10240,0,0,0
7,rank7,1,start_gate,1,22.89,22.89,1.316,24.20599365234375,0,0,0,0
7,rank7,1,pack_tx_data_submit,5,0.104,0.021,25.231,29.781982421875,28160,0,0,0
7,rank7,1,pack_first_tx_ready,1,2.186,2.186,24.414,26.5999755859375,4,0,0,0
7,rank7,1,pack_mte3_exposed_wait,5,0.011,0.003,26.167,30.405975341796875,28160,0,0,0
7,rank7,2,kernel_total,1,19.353,19.353,24.934,44.2869873046875,0,0,0,0
7,rank7,2,pack_total,1,5.561,5.561,25.028,30.5889892578125,0,0,0,0
7,rank7,2,pack_input_wait,4,0.09,0.023,25.388,28.65399169921875,40960,0,0,0
7,rank7,2,pack_quantize,4,1.297,0.395,25.484,29.06597900390625,20480,44,0,0
7,rank7,2,pack_tx_publish,4,0.728,0.212,26.949,30.279998779296875,0,4,4,256
7,rank7,2,receive_total,1,13.328,13.328,30.788,44.115997314453125,0,0,0,0
7,rank7,2,rx_flag_poll_wait,1,8.294,8.294,31.207,39.5009765625,6,18,12,198
7,rank7,2,rx_unpack_wait,6,0.941,0.342,39.813,42.806976318359375,31680,0,0,0
7,rank7,2,rx_unpack_dequant_clear,7,0.652,0.17,40.329,43.198974609375,30720,66,0,0
7,rank7,2,rx_output,1,0.358,0.358,43.3,43.657989501953125,10240,0,0,0
7,rank7,2,start_gate,1,24.828,24.828,0.0,24.827972412109375,0,0,0,0
7,rank7,2,pack_tx_data_submit,4,0.082,0.021,25.975,29.214996337890625,22528,0,0,0
7,rank7,2,pack_first_tx_ready,1,2.248,2.248,25.041,27.288970947265625,9,0,0,0
7,rank7,2,pack_mte3_exposed_wait,4,0.01,0.003,26.866,29.839996337890625,22528,0,0,0
7,rank7,3,kernel_total,1,23.065,23.065,24.27,47.334991455078125,0,0,0,0
7,rank7,3,pack_total,1,7.021,7.021,24.364,31.384979248046875,0,0,0,0
7,rank7,3,pack_input_wait,5,0.113,0.023,24.668,29.21099853515625,51200,0,0,0
7,rank7,3,pack_quantize,5,1.562,0.323,24.77,29.636993408203125,25600,55,0,0
7,rank7,3,pack_tx_publish,5,1.064,0.24,26.195,31.025970458984375,0,5,5,320
7,rank7,3,receive_total,1,15.564,15.564,31.596,47.15997314453125,0,0,0,0
7,rank7,3,rx_flag_poll_wait,1,10.396,10.396,32.016,42.4119873046875,7,23,17,253
7,rank7,3,rx_unpack_wait,6,1.185,0.331,42.724,45.957000732421875,31680,0,0,0
7,rank7,3,rx_unpack_dequant_clear,7,0.64,0.159,43.234,46.3499755859375,30720,66,0,0
7,rank7,3,rx_output,1,0.349,0.349,46.45,46.798980712890625,10240,0,0,0
7,rank7,3,start_gate,1,22.928,22.928,1.235,24.162994384765625,0,0,0,0
7,rank7,3,pack_tx_data_submit,5,0.105,0.021,25.193,29.790985107421875,28160,0,0,0
7,rank7,3,pack_first_tx_ready,1,2.184,2.184,24.377,26.56097412109375,13,0,0,0
7,rank7,3,pack_mte3_exposed_wait,5,0.012,0.004,26.105,30.448974609375,28160,0,0,0
7,rank7,4,kernel_total,1,6.82,6.82,24.692,31.511993408203125,0,0,0,0
7,rank7,4,pack_total,1,5.572,5.572,24.786,30.35797119140625,0,0,0,0
7,rank7,4,pack_input_wait,4,0.09,0.023,25.092,28.4329833984375,40960,0,0,0
7,rank7,4,pack_quantize,4,1.22,0.323,25.192,28.839996337890625,20480,44,0,0
7,rank7,4,pack_tx_publish,4,0.708,0.234,26.593,29.89898681640625,0,4,4,256
7,rank7,4,receive_total,1,0.527,0.527,30.569,31.095977783203125,0,0,0,0
7,rank7,4,start_gate,1,23.75,23.75,0.836,24.58599853515625,0,0,0,0
7,rank7,4,pack_tx_data_submit,4,0.083,0.021,25.611,28.998992919921875,22528,0,0,0
7,rank7,4,pack_first_tx_ready,1,2.15,2.15,24.799,26.948974609375,18,0,0,0
7,rank7,4,pack_mte3_exposed_wait,4,0.007,0.003,26.503,29.5419921875,22528,0,0,0
7,rank7,5,kernel_total,1,22.404,22.404,24.284,46.68798828125,0,0,0,0
7,rank7,5,pack_total,1,6.814,6.814,24.378,31.191986083984375,0,0,0,0
7,rank7,5,pack_input_wait,5,0.112,0.023,24.685,29.222991943359375,51200,0,0,0
7,rank7,5,pack_quantize,5,1.554,0.322,24.784,29.65399169921875,25600,55,0,0
7,rank7,5,pack_tx_publish,5,0.941,0.236,26.203,30.8699951171875,0,5,5,320
7,rank7,5,receive_total,1,15.089,15.089,31.404,46.49298095703125,0,0,0,0
7,rank7,5,rx_flag_poll_wait,1,10.19,10.19,31.849,42.038970947265625,8,22,16,242
7,rank7,5,rx_unpack_wait,6,1.003,0.381,42.347,45.322998046875,31680,0,0,0
7,rank7,5,rx_unpack_dequant_clear,7,0.66,0.181,42.8,45.71697998046875,30720,66,0,0
7,rank7,5,rx_output,1,0.343,0.343,45.818,46.160980224609375,10240,0,0,0
7,rank7,5,start_gate,1,24.145,24.145,0.033,24.177978515625,0,0,0,0
7,rank7,5,pack_tx_data_submit,5,0.104,0.021,25.202,29.80499267578125,28160,0,0,0
7,rank7,5,pack_first_tx_ready,1,2.175,2.175,24.391,26.56597900390625,22,0,0,0
7,rank7,5,pack_mte3_exposed_wait,5,0.008,0.003,26.108,30.444976806640625,28160,0,0,0
7,rank7,6,kernel_total,1,25.741,25.741,24.394,50.134979248046875,0,0,0,0
7,rank7,6,pack_total,1,6.729,6.729,24.489,31.217987060546875,0,0,0,0
7,rank7,6,pack_input_wait,5,0.112,0.023,24.796,29.308990478515625,51200,0,0,0
7,rank7,6,pack_quantize,5,1.55,0.33,24.89,29.730987548828125,25600,55,0,0
7,rank7,6,pack_tx_publish,5,0.94,0.238,26.284,30.866973876953125,0,5,5,320
7,rank7,6,receive_total,1,18.514,18.514,31.441,49.954986572265625,0,0,0,0
7,rank7,6,rx_flag_poll_wait,1,13.439,13.439,31.89,45.3289794921875,10,30,24,330
7,rank7,6,rx_unpack_wait,6,1.163,0.346,45.643,48.75897216796875,31680,0,0,0
7,rank7,6,rx_unpack_dequant_clear,7,0.643,0.165,46.061,49.15399169921875,30720,66,0,0
7,rank7,6,rx_output,1,0.346,0.346,49.254,49.5999755859375,10240,0,0,0
7,rank7,6,start_gate,1,22.262,22.262,2.026,24.287994384765625,0,0,0,0
7,rank7,6,pack_tx_data_submit,5,0.102,0.021,25.315,29.8809814453125,28160,0,0,0
7,rank7,6,pack_first_tx_ready,1,2.147,2.147,24.502,26.64898681640625,27,0,0,0
7,rank7,6,pack_mte3_exposed_wait,5,0.009,0.003,26.203,30.406982421875,28160,0,0,0
7,rank7,7,kernel_total,1,20.611,20.611,24.624,45.2349853515625,0,0,0,0
7,rank7,7,pack_total,1,5.588,5.588,24.719,30.306976318359375,0,0,0,0
7,rank7,7,pack_input_wait,4,0.089,0.023,25.026,28.38397216796875,40960,0,0,0
7,rank7,7,pack_quantize,4,1.254,0.345,25.125,28.7969970703125,20480,44,0,0
7,rank7,7,pack_tx_publish,4,0.696,0.233,26.556,29.855987548828125,0,4,4,256
7,rank7,7,receive_total,1,14.54,14.54,30.516,45.055999755859375,0,0,0,0
7,rank7,7,rx_flag_poll_wait,1,9.48,9.48,30.931,40.410980224609375,6,21,15,231
7,rank7,7,rx_unpack_wait,6,1.09,0.335,40.713,43.76898193359375,31680,0,0,0
7,rank7,7,rx_unpack_dequant_clear,7,0.656,0.174,41.12,44.160980224609375,30720,66,0,0
7,rank7,7,rx_output,1,0.342,0.342,44.261,44.602996826171875,10240,0,0,0
7,rank7,7,start_gate,1,24.436,24.436,0.082,24.517974853515625,0,0,0,0
7,rank7,7,pack_tx_data_submit,4,0.083,0.021,25.566,28.9539794921875,22528,0,0,0
7,rank7,7,pack_first_tx_ready,1,2.184,2.184,24.732,26.915985107421875,32,0,0,0
7,rank7,7,pack_mte3_exposed_wait,4,0.008,0.003,26.473,29.475982666015625,22528,0,0,0
7,rank7,8,kernel_total,1,7.857,7.857,24.632,32.488983154296875,0,0,0,0
7,rank7,8,pack_total,1,6.783,6.783,24.727,31.509979248046875,0,0,0,0
7,rank7,8,pack_input_wait,5,0.112,0.023,25.031,29.589996337890625,51200,0,0,0
7,rank7,8,pack_quantize,5,1.551,0.342,25.13,30.00897216796875,25600,55,0,0
7,rank7,8,pack_tx_publish,5,0.979,0.244,26.546,31.1719970703125,0,5,5,320
7,rank7,8,receive_total,1,0.551,0.551,31.738,32.288970947265625,0,0,0,0
7,rank7,8,start_gate,1,22.464,22.464,2.067,24.530975341796875,0,0,0,0
7,rank7,8,pack_tx_data_submit,5,0.101,0.021,25.569,30.15899658203125,28160,0,0,0
7,rank7,8,pack_first_tx_ready,1,2.172,2.172,24.74,26.9119873046875,36,0,0,0
7,rank7,8,pack_mte3_exposed_wait,5,0.01,0.003,26.455,30.82098388671875,28160,0,0,0
7,rank7,9,kernel_total,1,21.373,21.373,24.765,46.13800048828125,0,0,0,0
7,rank7,9,pack_total,1,5.579,5.579,24.859,30.43798828125,0,0,0,0
7,rank7,9,pack_input_wait,4,0.089,0.023,25.166,28.519989013671875,40960,0,0,0
7,rank7,9,pack_quantize,4,1.343,0.401,25.26,28.9329833984375,20480,44,0,0
7,rank7,9,pack_tx_publish,4,0.74,0.244,26.761,30.069000244140625,0,4,4,256
7,rank7,9,receive_total,1,15.279,15.279,30.658,45.936981201171875,0,0,0,0
7,rank7,9,rx_flag_poll_wait,1,10.256,10.256,31.057,41.31298828125,7,22,16,242
7,rank7,9,rx_unpack_wait,6,1.109,0.537,41.611,44.77398681640625,31680,0,0,0
7,rank7,9,rx_unpack_dequant_clear,7,0.695,0.212,42.22,45.165985107421875,30720,66,0,0
7,rank7,9,rx_output,1,0.34,0.34,45.27,45.6099853515625,10240,0,0,0
7,rank7,9,start_gate,1,22.476,22.476,2.182,24.657989501953125,0,0,0,0
7,rank7,9,pack_tx_data_submit,4,0.081,0.021,25.695,29.0889892578125,22528,0,0,0
7,rank7,9,pack_first_tx_ready,1,2.256,2.256,24.872,27.12799072265625,41,0,0,0
7,rank7,9,pack_mte3_exposed_wait,4,0.008,0.003,26.68,29.7349853515625,22528,0,0,0
7,rank7,10,kernel_total,1,21.96,21.96,24.868,46.827972412109375,0,0,0,0
7,rank7,10,pack_total,1,6.66,6.66,24.962,31.621978759765625,0,0,0,0
7,rank7,10,pack_input_wait,5,0.112,0.023,25.266,29.75799560546875,51200,0,0,0
7,rank7,10,pack_quantize,5,1.544,0.325,25.365,30.17999267578125,25600,55,0,0
7,rank7,10,pack_tx_publish,5,0.777,0.218,26.779,31.215972900390625,0,5,5,320
7,rank7,10,receive_total,1,14.796,14.796,31.841,46.636993408203125,0,0,0,0
7,rank7,10,rx_flag_poll_wait,1,9.544,9.544,32.274,41.8179931640625,5,21,15,231
7,rank7,10,rx_unpack_wait,6,1.248,0.485,42.094,45.326995849609375,31680,0,0,0
7,rank7,10,rx_unpack_dequant_clear,7,0.665,0.185,42.651,45.722991943359375,30720,66,0,0
7,rank7,10,rx_output,1,0.35,0.35,45.819,46.168975830078125,10240,0,0,0
7,rank7,10,start_gate,1,22.614,22.614,2.152,24.7659912109375,0,0,0,0
7,rank7,10,pack_tx_data_submit,5,0.103,0.021,25.785,30.329986572265625,28160,0,0,0
7,rank7,10,pack_first_tx_ready,1,2.149,2.149,24.975,27.123992919921875,45,0,0,0
7,rank7,10,pack_mte3_exposed_wait,5,0.011,0.004,26.694,30.84698486328125,28160,0,0,0
7,rank7,11,kernel_total,1,25.292,25.292,24.954,50.2459716796875,0,0,0,0
7,rank7,11,pack_total,1,5.479,5.479,25.048,30.5269775390625,0,0,0,0
7,rank7,11,pack_input_wait,4,0.09,0.023,25.353,28.655975341796875,40960,0,0,0
7,rank7,11,pack_quantize,4,1.224,0.329,25.448,29.06298828125,20480,44,0,0
7,rank7,11,pack_tx_publish,4,0.664,0.218,26.851,30.142974853515625,0,4,4,256
7,rank7,11,receive_total,1,19.291,19.291,30.763,50.053985595703125,0,0,0,0
7,rank7,11,rx_flag_poll_wait,1,14.356,14.356,31.179,45.53497314453125,17,31,25,341
7,rank7,11,rx_unpack_wait,6,0.998,0.317,45.816,48.876983642578125,31680,0,0,0
7,rank7,11,rx_unpack_dequant_clear,7,0.655,0.177,46.291,49.26898193359375,30720,66,0,0
7,rank7,11,rx_output,1,0.348,0.348,49.373,49.720977783203125,10240,0,0,0
7,rank7,11,start_gate,1,23.57,23.57,1.277,24.84698486328125,0,0,0,0
7,rank7,11,pack_tx_data_submit,4,0.083,0.021,25.873,29.220977783203125,22528,0,0,0
7,rank7,11,pack_first_tx_ready,1,2.135,2.135,25.061,27.19598388671875,50,0,0,0
7,rank7,11,pack_mte3_exposed_wait,4,0.01,0.003,26.773,29.746978759765625,22528,0,0,0
7,rank7,12,kernel_total,1,7.709,7.709,24.667,32.3759765625,0,0,0,0
7,rank7,12,pack_total,1,6.651,6.651,24.762,31.412994384765625,0,0,0,0
7,rank7,12,pack_input_wait,5,0.115,0.023,25.064,29.51898193359375,51200,0,0,0
7,rank7,12,pack_quantize,5,1.568,0.325,25.159,29.93798828125,25600,55,0,0
7,rank7,12,pack_tx_publish,5,0.837,0.209,26.578,31.08099365234375,0,5,5,320
7,rank7,12,receive_total,1,0.566,0.566,31.629,32.194976806640625,0,0,0,0
7,rank7,12,start_gate,1,24.372,24.372,0.114,24.485992431640625,0,0,0,0
7,rank7,12,pack_tx_data_submit,5,0.103,0.021,25.58,30.087982177734375,28160,0,0,0
7,rank7,12,pack_first_tx_ready,1,2.138,2.138,24.774,26.9119873046875,54,0,0,0
7,rank7,12,pack_mte3_exposed_wait,5,0.012,0.004,26.492,30.699981689453125,28160,0,0,0
7,rank7,13,kernel_total,1,22.914,22.914,24.745,47.65899658203125,0,0,0,0
7,rank7,13,pack_total,1,6.514,6.514,24.84,31.353973388671875,0,0,0,0
7,rank7,13,pack_input_wait,5,0.112,0.023,25.146,29.584991455078125,51200,0,0,0
7,rank7,13,pack_quantize,5,1.548,0.327,25.246,30.01397705078125,25600,55,0,0
7,rank7,13,pack_tx_publish,5,0.791,0.229,26.658,31.037994384765625,0,5,5,320
7,rank7,13,receive_total,1,15.916,15.916,31.558,47.4739990234375,0,0,0,0
7,rank7,13,rx_flag_poll_wait,1,11.055,11.055,31.988,43.042999267578125,8,24,18,264
7,rank7,13,rx_unpack_wait,6,1.026,0.313,43.339,46.314971923828125,31680,0,0,0
7,rank7,13,rx_unpack_dequant_clear,7,0.647,0.169,43.723,46.70599365234375,30720,66,0,0
7,rank7,13,rx_output,1,0.334,0.334,46.806,47.139984130859375,10240,0,0,0
7,rank7,13,start_gate,1,24.497,24.497,0.143,24.639984130859375,0,0,0,0
7,rank7,13,pack_tx_data_submit,5,0.103,0.021,25.669,30.16497802734375,28160,0,0,0
7,rank7,13,pack_first_tx_ready,1,2.137,2.137,24.852,26.988983154296875,59,0,0,0
7,rank7,13,pack_mte3_exposed_wait,5,0.007,0.003,26.569,30.689971923828125,28160,0,0,0
7,rank7,14,kernel_total,1,22.321,22.321,24.806,47.126983642578125,0,0,0,0
7,rank7,14,pack_total,1,5.558,5.558,24.901,30.458984375,0,0,0,0
7,rank7,14,pack_input_wait,4,0.088,0.022,25.269,28.58697509765625,40960,0,0,0
7,rank7,14,pack_quantize,4,1.251,0.338,25.368,28.991973876953125,20480,44,0,0
7,rank7,14,pack_tx_publish,4,0.631,0.211,26.787,30.003997802734375,0,4,4,256
7,rank7,14,receive_total,1,16.273,16.273,30.684,46.957000732421875,0,0,0,0
7,rank7,14,rx_flag_poll_wait,1,11.16,11.16,31.084,42.243988037109375,7,26,20,286
7,rank7,14,rx_unpack_wait,6,1.191,0.344,42.567,45.6929931640625,31680,0,0,0
7,rank7,14,rx_unpack_dequant_clear,7,0.638,0.162,42.983,46.083984375,30720,66,0,0
7,rank7,14,rx_output,1,0.337,0.337,46.185,46.52197265625,10240,0,0,0
7,rank7,14,start_gate,1,23.219,23.219,1.481,24.699981689453125,0,0,0,0
7,rank7,14,pack_tx_data_submit,4,0.082,0.021,25.801,29.14898681640625,22528,0,0,0
7,rank7,14,pack_first_tx_ready,1,2.207,2.207,24.913,27.1199951171875,64,0,0,0
7,rank7,14,pack_mte3_exposed_wait,4,0.009,0.003,26.698,29.6619873046875,22528,0,0,0
7,rank7,15,kernel_total,1,22.901,22.901,24.373,47.27398681640625,0,0,0,0
7,rank7,15,pack_total,1,6.654,6.654,24.467,31.1209716796875,0,0,0,0
7,rank7,15,pack_input_wait,5,0.111,0.023,24.774,29.23199462890625,51200,0,0,0
7,rank7,15,pack_quantize,5,1.542,0.323,24.873,29.657989501953125,25600,55,0,0
7,rank7,15,pack_tx_publish,5,0.835,0.21,26.268,30.80499267578125,0,5,5,320
7,rank7,15,receive_total,1,15.769,15.769,31.335,47.103973388671875,0,0,0,0
7,rank7,15,rx_flag_poll_wait,1,10.736,10.736,31.749,42.4849853515625,6,25,19,275
7,rank7,15,rx_unpack_wait,6,1.114,0.379,42.795,45.917999267578125,31680,0,0,0
7,rank7,15,rx_unpack_dequant_clear,7,0.663,0.175,43.246,46.313995361328125,30720,66,0,0
7,rank7,15,rx_output,1,0.344,0.344,46.414,46.75799560546875,10240,0,0,0
7,rank7,15,start_gate,1,22.336,22.336,1.931,24.266998291015625,0,0,0,0
7,rank7,15,pack_tx_data_submit,5,0.104,0.021,25.293,29.808990478515625,28160,0,0,0
7,rank7,15,pack_first_tx_ready,1,2.122,2.122,24.48,26.60198974609375,68,0,0,0
7,rank7,15,pack_mte3_exposed_wait,5,0.01,0.003,26.178,30.430999755859375,28160,0,0,0
7,rank7,16,kernel_total,1,6.919,6.919,24.564,31.48297119140625,0,0,0,0
7,rank7,16,pack_total,1,5.615,5.615,24.659,30.27398681640625,0,0,0,0
7,rank7,16,pack_input_wait,4,0.09,0.023,24.965,28.21697998046875,40960,0,0,0
7,rank7,16,pack_quantize,4,1.232,0.329,25.064,28.6199951171875,20480,44,0,0
7,rank7,16,pack_tx_publish,4,0.715,0.232,26.48,29.832977294921875,0,4,4,256
7,rank7,16,receive_total,1,0.545,0.545,30.482,31.0269775390625,0,0,0,0
7,rank7,16,start_gate,1,22.467,22.467,1.991,24.457977294921875,0,0,0,0
7,rank7,16,pack_tx_data_submit,4,0.082,0.021,25.489,28.779998779296875,22528,0,0,0
7,rank7,16,pack_first_tx_ready,1,2.164,2.164,24.672,26.83599853515625,73,0,0,0
7,rank7,16,pack_mte3_exposed_wait,4,0.01,0.003,26.397,29.41998291015625,22528,0,0,0
7,rank7,17,kernel_total,1,18.355,18.355,24.819,43.173980712890625,0,0,0,0
7,rank7,17,pack_total,1,6.628,6.628,24.914,31.5419921875,0,0,0,0
7,rank7,17,pack_input_wait,5,0.112,0.023,25.22,29.7459716796875,51200,0,0,0
7,rank7,17,pack_quantize,5,1.542,0.328,25.319,30.168975830078125,25600,55,0,0
7,rank7,17,pack_tx_publish,5,0.819,0.238,26.727,31.191986083984375,0,5,5,320
7,rank7,17,receive_total,1,11.214,11.214,31.771,42.9849853515625,0,0,0,0
7,rank7,17,rx_flag_poll_wait,1,6.393,6.393,32.193,38.58599853515625,6,12,6,132
7,rank7,17,rx_unpack_wait,6,0.992,0.304,38.88,41.8179931640625,31680,0,0,0
7,rank7,17,rx_unpack_dequant_clear,7,0.641,0.163,39.256,42.212982177734375,30720,66,0,0
7,rank7,17,rx_output,1,0.339,0.339,42.317,42.655975341796875,10240,0,0,0
7,rank7,17,start_gate,1,22.627,22.627,2.087,24.7139892578125,0,0,0,0
7,rank7,17,pack_tx_data_submit,5,0.103,0.021,25.743,30.319000244140625,28160,0,0,0
7,rank7,17,pack_first_tx_ready,1,2.163,2.163,24.927,27.089996337890625,77,0,0,0
7,rank7,17,pack_mte3_exposed_wait,5,0.012,0.003,26.645,30.8389892578125,28160,0,0,0
7,rank7,18,kernel_total,1,20.47,20.47,24.905,45.375,0,0,0,0
7,rank7,18,pack_total,1,5.49,5.49,25.0,30.489990234375,0,0,0,0
7,rank7,18,pack_input_wait,4,0.091,0.023,25.305,28.63800048828125,40960,0,0,0
7,rank7,18,pack_quantize,4,1.217,0.327,25.405,29.0419921875,20480,44,0,0
7,rank7,18,pack_tx_publish,4,0.718,0.241,26.783,30.1099853515625,0,4,4,256
7,rank7,18,receive_total,1,14.486,14.486,30.716,45.201995849609375,0,0,0,0
7,rank7,18,rx_flag_poll_wait,1,9.34,9.34,31.124,40.4639892578125,5,21,15,231
7,rank7,18,rx_unpack_wait,6,1.206,0.335,40.766,43.92999267578125,31680,0,0,0
7,rank7,18,rx_unpack_dequant_clear,7,0.643,0.16,41.173,44.31597900390625,30720,66,0,0
7,rank7,18,rx_output,1,0.342,0.342,44.421,44.76300048828125,10240,0,0,0
7,rank7,18,start_gate,1,23.633,23.633,1.167,24.79998779296875,0,0,0,0
7,rank7,18,pack_tx_data_submit,4,0.083,0.021,25.827,29.198974609375,22528,0,0,0
7,rank7,18,pack_first_tx_ready,1,2.137,2.137,25.013,27.149993896484375,82,0,0,0
7,rank7,18,pack_mte3_exposed_wait,4,0.008,0.003,26.702,29.73199462890625,22528,0,0,0
7,rank7,19,kernel_total,1,24.441,24.441,24.242,48.6829833984375,0,0,0,0
7,rank7,19,pack_total,1,6.718,6.718,24.337,31.05499267578125,0,0,0,0
7,rank7,19,pack_input_wait,5,0.113,0.023,24.643,29.162994384765625,51200,0,0,0
7,rank7,19,pack_quantize,5,1.539,0.326,24.742,29.58599853515625,25600,55,0,0
7,rank7,19,pack_tx_publish,5,0.959,0.242,26.132,30.725982666015625,0,5,5,320
7,rank7,19,receive_total,1,17.244,17.244,31.269,48.51300048828125,0,0,0,0
7,rank7,19,rx_flag_poll_wait,1,12.408,12.408,31.665,44.072998046875,9,28,22,308
7,rank7,19,rx_unpack_wait,6,1.033,0.307,44.359,47.3389892578125,31680,0,0,0
7,rank7,19,rx_unpack_dequant_clear,7,0.648,0.165,44.737,47.728973388671875,30720,66,0,0
7,rank7,19,rx_output,1,0.344,0.344,47.836,48.17999267578125,10240,0,0,0
7,rank7,19,start_gate,1,22.425,22.425,1.711,24.135986328125,0,0,0,0
7,rank7,19,pack_tx_data_submit,5,0.103,0.021,25.167,29.73699951171875,28160,0,0,0
7,rank7,19,pack_first_tx_ready,1,2.151,2.151,24.35,26.5009765625,86,0,0,0
7,rank7,19,pack_mte3_exposed_wait,5,0.009,0.003,26.051,30.37799072265625,28160,0,0,0
7,rank7,20,kernel_total,1,25.941,25.941,24.455,50.39599609375,0,0,0,0
7,rank7,20,pack_total,1,6.613,6.613,24.55,31.162994384765625,0,0,0,0
7,rank7,20,pack_input_wait,5,0.114,0.023,24.854,29.386993408203125,51200,0,0,0
7,rank7,20,pack_quantize,5,1.526,0.325,24.954,29.808990478515625,25600,55,0,0
7,rank7,20,pack_tx_publish,5,0.842,0.246,26.362,30.847991943359375,0,5,5,320
7,rank7,20,receive_total,1,18.832,18.832,31.375,50.207000732421875,0,0,0,0
7,rank7,20,rx_flag_poll_wait,1,14.017,14.017,31.803,45.819976806640625,20,31,25,341
7,rank7,20,rx_unpack_wait,6,0.927,0.344,46.103,49.02197265625,31680,0,0,0
7,rank7,20,rx_unpack_dequant_clear,7,0.658,0.175,46.519,49.42498779296875,30720,66,0,0
7,rank7,20,rx_output,1,0.346,0.346,49.529,49.875,10240,0,0,0
7,rank7,20,start_gate,1,22.314,22.314,2.04,24.353973388671875,0,0,0,0
7,rank7,20,pack_tx_data_submit,5,0.103,0.021,25.379,29.958984375,28160,0,0,0
7,rank7,20,pack_first_tx_ready,1,2.158,2.158,24.562,26.719970703125,91,0,0,0
7,rank7,20,pack_mte3_exposed_wait,5,0.01,0.003,26.28,30.4849853515625,28160,0,0,0
7,rank7,21,kernel_total,1,7.081,7.081,24.332,31.412994384765625,0,0,0,0
7,rank7,21,pack_total,1,5.754,5.754,24.427,30.180999755859375,0,0,0,0
7,rank7,21,pack_input_wait,4,0.09,0.023,24.733,28.10797119140625,40960,0,0,0
7,rank7,21,pack_quantize,4,1.274,0.337,24.833,28.55499267578125,20480,44,0,0
7,rank7,21,pack_tx_publish,4,0.742,0.246,26.235,29.73297119140625,0,4,4,256
7,rank7,21,receive_total,1,0.52,0.52,30.391,30.910980224609375,0,0,0,0
7,rank7,21,start_gate,1,22.36,22.36,1.866,24.225982666015625,0,0,0,0
7,rank7,21,pack_tx_data_submit,4,0.084,0.021,25.261,28.715972900390625,22528,0,0,0
7,rank7,21,pack_first_tx_ready,1,2.168,2.168,24.44,26.60797119140625,96,0,0,0
7,rank7,21,pack_mte3_exposed_wait,4,0.008,0.003,26.154,29.25799560546875,22528,0,0,0
7,rank7,22,kernel_total,1,19.327,19.327,24.674,44.0009765625,0,0,0,0
7,rank7,22,pack_total,1,6.81,6.81,24.768,31.577972412109375,0,0,0,0
7,rank7,22,pack_input_wait,5,0.112,0.023,25.076,29.577972412109375,51200,0,0,0
7,rank7,22,pack_quantize,5,1.533,0.32,25.175,29.9959716796875,25600,55,0,0
7,rank7,22,pack_tx_publish,5,0.95,0.239,26.564,31.13299560546875,0,5,5,320
7,rank7,22,receive_total,1,12.004,12.004,31.806,43.80999755859375,0,0,0,0
7,rank7,22,rx_flag_poll_wait,1,6.596,6.596,32.223,38.819000244140625,5,13,7,143
7,rank7,22,rx_unpack_wait,6,1.459,0.442,39.097,42.532989501953125,31680,0,0,0
7,rank7,22,rx_unpack_dequant_clear,7,0.654,0.169,39.611,42.926971435546875,30720,66,0,0
7,rank7,22,rx_output,1,0.339,0.339,43.032,43.3709716796875,10240,0,0,0
7,rank7,22,start_gate,1,23.191,23.191,1.377,24.5679931640625,0,0,0,0
7,rank7,22,pack_tx_data_submit,5,0.103,0.021,25.591,30.14599609375,28160,0,0,0
7,rank7,22,pack_first_tx_ready,1,2.149,2.149,24.781,26.92999267578125,100,0,0,0
7,rank7,22,pack_mte3_exposed_wait,5,0.011,0.003,26.479,30.79498291015625,28160,0,0,0
7,rank7,23,kernel_total,1,20.024,20.024,24.445,44.468994140625,0,0,0,0
7,rank7,23,pack_total,1,5.676,5.676,24.539,30.214996337890625,0,0,0,0
7,rank7,23,pack_input_wait,4,0.092,0.023,24.923,28.14599609375,40960,0,0,0
7,rank7,23,pack_quantize,4,1.243,0.33,25.023,28.54998779296875,20480,44,0,0
7,rank7,23,pack_tx_publish,4,0.716,0.239,26.43,29.79498291015625,0,4,4,256
7,rank7,23,receive_total,1,13.875,13.875,30.417,44.2919921875,0,0,0,0
7,rank7,23,rx_flag_poll_wait,1,8.962,8.962,30.808,39.769989013671875,5,21,15,231
7,rank7,23,rx_unpack_wait,6,1.107,0.336,40.059,43.12298583984375,31680,0,0,0
7,rank7,23,rx_unpack_dequant_clear,7,0.652,0.174,40.467,43.516998291015625,30720,66,0,0
7,rank7,23,rx_output,1,0.339,0.339,43.621,43.959991455078125,10240,0,0,0
7,rank7,23,start_gate,1,23.565,23.565,0.774,24.3389892578125,0,0,0,0
7,rank7,23,pack_tx_data_submit,4,0.082,0.021,25.449,28.707977294921875,22528,0,0,0
7,rank7,23,pack_first_tx_ready,1,2.243,2.243,24.552,26.79498291015625,105,0,0,0
7,rank7,23,pack_mte3_exposed_wait,4,0.01,0.004,26.348,29.350982666015625,22528,0,0,0
7,rank7,24,kernel_total,1,22.678,22.678,24.727,47.404998779296875,0,0,0,0
7,rank7,24,pack_total,1,6.495,6.495,24.822,31.316986083984375,0,0,0,0
7,rank7,24,pack_input_wait,5,0.112,0.023,25.128,29.553985595703125,51200,0,0,0
7,rank7,24,pack_quantize,5,1.536,0.323,25.227,29.97698974609375,25600,55,0,0
7,rank7,24,pack_tx_publish,5,0.777,0.218,26.62,31.00299072265625,0,5,5,320
7,rank7,24,receive_total,1,15.718,15.718,31.518,47.235992431640625,0,0,0,0
7,rank7,24,rx_flag_poll_wait,1,10.61,10.61,31.938,42.5479736328125,7,24,18,264
7,rank7,24,rx_unpack_wait,6,1.252,0.43,42.838,46.035980224609375,31680,0,0,0
7,rank7,24,rx_unpack_dequant_clear,7,0.644,0.167,43.34,46.42999267578125,30720,66,0,0
7,rank7,24,rx_output,1,0.349,0.349,46.53,46.878997802734375,10240,0,0,0
7,rank7,24,start_gate,1,23.963,23.963,0.657,24.6199951171875,0,0,0,0
7,rank7,24,pack_tx_data_submit,5,0.105,0.021,25.645,30.12799072265625,28160,0,0,0
7,rank7,24,pack_first_tx_ready,1,2.13,2.13,24.835,26.964996337890625,109,0,0,0
7,rank7,24,pack_mte3_exposed_wait,5,0.011,0.003,26.538,30.64697265625,28160,0,0,0
7,rank7,25,kernel_total,1,6.918,6.918,24.523,31.44097900390625,0,0,0,0
7,rank7,25,pack_total,1,5.62,5.62,24.618,30.23797607421875,0,0,0,0
7,rank7,25,pack_input_wait,4,0.09,0.023,24.926,28.2249755859375,40960,0,0,0
7,rank7,25,pack_quantize,4,1.238,0.322,25.025,28.63299560546875,20480,44,0,0
7,rank7,25,pack_tx_publish,4,0.662,0.218,26.425,29.764984130859375,0,4,4,256
7,rank7,25,receive_total,1,0.583,0.583,30.441,31.02398681640625,0,0,0,0
7,rank7,25,start_gate,1,23.558,23.558,0.859,24.4169921875,0,0,0,0
7,rank7,25,pack_tx_data_submit,4,0.083,0.021,25.447,28.792999267578125,22528,0,0,0
7,rank7,25,pack_first_tx_ready,1,2.139,2.139,24.631,26.769989013671875,114,0,0,0
7,rank7,25,pack_mte3_exposed_wait,4,0.009,0.003,26.344,29.32598876953125,22528,0,0,0
7,rank7,26,kernel_total,1,22.255,22.255,24.503,46.75799560546875,0,0,0,0
7,rank7,26,pack_total,1,6.867,6.867,24.598,31.464996337890625,0,0,0,0
7,rank7,26,pack_input_wait,5,0.112,0.023,24.976,29.480987548828125,51200,0,0,0
7,rank7,26,pack_quantize,5,1.56,0.347,25.07,29.902984619140625,25600,55,0,0
7,rank7,26,pack_tx_publish,5,0.896,0.221,26.488,31.069000244140625,0,5,5,320
7,rank7,26,receive_total,1,14.903,14.903,31.691,46.593994140625,0,0,0,0
7,rank7,26,rx_flag_poll_wait,1,9.954,9.954,32.113,42.066986083984375,10,22,16,242
7,rank7,26,rx_unpack_wait,6,1.007,0.343,42.364,45.319000244140625,31680,0,0,0
7,rank7,26,rx_unpack_dequant_clear,7,0.64,0.16,42.779,45.707977294921875,30720,66,0,0
7,rank7,26,rx_output,1,0.399,0.399,45.815,46.2139892578125,10240,0,0,0
7,rank7,26,start_gate,1,22.787,22.787,1.61,24.39697265625,0,0,0,0
7,rank7,26,pack_tx_data_submit,5,0.102,0.021,25.513,30.052978515625,28160,0,0,0
7,rank7,26,pack_first_tx_ready,1,2.224,2.224,24.611,26.834991455078125,118,0,0,0
7,rank7,26,pack_mte3_exposed_wait,5,0.009,0.003,26.403,30.686981201171875,28160,0,0,0
7,rank7,27,kernel_total,1,19.858,19.858,24.994,44.85198974609375,0,0,0,0
7,rank7,27,pack_total,1,6.579,6.579,25.089,31.667999267578125,0,0,0,0
7,rank7,27,pack_input_wait,5,0.111,0.023,25.395,29.90899658203125,51200,0,0,0
7,rank7,27,pack_quantize,5,1.564,0.334,25.494,30.33697509765625,25600,55,0,0
7,rank7,27,pack_tx_publish,5,0.746,0.22,26.905,31.350982666015625,0,5,5,320
7,rank7,27,receive_total,1,12.823,12.823,31.865,44.68798828125,0,0,0,0
7,rank7,27,rx_flag_poll_wait,1,7.715,7.715,32.297,40.011993408203125,5,17,11,187
7,rank7,27,rx_unpack_wait,6,1.093,0.317,40.324,43.3599853515625,31680,0,0,0
7,rank7,27,rx_unpack_dequant_clear,7,0.638,0.159,40.713,43.751983642578125,30720,66,0,0
7,rank7,27,rx_output,1,0.344,0.344,43.856,44.199981689453125,10240,0,0,0
7,rank7,27,start_gate,1,24.011,24.011,0.877,24.88800048828125,0,0,0,0
7,rank7,27,pack_tx_data_submit,5,0.102,0.021,25.929,30.490997314453125,28160,0,0,0
7,rank7,27,pack_first_tx_ready,1,2.151,2.151,25.102,27.25299072265625,123,0,0,0
7,rank7,27,pack_mte3_exposed_wait,5,0.01,0.003,26.82,31.0059814453125,28160,0,0,0
7,rank7,28,kernel_total,1,18.404,18.404,25.042,43.44598388671875,0,0,0,0
7,rank7,28,pack_total,1,5.502,5.502,25.137,30.63897705078125,0,0,0,0
7,rank7,28,pack_input_wait,4,0.091,0.023,25.503,28.832977294921875,40960,0,0,0
7,rank7,28,pack_quantize,4,1.243,0.337,25.603,29.24798583984375,20480,44,0,0
7,rank7,28,pack_tx_publish,4,0.697,0.224,27.018,30.32598876953125,0,4,4,256
7,rank7,28,receive_total,1,12.433,12.433,30.836,43.26898193359375,0,0,0,0
7,rank7,28,rx_flag_poll_wait,1,7.495,7.495,31.246,38.740997314453125,5,16,10,176
7,rank7,28,rx_unpack_wait,6,1.126,0.369,39.033,42.11798095703125,31680,0,0,0
7,rank7,28,rx_unpack_dequant_clear,7,0.649,0.165,39.475,42.503997802734375,30720,66,0,0
7,rank7,28,rx_output,1,0.337,0.337,42.604,42.94097900390625,10240,0,0,0
7,rank7,28,start_gate,1,24.508,24.508,0.428,24.93597412109375,0,0,0,0
7,rank7,28,pack_tx_data_submit,4,0.082,0.021,26.04,29.404998779296875,22528,0,0,0
7,rank7,28,pack_first_tx_ready,1,2.219,2.219,25.149,27.36798095703125,128,0,0,0
7,rank7,28,pack_mte3_exposed_wait,4,0.009,0.003,26.935,29.939971923828125,22528,0,0,0
7,rank7,29,kernel_total,1,7.835,7.835,24.415,32.25,0,0,0,0
7,rank7,29,pack_total,1,6.777,6.777,24.509,31.285980224609375,0,0,0,0
7,rank7,29,pack_input_wait,5,0.113,0.023,24.815,29.342987060546875,51200,0,0,0
7,rank7,29,pack_quantize,5,1.564,0.326,24.915,29.761993408203125,25600,55,0,0
7,rank7,29,pack_tx_publish,5,0.927,0.226,26.34,30.970977783203125,0,5,5,320
7,rank7,29,receive_total,1,0.587,0.587,31.487,32.073974609375,0,0,0,0
7,rank7,29,start_gate,1,23.703,23.703,0.606,24.308990478515625,0,0,0,0
7,rank7,29,pack_tx_data_submit,5,0.104,0.021,25.337,29.9119873046875,28160,0,0,0
7,rank7,29,pack_first_tx_ready,1,2.168,2.168,24.522,26.689971923828125,132,0,0,0
7,rank7,29,pack_mte3_exposed_wait,5,0.01,0.004,26.258,30.5419921875,28160,0,0,0
7,rank7,30,kernel_total,1,24.048,24.048,24.855,48.902984619140625,0,0,0,0
7,rank7,30,pack_total,1,5.439,5.439,24.95,30.38897705078125,0,0,0,0
7,rank7,30,pack_input_wait,4,0.089,0.023,25.257,28.4329833984375,40960,0,0,0
7,rank7,30,pack_quantize,4,1.234,0.325,25.356,28.837982177734375,20480,44,0,0
7,rank7,30,pack_tx_publish,4,0.647,0.212,26.741,29.944976806640625,0,4,4,256
7,rank7,30,receive_total,1,18.131,18.131,30.6,48.730987548828125,0,0,0,0
7,rank7,30,rx_flag_poll_wait,1,13.105,13.105,30.976,44.08099365234375,6,32,26,352
7,rank7,30,rx_unpack_wait,6,1.106,0.351,44.381,47.550994873046875,31680,0,0,0
7,rank7,30,rx_unpack_dequant_clear,7,0.657,0.172,44.888,47.941986083984375,30720,66,0,0
7,rank7,30,rx_output,1,0.338,0.338,48.043,48.3809814453125,10240,0,0,0
7,rank7,30,start_gate,1,23.147,23.147,1.602,24.748992919921875,0,0,0,0
7,rank7,30,pack_tx_data_submit,4,0.082,0.021,25.777,28.99798583984375,22528,0,0,0
7,rank7,30,pack_first_tx_ready,1,2.117,2.117,24.963,27.079986572265625,137,0,0,0
7,rank7,30,pack_mte3_exposed_wait,4,0.009,0.003,26.66,29.60699462890625,22528,0,0,0
7,rank7,31,kernel_total,1,21.873,21.873,24.551,46.423980712890625,0,0,0,0
7,rank7,31,pack_total,1,6.795,6.795,24.645,31.439971923828125,0,0,0,0
7,rank7,31,pack_input_wait,5,0.111,0.023,24.952,29.43499755859375,51200,0,0,0
7,rank7,31,pack_quantize,5,1.548,0.342,25.046,29.852996826171875,25600,55,0,0
7,rank7,31,pack_tx_publish,5,0.93,0.249,26.461,31.066986083984375,0,5,5,320
7,rank7,31,receive_total,1,14.588,14.588,31.664,46.251983642578125,0,0,0,0
7,rank7,31,rx_flag_poll_wait,1,9.355,9.355,32.08,41.43499755859375,8,20,14,220
7,rank7,31,rx_unpack_wait,6,1.245,0.435,41.716,44.946990966796875,31680,0,0,0
7,rank7,31,rx_unpack_dequant_clear,7,0.651,0.167,42.223,45.337982177734375,30720,66,0,0
7,rank7,31,rx_output,1,0.334,0.334,45.446,45.779998779296875,10240,0,0,0
7,rank7,31,start_gate,1,22.344,22.344,2.1,24.444000244140625,0,0,0,0
7,rank7,31,pack_tx_data_submit,5,0.105,0.021,25.488,30.003997802734375,28160,0,0,0
7,rank7,31,pack_first_tx_ready,1,2.152,2.152,24.658,26.80999755859375,141,0,0,0
7,rank7,31,pack_mte3_exposed_wait,5,0.011,0.003,26.374,30.524993896484375,28160,0,0,0
7,rank7,32,kernel_total,1,21.748,21.748,25.08,46.827972412109375,0,0,0,0
7,rank7,32,pack_total,1,5.238,5.238,25.175,30.412994384765625,0,0,0,0
7,rank7,32,pack_input_wait,4,0.089,0.023,25.481,28.66998291015625,40960,0,0,0
7,rank7,32,pack_quantize,4,1.229,0.326,25.58,29.083984375,20480,44,0,0
7,rank7,32,pack_tx_publish,4,0.561,0.225,26.976,30.0999755859375,0,4,4,256
7,rank7,32,receive_total,1,16.039,16.039,30.612,46.650970458984375,0,0,0,0
7,rank7,32,rx_flag_poll_wait,1,10.942,10.942,30.973,41.91497802734375,6,23,17,253
7,rank7,32,rx_unpack_wait,6,1.268,0.343,42.188,45.451995849609375,31680,0,0,0
7,rank7,32,rx_unpack_dequant_clear,7,0.663,0.176,42.604,45.8599853515625,30720,66,0,0
7,rank7,32,rx_output,1,0.347,0.347,45.964,46.31097412109375,10240,0,0,0
7,rank7,32,start_gate,1,24.302,24.302,0.677,24.978973388671875,0,0,0,0
7,rank7,32,pack_tx_data_submit,4,0.082,0.021,26.002,29.2449951171875,22528,0,0,0
7,rank7,32,pack_first_tx_ready,1,2.141,2.141,25.187,27.327972412109375,146,0,0,0
7,rank7,32,pack_mte3_exposed_wait,4,0.009,0.003,26.895,29.766998291015625,22528,0,0,0
7,rank7,33,kernel_total,1,7.377,7.377,24.398,31.774993896484375,0,0,0,0
7,rank7,33,pack_total,1,6.325,6.325,24.492,30.816986083984375,0,0,0,0
7,rank7,33,pack_input_wait,5,0.113,0.023,24.798,29.08599853515625,51200,0,0,0
7,rank7,33,pack_quantize,5,1.566,0.328,24.892,29.50897216796875,25600,55,0,0
7,rank7,33,pack_tx_publish,5,0.557,0.112,26.325,30.510986328125,0,5,5,320
7,rank7,33,receive_total,1,0.432,0.432,31.018,31.449981689453125,0,0,0,0
7,rank7,33,start_gate,1,21.882,21.882,2.41,24.2919921875,0,0,0,0
7,rank7,33,pack_tx_data_submit,5,0.104,0.021,25.319,29.65899658203125,28160,0,0,0
7,rank7,33,pack_first_tx_ready,1,2.055,2.055,24.505,26.55999755859375,150,0,0,0
7,rank7,33,pack_mte3_exposed_wait,5,0.011,0.003,26.24,30.177978515625,28160,0,0,0
7,rank7,34,kernel_total,1,25.967,25.967,25.046,51.01300048828125,0,0,0,0
7,rank7,34,pack_total,1,6.446,6.446,25.14,31.58599853515625,0,0,0,0
7,rank7,34,pack_input_wait,5,0.114,0.023,25.446,29.78497314453125,51200,0,0,0
7,rank7,34,pack_quantize,5,1.559,0.354,25.552,30.207000732421875,25600,55,0,0
7,rank7,34,pack_tx_publish,5,0.621,0.136,27.009,31.26300048828125,0,5,5,320
7,rank7,34,receive_total,1,19.052,19.052,31.776,50.827972412109375,0,0,0,0
7,rank7,34,rx_flag_poll_wait,1,14.091,14.091,32.13,46.220977783203125,17,30,24,330
7,rank7,34,rx_unpack_wait,6,1.109,0.368,46.495,49.6619873046875,31680,0,0,0
7,rank7,34,rx_unpack_dequant_clear,7,0.66,0.174,47.016,50.053985595703125,30720,66,0,0
7,rank7,34,rx_output,1,0.346,0.346,50.158,50.503997802734375,10240,0,0,0
7,rank7,34,start_gate,1,22.215,22.215,2.729,24.944000244140625,0,0,0,0
7,rank7,34,pack_tx_data_submit,5,0.103,0.021,26.007,30.35797119140625,28160,0,0,0
7,rank7,34,pack_first_tx_ready,1,2.091,2.091,25.153,27.243988037109375,155,0,0,0
7,rank7,34,pack_mte3_exposed_wait,5,0.013,0.003,26.919,30.90899658203125,28160,0,0,0
7,rank7,35,kernel_total,1,24.923,24.923,24.312,49.2349853515625,0,0,0,0
7,rank7,35,pack_total,1,5.39,5.39,24.407,29.7969970703125,0,0,0,0
7,rank7,35,pack_input_wait,4,0.09,0.023,24.713,27.871978759765625,40960,0,0,0
7,rank7,35,pack_quantize,4,1.236,0.326,24.812,28.277984619140625,20480,44,0,0
7,rank7,35,pack_tx_publish,4,0.544,0.137,26.227,29.339996337890625,0,4,4,256
7,rank7,35,receive_total,1,19.047,19.047,30.003,49.04998779296875,0,0,0,0
7,rank7,35,rx_flag_poll_wait,1,14.222,14.222,30.388,44.6099853515625,11,32,26,352
7,rank7,35,rx_unpack_wait,6,1.032,0.352,44.882,47.891998291015625,31680,0,0,0
7,rank7,35,rx_unpack_dequant_clear,7,0.655,0.174,45.306,48.282989501953125,30720,66,0,0
7,rank7,35,rx_output,1,0.335,0.335,48.388,48.722991943359375,10240,0,0,0
7,rank7,35,start_gate,1,21.557,21.557,2.65,24.207000732421875,0,0,0,0
7,rank7,35,pack_tx_data_submit,4,0.082,0.021,25.234,28.43597412109375,22528,0,0,0
7,rank7,35,pack_first_tx_ready,1,2.071,2.071,24.42,26.490997314453125,160,0,0,0
7,rank7,35,pack_mte3_exposed_wait,4,0.008,0.003,26.14,28.985992431640625,22528,0,0,0
7,rank7,36,kernel_total,1,21.727,21.727,24.28,46.006988525390625,0,0,0,0
7,rank7,36,pack_total,1,6.504,6.504,24.374,30.87799072265625,0,0,0,0
7,rank7,36,pack_input_wait,5,0.111,0.023,24.677,29.073974609375,51200,0,0,0
7,rank7,36,pack_quantize,5,1.575,0.338,24.779,29.496978759765625,25600,55,0,0
7,rank7,36,pack_tx_publish,5,0.651,0.131,26.216,30.56597900390625,0,5,5,320
7,rank7,36,receive_total,1,14.761,14.761,31.072,45.832977294921875,0,0,0,0
7,rank7,36,rx_flag_poll_wait,1,9.693,9.693,31.435,41.12799072265625,6,21,15,231
7,rank7,36,rx_unpack_wait,6,1.163,0.344,41.396,44.64599609375,31680,0,0,0
7,rank7,36,rx_unpack_dequant_clear,7,0.655,0.169,41.892,45.03997802734375,30720,66,0,0
7,rank7,36,rx_output,1,0.344,0.344,45.137,45.480987548828125,10240,0,0,0
7,rank7,36,start_gate,1,21.332,21.332,2.834,24.165985107421875,0,0,0,0
7,rank7,36,pack_tx_data_submit,5,0.103,0.021,25.228,29.649993896484375,28160,0,0,0
7,rank7,36,pack_first_tx_ready,1,2.086,2.086,24.387,26.472991943359375,164,0,0,0
7,rank7,36,pack_mte3_exposed_wait,5,0.013,0.004,26.13,30.201995849609375,28160,0,0,0
7,rank7,37,kernel_total,1,6.15,6.15,26.511,32.660980224609375,0,0,0,0
7,rank7,37,pack_total,1,5.241,5.241,26.606,31.84698486328125,0,0,0,0
7,rank7,37,pack_input_wait,4,0.091,0.023,26.909,30.08099365234375,40960,0,0,0
7,rank7,37,pack_quantize,4,1.25,0.343,27.004,30.48797607421875,20480,44,0,0
7,rank7,37,pack_tx_publish,4,0.512,0.132,28.431,31.5419921875,0,4,4,256
7,rank7,37,receive_total,1,0.451,0.451,32.042,32.49298095703125,0,0,0,0
7,rank7,37,start_gate,1,23.787,23.787,2.619,26.405975341796875,0,0,0,0
7,rank7,37,pack_tx_data_submit,4,0.083,0.021,27.451,30.644989013671875,22528,0,0,0
7,rank7,37,pack_first_tx_ready,1,2.066,2.066,26.619,28.68499755859375,169,0,0,0
7,rank7,37,pack_mte3_exposed_wait,4,0.011,0.003,28.341,31.1929931640625,22528,0,0,0
7,rank7,38,kernel_total,1,15.359,15.359,25.641,41.0,0,0,0,0
7,rank7,38,pack_total,1,6.414,6.414,25.736,32.149993896484375,0,0,0,0
7,rank7,38,pack_input_wait,5,0.113,0.023,26.041,30.381988525390625,51200,0,0,0
7,rank7,38,pack_quantize,5,1.547,0.338,26.14,30.800994873046875,25600,55,0,0
7,rank7,38,pack_tx_publish,5,0.6,0.121,27.576,31.83599853515625,0,5,5,320
7,rank7,38,receive_total,1,8.473,8.473,32.347,40.819976806640625,0,0,0,0
7,rank7,38,rx_flag_poll_wait,1,3.653,3.653,32.705,36.35797119140625,2,7,1,77
7,rank7,38,rx_unpack_wait,6,1.025,0.329,36.63,39.652984619140625,31680,0,0,0
7,rank7,38,rx_unpack_dequant_clear,7,0.653,0.17,37.035,40.05499267578125,30720,66,0,0
7,rank7,38,rx_output,1,0.33,0.33,40.156,40.485992431640625,10240,0,0,0
7,rank7,38,start_gate,1,22.8,22.8,2.735,25.53497314453125,0,0,0,0
7,rank7,38,pack_tx_data_submit,5,0.103,0.021,26.592,30.954986572265625,28160,0,0,0
7,rank7,38,pack_first_tx_ready,1,2.077,2.077,25.749,27.82598876953125,173,0,0,0
7,rank7,38,pack_mte3_exposed_wait,5,0.01,0.003,27.485,31.48699951171875,28160,0,0,0
7,rank7,39,kernel_total,1,17.088,17.088,24.625,41.712982177734375,0,0,0,0
7,rank7,39,pack_total,1,5.215,5.215,24.72,29.93499755859375,0,0,0,0
7,rank7,39,pack_input_wait,4,0.088,0.022,25.026,28.19598388671875,40960,0,0,0
7,rank7,39,pack_quantize,4,1.234,0.339,25.121,28.605987548828125,20480,44,0,0
7,rank7,39,pack_tx_publish,4,0.475,0.122,26.556,29.629974365234375,0,4,4,256
7,rank7,39,receive_total,1,11.41,11.41,30.121,41.530975341796875,0,0,0,0
7,rank7,39,rx_flag_poll_wait,1,6.422,6.422,30.491,36.912994384765625,5,14,8,154
7,rank7,39,rx_unpack_wait,6,1.165,0.334,37.194,40.373992919921875,31680,0,0,0
7,rank7,39,rx_unpack_dequant_clear,7,0.669,0.17,37.605,40.77197265625,30720,66,0,0
7,rank7,39,rx_output,1,0.333,0.333,40.872,41.204986572265625,10240,0,0,0
7,rank7,39,start_gate,1,21.915,21.915,2.6,24.514984130859375,0,0,0,0
7,rank7,39,pack_tx_data_submit,4,0.083,0.021,25.571,28.754974365234375,22528,0,0,0
7,rank7,39,pack_first_tx_ready,1,2.071,2.071,24.733,26.803985595703125,178,0,0,0
7,rank7,39,pack_mte3_exposed_wait,4,0.011,0.003,26.465,29.288970947265625,22528,0,0,0
7,rank7,40,kernel_total,1,24.534,24.534,24.56,49.093994140625,0,0,0,0
7,rank7,40,pack_total,1,6.517,6.517,24.655,31.1719970703125,0,0,0,0
7,rank7,40,pack_input_wait,5,0.112,0.023,24.957,29.376983642578125,51200,0,0,0
7,rank7,40,pack_quantize,5,1.546,0.341,25.052,29.792999267578125,25600,55,0,0
7,rank7,40,pack_tx_publish,5,0.706,0.143,26.488,30.86199951171875,0,5,5,320
7,rank7,40,receive_total,1,17.588,17.588,31.342,48.92999267578125,0,0,0,0
7,rank7,40,rx_flag_poll_wait,1,12.495,12.495,31.715,44.209991455078125,10,26,20,286
7,rank7,40,rx_unpack_wait,6,1.229,0.411,44.506,47.72198486328125,31680,0,0,0
7,rank7,40,rx_unpack_dequant_clear,7,0.649,0.158,44.993,48.125,30720,66,0,0
7,rank7,40,rx_output,1,0.35,0.35,48.229,48.5789794921875,10240,0,0,0
7,rank7,40,start_gate,1,22.507,22.507,1.943,24.449981689453125,0,0,0,0
7,rank7,40,pack_tx_data_submit,5,0.103,0.021,25.503,29.948974609375,28160,0,0,0
7,rank7,40,pack_first_tx_ready,1,2.085,2.085,24.667,26.751983642578125,182,0,0,0
7,rank7,40,pack_mte3_exposed_wait,5,0.013,0.003,26.402,30.49298095703125,28160,0,0,0
7,rank7,41,kernel_total,1,24.213,24.213,24.382,48.594970703125,0,0,0,0
7,rank7,41,pack_total,1,6.433,6.433,24.477,30.90997314453125,0,0,0,0
7,rank7,41,pack_input_wait,5,0.111,0.023,24.784,29.134979248046875,51200,0,0,0
7,rank7,41,pack_quantize,5,1.543,0.335,24.883,29.573974609375,25600,55,0,0
7,rank7,41,pack_tx_publish,5,0.614,0.142,26.294,30.60498046875,0,5,5,320
7,rank7,41,receive_total,1,17.325,17.325,31.106,48.430999755859375,0,0,0,0
7,rank7,41,rx_flag_poll_wait,1,12.532,12.532,31.48,44.011993408203125,10,27,21,297
7,rank7,41,rx_unpack_wait,6,0.961,0.326,44.308,47.2449951171875,31680,0,0,0
7,rank7,41,rx_unpack_dequant_clear,7,0.636,0.158,44.715,47.64697265625,30720,66,0,0
7,rank7,41,rx_output,1,0.339,0.339,47.748,48.08697509765625,10240,0,0,0
7,rank7,41,start_gate,1,22.64,22.64,1.633,24.272979736328125,0,0,0,0
7,rank7,41,pack_tx_data_submit,5,0.102,0.021,25.323,29.7239990234375,28160,0,0,0
7,rank7,41,pack_first_tx_ready,1,2.072,2.072,24.49,26.561981201171875,187,0,0,0
7,rank7,41,pack_mte3_exposed_wait,5,0.012,0.003,26.204,30.2559814453125,28160,0,0,0
7,rank7,42,kernel_total,1,39.961,39.961,24.514,64.4749755859375,0,0,0,0
7,rank7,42,send_total,1,25.136,25.136,28.089,53.2249755859375,0,0,0,0
7,rank7,42,tx_meta_scan,9,1.384,0.162,29.805,44.491973876953125,0,1,8,0
7,rank7,42,tx_ready_poll,9,0.013,0.003,29.563,44.214996337890625,0,9,0,0
7,rank7,42,self_copy,1,1.174,1.174,34.081,35.254974365234375,5632,0,0,0
7,rank7,42,udma_post,8,9.121,1.511,30.184,45.6409912109375,45056,8,1,0
7,rank7,42,udma_quiet,5,4.866,1.54,47.112,52.949981689453125,5,0,0,0
7,rank7,42,local_rx_wait,1,5.016,5.016,53.401,58.4169921875,42,0,0,0
7,rank7,42,round_publish,1,5.773,5.773,58.501,64.27398681640625,1,64,1,1
7,rank7,42,global_round_wait,1,3.37,3.37,24.607,27.97698974609375,1,119,0,0
7,rank7,42,start_gate,1,21.713,21.713,2.702,24.41497802734375,1,64,1,1
7,rank7,43,kernel_total,1,39.562,39.562,24.292,63.853973388671875,0,0,0,0
7,rank7,43,send_total,1,22.098,22.098,27.965,50.06298828125,0,0,0,0
7,rank7,43,tx_meta_scan,9,1.456,0.198,29.675,43.7139892578125,0,4,5,0
7,rank7,43,tx_ready_poll,9,0.019,0.003,29.432,43.4329833984375,0,9,0,0
7,rank7,43,self_copy,4,3.659,1.06,30.042,44.897979736328125,22528,0,0,0
7,rank7,43,udma_post,5,5.108,1.249,31.848,41.64898681640625,28160,5,1,0
7,rank7,43,udma_quiet,3,2.904,1.214,46.367,49.795989990234375,3,0,0,0
7,rank7,43,local_rx_wait,1,0.56,0.56,50.222,50.781982421875,0,0,0,0
7,rank7,43,round_publish,1,4.551,4.551,58.998,63.548980712890625,1,64,1,1
7,rank7,43,global_round_wait,1,3.469,3.469,24.385,27.853973388671875,1,119,0,0
7,rank7,43,start_gate,1,21.788,21.788,2.402,24.189971923828125,1,64,1,1
7,rank7,44,kernel_total,1,38.199,38.199,24.852,63.050994873046875,0,0,0,0
7,rank7,44,send_total,1,23.626,23.626,28.214,51.839996337890625,0,0,0,0
7,rank7,44,tx_meta_scan,9,1.539,0.194,29.966,44.14398193359375,0,2,7,0
7,rank7,44,tx_ready_poll,9,0.019,0.003,29.687,43.832000732421875,0,9,0,0
7,rank7,44,self_copy,2,1.73,0.934,36.271,40.458984375,11264,0,0,0
7,rank7,44,udma_post,7,7.663,1.435,30.331,45.071990966796875,39424,7,1,0
7,rank7,44,udma_quiet,5,3.996,1.27,46.47,51.56298828125,5,0,0,0
7,rank7,44,local_rx_wait,1,0.535,0.535,51.995,52.529998779296875,0,0,0,0
7,rank7,44,round_publish,1,3.903,3.903,58.859,62.761993408203125,1,64,1,1
7,rank7,44,global_round_wait,1,3.158,3.158,24.945,28.102996826171875,1,119,0,0
7,rank7,44,start_gate,1,22.718,22.718,2.031,24.748992919921875,1,64,1,1
7,rank7,45,kernel_total,1,38.259,38.259,24.491,62.75,0,0,0,0
7,rank7,45,send_total,1,24.936,24.936,28.041,52.97698974609375,0,0,0,0
7,rank7,45,tx_meta_scan,9,1.707,0.334,30.29,44.720977783203125,0,1,8,0
7,rank7,45,tx_ready_poll,10,0.017,0.003,29.513,44.344970703125,1,9,0,0
7,rank7,45,self_copy,1,0.805,0.805,40.281,41.08599853515625,5632,0,0,0
7,rank7,45,udma_post,8,8.227,1.456,30.805,45.766998291015625,45056,8,1,0
7,rank7,45,udma_quiet,4,3.923,1.323,48.07,52.6929931640625,4,0,0,0
7,rank7,45,local_rx_wait,1,0.3,0.3,53.133,53.4329833984375,0,0,0,0
7,rank7,45,round_publish,1,3.489,3.489,58.97,62.458984375,1,64,1,1
7,rank7,45,global_round_wait,1,3.346,3.346,24.584,27.92999267578125,1,119,0,0
7,rank7,45,start_gate,1,22.62,22.62,1.772,24.391998291015625,1,64,1,1
7,rank7,46,kernel_total,1,39.338,39.338,24.428,63.7659912109375,0,0,0,0
7,rank7,46,send_total,1,26.894,26.894,28.333,55.22698974609375,0,0,0,0
7,rank7,46,tx_meta_scan,9,2.197,0.477,30.257,45.496978759765625,0,0,9,0
7,rank7,46,tx_ready_poll,10,0.019,0.003,29.821,45.23699951171875,1,9,0,0
7,rank7,46,udma_post,9,9.495,1.268,30.919,46.48699951171875,50688,9,1,0
7,rank7,46,udma_quiet,5,5.155,1.981,48.781,54.93597412109375,5,0,0,0
7,rank7,46,local_rx_wait,1,0.54,0.54,55.379,55.918975830078125,0,0,0,0
7,rank7,46,round_publish,1,4.572,4.572,58.931,63.50299072265625,1,64,1,1
7,rank7,46,global_round_wait,1,3.704,3.704,24.522,28.225982666015625,1,119,0,0
7,rank7,46,start_gate,1,22.138,22.138,2.192,24.329986572265625,1,64,1,1
7,rank7,47,kernel_total,1,38.567,38.567,24.679,63.2459716796875,0,0,0,0
7,rank7,47,send_total,1,28.45,28.45,27.979,56.428985595703125,0,0,0,0
7,rank7,47,tx_meta_scan,9,1.529,0.239,30.024,45.230987548828125,0,0,9,0
7,rank7,47,tx_ready_poll,10,0.022,0.003,29.476,44.837982177734375,1,9,0,0
7,rank7,47,udma_post,9,10.138,1.442,30.376,46.673980712890625,50688,9,1,0
7,rank7,47,udma_quiet,7,5.794,1.17,48.879,56.15997314453125,7,0,0,0
7,rank7,47,local_rx_wait,1,0.285,0.285,56.562,56.84698486328125,0,0,0,0
7,rank7,47,round_publish,1,4.115,4.115,58.872,62.98699951171875,1,64,1,1
7,rank7,47,global_round_wait,1,3.095,3.095,24.773,27.86798095703125,1,119,0,0
7,rank7,47,start_gate,1,21.779,21.779,2.806,24.584991455078125,1,64,1,1
7,rank7,48,kernel_total,1,38.981,38.981,24.232,63.212982177734375,0,0,0,0
7,rank7,48,send_total,1,26.77,26.77,28.43,55.199981689453125,0,0,0,0
7,rank7,48,tx_meta_scan,9,1.52,0.27,30.124,44.7979736328125,0,1,8,0
7,rank7,48,tx_ready_poll,9,0.017,0.003,29.928,44.517974853515625,0,9,0,0
7,rank7,48,self_copy,1,1.108,1.108,34.856,35.9639892578125,5632,0,0,0
7,rank7,48,udma_post,8,8.983,1.64,30.593,45.868988037109375,45056,8,1,0
7,rank7,48,udma_quiet,6,6.449,2.663,47.23,54.920989990234375,6,0,0,0
7,rank7,48,local_rx_wait,1,0.312,0.312,55.358,55.66998291015625,0,0,0,0
7,rank7,48,round_publish,1,4.004,4.004,58.915,62.918975830078125,1,64,1,1
7,rank7,48,global_round_wait,1,3.993,3.993,24.325,28.3179931640625,1,119,0,0
7,rank7,48,start_gate,1,22.208,22.208,1.931,24.13897705078125,1,64,1,1
7,rank7,49,kernel_total,1,35.79,35.79,24.118,59.907989501953125,0,0,0,0
7,rank7,49,send_total,1,25.114,25.114,28.163,53.2769775390625,0,0,0,0
7,rank7,49,tx_meta_scan,9,1.589,0.248,29.913,44.907989501953125,0,1,8,0
7,rank7,49,tx_ready_poll,9,0.021,0.003,29.66,44.629974365234375,0,9,0,0
7,rank7,49,self_copy,1,0.786,0.786,38.583,39.368988037109375,5632,0,0,0
7,rank7,49,udma_post,8,9.115,1.618,30.283,45.949981689453125,45056,8,1,0
7,rank7,49,udma_quiet,5,4.581,1.278,47.315,53.004974365234375,5,0,0,0
7,rank7,49,local_rx_wait,1,0.541,0.541,53.434,53.9749755859375,0,0,0,0
7,rank7,49,round_publish,1,0.554,0.554,59.054,59.60797119140625,0,0,0,0
7,rank7,49,global_round_wait,1,3.844,3.844,24.211,28.05499267578125,0,119,0,0
7,rank7,49,start_gate,1,23.074,23.074,0.941,24.014984130859375,0,0,0,0
7,rank7,50,kernel_total,1,31.241,31.241,24.661,55.9019775390625,0,0,0,0
7,rank7,50,send_total,1,26.647,26.647,28.397,55.043975830078125,0,0,0,0
7,rank7,50,tx_meta_scan,9,1.721,0.275,30.105,46.0789794921875,0,0,9,0
7,rank7,50,tx_ready_poll,9,0.018,0.003,29.887,45.829986572265625,0,9,0,0
7,rank7,50,udma_post,9,10.841,1.682,30.545,46.970977783203125,50688,9,1,0
7,rank7,50,udma_quiet,6,5.073,1.14,48.332,54.779998779296875,6,0,0,0
7,rank7,50,local_rx_wait,1,0.299,0.299,55.185,55.483978271484375,0,0,0,0
7,rank7,50,global_round_wait,1,3.531,3.531,24.754,28.28497314453125,0,0,0,0
7,rank7,50,start_gate,1,22.725,22.725,1.838,24.56298828125,0,0,0,0
7,rank7,51,kernel_total,1,31.639,31.639,24.078,55.71697998046875,0,0,0,0
7,rank7,51,send_total,1,26.425,26.425,28.279,54.7039794921875,0,0,0,0
7,rank7,51,tx_meta_scan,9,1.608,0.237,30.344,45.03399658203125,0,0,9,0
7,rank7,51,tx_ready_poll,9,0.013,0.002,29.793,44.75897216796875,0,9,0,0
7,rank7,51,udma_post,9,10.271,1.84,30.76,46.363983154296875,50688,9,1,0
7,rank7,51,udma_quiet,6,5.506,1.099,47.718,54.43597412109375,6,0,0,0
7,rank7,51,local_rx_wait,1,0.529,0.529,54.768,55.2969970703125,0,0,0,0
7,rank7,51,global_round_wait,1,4.001,4.001,24.171,28.1719970703125,0,0,0,0
7,rank7,51,start_gate,1,21.706,21.706,2.273,23.978973388671875,0,0,0,0
7,rank7,52,kernel_total,1,31.35,31.35,24.801,56.150970458984375,0,0,0,0
7,rank7,52,send_total,1,27.152,27.152,28.121,55.272979736328125,0,0,0,0
7,rank7,52,tx_meta_scan,9,1.496,0.197,30.016,45.57098388671875,0,1,8,0
7,rank7,52,tx_ready_poll,9,0.014,0.003,29.631,45.28497314453125,0,9,0,0
7,rank7,52,self_copy,1,0.805,0.805,38.7,39.504974365234375,5632,0,0,0
7,rank7,52,udma_post,8,9.948,1.689,30.422,46.885986328125,45056,8,1,0
7,rank7,52,udma_quiet,7,5.286,1.106,48.246,55.016998291015625,7,0,0,0
7,rank7,52,local_rx_wait,1,0.278,0.278,55.436,55.7139892578125,0,0,0,0
7,rank7,52,global_round_wait,1,3.115,3.115,24.895,28.009979248046875,0,0,0,0
7,rank7,52,start_gate,1,22.831,22.831,1.871,24.701995849609375,0,0,0,0
7,rank7,53,kernel_total,1,29.987,29.987,24.216,54.202972412109375,0,0,0,0
7,rank7,53,send_total,1,24.885,24.885,28.244,53.128997802734375,0,0,0,0
7,rank7,53,tx_meta_scan,9,1.734,0.285,30.309,44.9539794921875,0,1,8,0
7,rank7,53,tx_ready_poll,9,0.015,0.003,29.767,44.6719970703125,0,9,0,0
7,rank7,53,self_copy,1,0.78,0.78,30.98,31.759979248046875,5632,0,0,0
7,rank7,53,udma_post,8,8.567,1.424,32.628,45.990997314453125,45056,8,1,0
7,rank7,53,udma_quiet,5,4.507,1.072,47.342,52.852996826171875,5,0,0,0
7,rank7,53,local_rx_wait,1,0.405,0.405,53.295,53.699981689453125,0,0,0,0
7,rank7,53,global_round_wait,1,3.828,3.828,24.309,28.136993408203125,0,0,0,0
7,rank7,53,start_gate,1,21.938,21.938,2.179,24.116973876953125,0,0,0,0
7,rank7,54,kernel_total,1,31.472,31.472,24.183,55.654998779296875,0,0,0,0
7,rank7,54,send_total,1,26.536,26.536,28.133,54.668975830078125,0,0,0,0
7,rank7,54,tx_meta_scan,9,1.617,0.284,30.207,45.808990478515625,0,2,7,0
7,rank7,54,tx_ready_poll,10,0.018,0.003,29.641,45.41998291015625,1,9,0,0
7,rank7,54,self_copy,2,2.209,1.325,39.08,45.18597412109375,11264,0,0,0
7,rank7,54,udma_post,7,8.438,1.722,30.631,47.175994873046875,39424,7,1,0
7,rank7,54,udma_quiet,5,4.075,1.216,49.359,54.381988525390625,5,0,0,0
7,rank7,54,local_rx_wait,1,0.421,0.421,54.814,55.2349853515625,0,0,0,0
7,rank7,54,global_round_wait,1,3.749,3.749,24.276,28.024993896484375,0,0,0,0
7,rank7,54,start_gate,1,22.931,22.931,1.15,24.08099365234375,0,0,0,0
7,rank7,55,kernel_total,1,32.566,32.566,24.587,57.152984619140625,0,0,0,0
7,rank7,55,send_total,1,28.02,28.02,28.184,56.2039794921875,0,0,0,0
7,rank7,55,tx_meta_scan,9,1.766,0.316,30.303,45.6409912109375,0,0,9,0
7,rank7,55,tx_ready_poll,10,0.018,0.003,29.735,45.25897216796875,1,9,0,0
7,rank7,55,udma_post,9,10.148,1.605,30.849,46.923980712890625,50688,9,1,0
7,rank7,55,udma_quiet,5,5.623,1.234,49.148,55.928985595703125,5,0,0,0
7,rank7,55,local_rx_wait,1,0.297,0.297,56.35,56.64697265625,0,0,0,0
7,rank7,55,global_round_wait,1,3.396,3.396,24.681,28.076995849609375,0,0,0,0
7,rank7,55,start_gate,1,23.705,23.705,0.784,24.488983154296875,0,0,0,0
7,rank7,56,kernel_total,1,30.817,30.817,24.332,55.14898681640625,0,0,0,0
7,rank7,56,send_total,1,26.367,26.367,27.929,54.295989990234375,0,0,0,0
7,rank7,56,tx_meta_scan,9,1.705,0.27,30.249,45.47998046875,0,1,8,0
7,rank7,56,tx_ready_poll,10,0.017,0.003,29.471,45.103973388671875,1,9,0,0
7,rank7,56,self_copy,1,1.113,1.113,42.15,43.26300048828125,5632,0,0,0
7,rank7,56,udma_post,8,8.721,1.646,30.644,46.61199951171875,45056,8,1,0
7,rank7,56,udma_quiet,4,4.471,1.347,48.829,54.048980712890625,4,0,0,0
7,rank7,56,local_rx_wait,1,0.254,0.254,54.428,54.681976318359375,0,0,0,0
7,rank7,56,global_round_wait,1,3.396,3.396,24.426,27.821990966796875,0,0,0,0
7,rank7,56,start_gate,1,22.798,22.798,1.436,24.233978271484375,0,0,0,0
7,rank7,57,kernel_total,1,28.042,28.042,24.131,52.1729736328125,0,0,0,0
7,rank7,57,send_total,1,22.947,22.947,28.308,51.254974365234375,0,0,0,0
7,rank7,57,tx_meta_scan,9,1.64,0.25,30.164,44.392974853515625,0,3,6,0
7,rank7,57,tx_ready_poll,9,0.015,0.003,29.861,44.13299560546875,0,9,0,0
7,rank7,57,self_copy,3,2.609,1.032,32.904,43.892974853515625,16896,0,0,0
7,rank7,57,udma_post,6,6.933,1.599,30.514,45.84698486328125,33792,6,1,0
7,rank7,57,udma_quiet,3,3.323,1.551,47.189,50.998992919921875,3,0,0,0
7,rank7,57,local_rx_wait,1,0.379,0.379,51.395,51.77398681640625,0,0,0,0
7,rank7,57,global_round_wait,1,3.976,3.976,24.224,28.199981689453125,0,0,0,0
7,rank7,57,start_gate,1,21.914,21.914,2.118,24.031982421875,0,0,0,0
7,rank7,58,kernel_total,1,24.911,24.911,25.782,50.6929931640625,0,0,0,0
7,rank7,58,send_total,1,21.811,21.811,27.897,49.707977294921875,0,0,0,0
7,rank7,58,tx_meta_scan,8,1.471,0.234,29.667,42.64398193359375,0,2,6,0
7,rank7,58,tx_ready_poll,8,0.013,0.003,29.428,42.385986328125,0,8,0,0
7,rank7,58,self_copy,2,1.792,0.897,38.03,42.11798095703125,11264,0,0,0
7,rank7,58,udma_post,6,6.419,1.557,30.014,43.563995361328125,33792,6,1,0
7,rank7,58,udma_quiet,4,3.674,1.192,44.997,49.45098876953125,4,0,0,0
7,rank7,58,local_rx_wait,1,0.386,0.386,49.837,50.222991943359375,0,0,0,0
7,rank7,58,global_round_wait,1,1.915,1.915,25.875,27.78997802734375,0,0,0,0
7,rank7,58,start_gate,1,24.3,24.3,1.38,25.67999267578125,0,0,0,0
7,rank7,59,kernel_total,1,28.603,28.603,24.865,53.467987060546875,0,0,0,0
7,rank7,59,send_total,1,24.678,24.678,27.996,52.673980712890625,0,0,0,0
7,rank7,59,tx_meta_scan,8,1.67,0.263,29.718,43.542999267578125,0,0,8,0
7,rank7,59,tx_ready_poll,8,0.015,0.003,29.533,43.214996337890625,0,8,0,0
7,rank7,59,udma_post,8,9.34,1.516,30.12,44.81097412109375,45056,8,1,0
7,rank7,59,udma_quiet,6,4.961,1.157,46.231,52.4229736328125,6,0,0,0
7,rank7,59,local_rx_wait,1,0.268,0.268,52.805,53.072998046875,0,0,0,0
7,rank7,59,global_round_wait,1,2.93,2.93,24.958,27.88800048828125,0,0,0,0
7,rank7,59,start_gate,1,21.955,21.955,2.808,24.76300048828125,0,0,0,0
7,rank7,60,kernel_total,1,28.899,28.899,24.419,53.3179931640625,0,0,0,0
7,rank7,60,send_total,1,23.921,23.921,28.451,52.371978759765625,0,0,0,0
7,rank7,60,tx_meta_scan,8,1.772,0.436,30.254,43.59698486328125,0,0,8,0
7,rank7,60,tx_ready_poll,8,0.015,0.003,30.0,43.2249755859375,0,8,0,0
7,rank7,60,udma_post,8,9.055,1.611,31.015,44.89398193359375,45056,8,1,0
7,rank7,60,udma_quiet,5,4.793,1.525,46.323,52.092987060546875,5,0,0,0
7,rank7,60,local_rx_wait,1,0.386,0.386,52.524,52.90997314453125,0,0,0,0
7,rank7,60,global_round_wait,1,3.832,3.832,24.512,28.343994140625,0,0,0,0
7,rank7,60,start_gate,1,23.032,23.032,1.284,24.31597900390625,0,0,0,0
7,rank7,61,kernel_total,1,29.499,29.499,24.461,53.959991455078125,0,0,0,0
7,rank7,61,send_total,1,25.008,25.008,28.059,53.066986083984375,0,0,0,0
7,rank7,61,tx_meta_scan,8,1.469,0.249,29.862,44.227996826171875,0,0,8,0
7,rank7,61,tx_ready_poll,8,0.016,0.003,29.615,43.944976806640625,0,8,0,0
7,rank7,61,udma_post,8,9.547,1.561,30.221,45.280975341796875,45056,8,1,0
7,rank7,61,udma_quiet,5,5.158,2.012,46.69,52.798980712890625,5,0,0,0
7,rank7,61,local_rx_wait,1,0.258,0.258,53.212,53.469970703125,0,0,0,0
7,rank7,61,global_round_wait,1,3.398,3.398,24.554,27.951995849609375,0,0,0,0
7,rank7,61,start_gate,1,23.242,23.242,1.125,24.366973876953125,0,0,0,0
7,rank7,62,kernel_total,1,27.521,27.521,25.019,52.53997802734375,0,0,0,0
7,rank7,62,send_total,1,23.561,23.561,28.254,51.814971923828125,0,0,0,0
7,rank7,62,tx_meta_scan,8,2.005,0.484,30.231,44.042999267578125,0,1,7,0
7,rank7,62,tx_ready_poll,8,0.015,0.003,29.812,43.75897216796875,0,8,0,0
7,rank7,62,self_copy,1,1.163,1.163,37.04,38.202972412109375,5632,0,0,0
7,rank7,62,udma_post,7,7.816,1.529,30.953,44.94097900390625,39424,7,1,0
7,rank7,62,udma_quiet,5,4.149,1.041,46.401,51.55499267578125,5,0,0,0
7,rank7,62,local_rx_wait,1,0.192,0.192,51.949,52.1409912109375,0,0,0,0
7,rank7,62,global_round_wait,1,3.033,3.033,25.113,28.14599609375,0,0,0,0
7,rank7,62,start_gate,1,23.702,23.702,1.218,24.91998291015625,0,0,0,0
7,rank7,63,kernel_total,1,27.809,27.809,24.56,52.368988037109375,0,0,0,0
7,rank7,63,send_total,1,23.149,23.149,28.368,51.516998291015625,0,0,0,0
7,rank7,63,tx_meta_scan,8,1.685,0.379,30.287,43.777984619140625,0,1,7,0
7,rank7,63,tx_ready_poll,8,0.016,0.003,29.921,43.52197265625,0,8,0,0
7,rank7,63,self_copy,1,0.741,0.741,33.463,34.2039794921875,5632,0,0,0
7,rank7,63,udma_post,7,7.786,1.64,30.876,44.72698974609375,39424,7,1,0
7,rank7,63,udma_quiet,4,4.381,1.695,46.135,51.256988525390625,4,0,0,0
7,rank7,63,local_rx_wait,1,0.314,0.314,51.655,51.968994140625,0,0,0,0
7,rank7,63,global_round_wait,1,3.603,3.603,24.654,28.256988525390625,0,0,0,0
7,rank7,63,start_gate,1,22.989,22.989,1.472,24.46099853515625,0,0,0,0
